customer_id,customer_name,email,country,signup_date,customer_segment,lifetime_value
1,Dr. Kendra Contreras,eric84.1@example.net,Micronesia,2020-05-29,Premium,5560.78
2,Brian Tran,sarah12.2@example.com,Faroe Islands,2024-04-12,Standard,1644.15
3,Deborah Freeman,cassandra53.3@example.net,United Kingdom,2022-01-28,Basic,274.02
4,Gavin Anderson,davisrodney.4@example.com,Estonia,2021-05-07,Basic,540.31
5,Ashley Landry,joycearnold.5@example.com,Portugal,2020-02-12,Standard,1892.35
6,Jessica Williams,amydavenport.6@example.net,Haiti,2025-12-08,Premium,10987.53
7,Heather Castro,nolanjason.7@example.org,Tunisia,2025-08-06,Basic,202.19
8,Cynthia Martin,vdickson.8@example.org,South Georgia and the South Sandwich Islands,2025-06-05,Basic,420.59
9,Rachel Jenkins,nicolejohnson.9@example.net,Paraguay,2020-05-21,Standard,1492.75
10,Andrew Ruiz,josephcobb.10@example.org,Cook Islands,2022-05-03,Standard,2583.54
11,Matthew Ross,ybailey.11@example.org,Fiji,2026-06-30,Premium,18098.07
12,Meghan Anthony,rasmussenjoshua.12@example.net,Greenland,2023-11-13,Standard,2325.9
13,Victoria Johnson,wilsontara.13@example.org,Nepal,2020-11-09,Basic,255.71
14,William Wilson,yreed.14@example.com,United Arab Emirates,2020-12-10,Standard,306.65
15,Renee Mcdaniel,jonathanfletcher.15@example.org,Wallis and Futuna,2021-10-04,Standard,2790.94
16,Lisa Alvarado,michaeljones.16@example.net,British Virgin Islands,2026-07-02,Standard,2977.63
17,Kristen Lee,william65.17@example.com,Papua New Guinea,2021-02-18,Basic,101.62
18,Jennifer Bass,lbyrd.18@example.net,Gabon,2026-01-13,Standard,2119.72
19,Jeremy Lowe,jason99.19@example.net,Malawi,2024-07-13,Basic,340.12
20,Bradley Robertson,yleon.20@example.net,North Macedonia,2026-03-01,Standard,615.86
21,Brittany Williams,clarence34.21@example.org,Lebanon,2025-07-10,Standard,2994.68
22,Michael Snyder,gibsonolivia.22@example.net,Ecuador,2022-03-22,Standard,2813.04
23,Colleen Brock,dianasmith.23@example.org,Qatar,2025-07-14,Standard,2951.3
24,Robert Contreras,pwilliams.24@example.org,Monaco,2021-02-17,Basic,115.12
25,Jessica Meadows,stephanie79.25@example.net,Kiribati,2021-12-11,Standard,1577.39
26,Sara Ramirez,juliawells.26@example.com,Slovakia (Slovak Republic),2021-06-01,Standard,2708.17
27,Dustin Nelson,rsims.27@example.com,Ghana,2020-11-21,Standard,2090.44
28,Daniel Perry,taylorjesse.28@example.net,Greenland,2020-08-07,Standard,1416.89
29,Randy Shah,nperry.29@example.com,Angola,2021-04-02,Standard,1646.74
30,Sarah Ashley,wwoods.30@example.com,Italy,2020-10-20,Basic,30.88
31,George Shelton,tracynelson.31@example.com,Iraq,2022-07-17,Standard,1912.25
32,Susan Vargas,,Panama,2020-06-23,Standard,2607.2
33,David Murphy,millerroy.33@example.com,Korea,2020-05-29,Standard,207.82
34,Bradley Smith,matthew64.34@example.com,Mauritius,2026-08-14,Premium,4879.36
35,Tyler Williams,cookemichael.35@example.net,Antarctica (the territory South of 60 deg S),2020-08-02,Standard,1650.37
36,John Wilson,jamessmith.36@example.org,Yemen,2020-06-29,Standard,1770.7
37,Lawrence Adkins,stevenscott.37@example.com,Brazil,2020-03-14,Standard,1161.39
38,Laura Odonnell,tamirodriguez.38@example.org,Honduras,2020-11-19,Basic,22.35
39,Sandra Sanchez,mdavid.39@example.org,Qatar,2023-07-13,Basic,594.88
40,Hannah Patterson,melissa91.40@example.net,Heard Island and McDonald Islands,2025-07-13,Basic,194.34
41,Ashley Yu,huntermatthew.41@example.com,North Macedonia,2024-11-29,Standard,2004.82
42,Tracie Nelson,bzimmerman.42@example.org,Sri Lanka,2023-11-17,Standard,1765.61
43,Samuel Rivas,umarshall.43@example.net,Benin,2020-07-26,Basic,344.67
44,Jamie Johnson,nicole37.44@example.net,Thailand,2025-03-06,Standard,1852.81
45,Spencer Haynes,hunter35.45@example.com,Falkland Islands (Malvinas),2020-03-31,Standard,2146.11
46,Katherine Chang,blackjames.46@example.org,Portugal,2024-03-20,Standard,1802.28
47,Anna Walker,fbrewer.47@example.com,Puerto Rico,2022-09-26,Basic,446.02
48,Hailey Barajas,kevinperkins.48@example.com,Mexico,2025-11-24,Premium,9849.4
49,Bryan Lee,michael74.49@example.com,British Indian Ocean Territory (Chagos Archipelago),2022-01-20,Standard,1404.1
50,Vanessa Warren,jamesrodgers.50@example.com,Finland,2024-04-08,Premium,10837.39
51,Adrian Ferguson,wallkenneth.51@example.com,Falkland Islands (Malvinas),2022-12-10,Standard,1465.82
52,Margaret Mullins,mccannangela.52@example.net,Bosnia and Herzegovina,2023-06-29,Standard,1429.27
53,Vincent King,andrewstaylor.53@example.com,Tokelau,2026-04-11,Standard,789.04
54,Kenneth Parks Jr.,ewilson.54@example.com,Sudan,2024-10-06,Standard,2229.55
55,Lisa Gibbs,christopher31.55@example.net,Czech Republic,2022-10-09,Basic,106.36
56,Wanda Torres,chayes.56@example.com,Niger,2022-12-28,Basic,726.97
57,Deborah Miller,lynchjody.57@example.org,Dominican Republic,2024-09-16,Standard,1949.57
58,Kirk Carter,andreamoore.58@example.com,Djibouti,2022-04-25,Basic,39.12
59,Dennis Moody,jasmine71.59@example.net,Namibia,2021-02-13,Standard,2045.2
60,Derek Thomas,ronaldstephens.60@example.net,Bahamas,2023-02-16,Basic,289.21
61,Jessica Harrison,lauralarson.61@example.net,Gabon,2020-06-15,Premium,18735.77
62,Bobby Williams MD,gbender.62@example.net,Gibraltar,2021-02-18,Standard,2821.01
63,Yvonne Chambers,anthony39.63@example.net,Ethiopia,2022-10-24,Standard,2568.6
64,Sydney White,hinesgregory.64@example.net,Myanmar,2025-04-29,Premium,12221.28
65,Jason Morris,fwalters.65@example.org,Bosnia and Herzegovina,2025-03-23,Standard,2773.7
66,Jennifer Hodges,marksteele.66@example.com,Argentina,2021-09-28,Premium,13696.55
67,Raymond Hancock,qmiller.67@example.com,Sweden,2022-10-27,Standard,2650.36
68,Joseph Dean,sandovalamy.68@example.com,Luxembourg,2021-01-09,Premium,4880.96
69,Tanya Kim,nwolf.69@example.com,Qatar,2025-01-18,Premium,18275.25
70,Michelle Collins,omartinez.70@example.net,American Samoa,2021-08-24,Basic,529.27
71,Maria Moore,hdavis.71@example.com,Venezuela,2025-05-06,Standard,1049.17
72,Mrs. Kristen Reyes,william46.72@example.com,Uruguay,2025-08-18,Basic,798.25
73,Richard Adams,michellehill.73@example.com,Afghanistan,2024-08-09,Standard,2123.28
74,Charles Ryan MD,jessica99.74@example.net,Micronesia,2022-03-17,Premium,18351.49
75,Mrs. Janet Chase,ugibson.75@example.org,Isle of Man,2026-05-16,Standard,215.64
76,Matthew Hoover,floresthomas.76@example.com,Canada,2024-08-02,Standard,1746.55
77,Evelyn Garcia,ihanna.77@example.net,Tanzania,2024-04-26,Premium,14825.59
78,Jennifer Pena,dgarcia.78@example.org,Cape Verde,2025-09-22,Basic,10.99
79,Jennifer Miller,harrisontanya.79@example.com,Greenland,2025-11-22,Standard,2335.17
80,Katherine Weaver,ofinley.80@example.net,Niger,2020-07-08,Basic,521.16
81,Nicole Hamilton MD,younggabrielle.81@example.com,North Macedonia,2025-11-22,Standard,969.33
82,Robert Carter,wallaceheather.82@example.org,Holy See (Vatican City State),2025-02-11,Standard,2129.05
83,Rebecca Jackson,hthomas.83@example.com,Belgium,2021-05-19,Standard,566.52
84,Briana Murray,pharvey.84@example.com,Equatorial Guinea,2022-01-21,Basic,659.23
85,Megan Moore,ascott.85@example.com,Kenya,2025-01-12,Standard,2625.43
86,Ryan Gonzalez,vanessa46.86@example.net,Hungary,2021-06-12,Premium,10738.58
87,Edward Lyons,yrodriguez.87@example.net,Angola,2023-01-09,Premium,11133.96
88,Valerie Lozano,khill.88@example.net,Samoa,2024-08-09,Standard,1325.75
89,Heather Fields,swall.89@example.org,Niger,2024-05-07,Basic,276.27
90,Ellen Alexander,erica21.90@example.net,Mozambique,2026-01-30,Basic,698.32
91,Casey Anderson,jessica14.91@example.com,Mauritius,2020-09-29,Basic,243.9
92,Terry Coffey,alyssa42.92@example.com,French Polynesia,2021-12-21,Basic,322.28
93,Courtney Rhodes,linda71.93@example.org,Peru,2026-08-02,Basic,239.93
94,Richard Smith,zcoffey.94@example.net,Mauritania,2023-10-21,Standard,2038.8
95,James Little,gibsonemily.95@example.net,Holy See (Vatican City State),2021-08-30,Standard,2479.81
96,Kristina Herman,leonardthomas.96@example.net,Cyprus,2021-12-08,Premium,4958.04
97,Jason Taylor,reidsteven.97@example.net,Yemen,2022-04-08,Standard,913.28
98,Joshua Price,torrestravis.98@example.org,Heard Island and McDonald Islands,2023-09-15,Standard,491.5
99,Mary Bass,umatthews.99@example.org,Nicaragua,2021-11-25,Standard,648.52
100,Claudia Wallace,rcrosby.100@example.org,Dominica,2024-02-27,Basic,325.51
101,James Lopez,cory58.101@example.net,British Virgin Islands,2022-12-23,Basic,620.7
102,Tricia Williams,ndavis.102@example.net,Grenada,2024-01-30,Standard,1716.53
103,Phillip Clark,vanessabuchanan.103@example.org,Cuba,2021-01-13,Basic,42.62
104,Scott Thomas,markhernandez.104@example.net,Bulgaria,2024-03-02,Standard,1950.24
105,Richard Young,lauren10.105@example.org,Gibraltar,2026-03-08,Premium,16315.48
106,Brian Brown,thompsonbrian.106@example.net,Kiribati,2020-11-25,Standard,1301.71
107,Luis Acosta,william17.107@example.net,United States of America,2022-03-10,Standard,886.04
108,Jessica Rodriguez,stephen00.108@example.com,Rwanda,2024-08-20,Standard,2339.03
109,Ana Hill,fjones.109@example.com,North Macedonia,2024-02-16,Standard,266.94
110,Larry Garcia,oscar98.110@example.com,Reunion,2024-07-05,Premium,16680.64
111,Cindy Hayes,farrelldebra.111@example.net,Denmark,2023-09-28,Standard,2451.93
112,Brandon Simmons,dmorgan.112@example.com,Papua New Guinea,2024-07-24,Basic,710.39
113,Bradley Reynolds,nicholas27.113@example.org,Samoa,2024-01-28,Premium,3610.64
114,Kristina Santiago,lisa80.114@example.net,Isle of Man,2020-06-29,Standard,501.72
115,Heather Lane,morgan60.115@example.com,Croatia,2025-01-08,Standard,2643.71
116,Justin Wilson,dianewalker.116@example.org,Fiji,2022-12-27,Standard,1530.74
117,Maria Johnson,lindsaybruce.117@example.net,Vanuatu,2020-05-05,Standard,1298.55
118,Christopher Thomas,anthony44.118@example.com,Palestinian Territory,2022-09-25,Premium,12319.28
119,Anna Moreno,vjones.119@example.net,Honduras,2022-11-28,Standard,364.03
120,Frederick Pugh,kchavez.120@example.com,Nepal,2020-07-30,Standard,2002.41
121,Brad Ramos,wareeric.121@example.net,Jamaica,2026-08-29,Standard,2846.23
122,Jose Reed,alawson.122@example.com,Bouvet Island (Bouvetoya),2021-06-27,Standard,2092.02
123,Amber Foster,erika97.123@example.net,Netherlands Antilles,2022-03-18,Standard,1500.7
124,Pamela Roberts,smithkevin.124@example.org,British Indian Ocean Territory (Chagos Archipelago),2022-12-12,Standard,2890.47
125,Michael Mason,jimenezryan.125@example.org,Syrian Arab Republic,2025-07-25,Standard,2127.85
126,Blake Edwards,charles06.126@example.org,Japan,2024-12-19,Standard,359.49
127,Alex Nguyen,amckinney.127@example.com,Spain,2025-02-25,Premium,14060.84
128,Brian Graham,xcollier.128@example.org,Iran,2021-08-01,Standard,367.15
129,Richard Jones,fosterkyle.129@example.com,North Macedonia,2025-08-26,Standard,1060.24
130,Tyler Brewer,schmidtjames.130@example.com,Cameroon,2025-07-19,Premium,13082.3
131,Paige Rios,curtisscott.131@example.org,Christmas Island,2023-02-06,Premium,5881.09
132,Thomas Cunningham,kmarshall.132@example.net,North Macedonia,2023-08-25,Standard,306.93
133,Jeremy Turner,michelle52.133@example.com,Falkland Islands (Malvinas),2020-03-31,Standard,1930.27
134,Anthony Decker,bellcharles.134@example.com,Belarus,2025-01-30,Basic,228.69
135,Tiffany Stevenson,gilbertwilliam.135@example.com,Armenia,2026-06-04,Basic,426.37
136,Larry Mason,kstout.136@example.net,Bahamas,2023-02-27,Basic,208.92
137,Matthew Williams,vgarcia.137@example.net,Russian Federation,2023-08-12,Standard,2122.0
138,Helen Hardin,hritter.138@example.net,Iceland,2023-05-04,Standard,2707.96
139,Mark Cook,rschroeder.139@example.net,Greenland,2020-07-20,Standard,442.38
140,Mary Escobar,grantpaul.140@example.com,Tunisia,2024-02-22,Standard,2401.69
141,Emily Douglas,mathewaguilar.141@example.org,Panama,2024-10-27,Standard,637.07
142,James Conner,tanderson.142@example.org,Suriname,2026-03-16,Standard,1122.35
143,Susan Davis DDS,elizabethcalderon.143@example.net,Malawi,2026-03-20,Premium,8432.58
144,Ralph Lee,andrew42.144@example.org,Burundi,2023-04-16,Standard,777.67
145,Kimberly Rodgers,chrisrichard.145@example.org,Malta,2026-05-30,Premium,3354.22
146,James Martin,stanleynancy.146@example.net,Switzerland,2023-07-14,Premium,15832.76
147,Cynthia Wallace,jenniferwilliams.147@example.com,Finland,2024-04-16,Basic,634.9
148,Rachel Mckee,pyoung.148@example.com,Congo,2024-01-10,Premium,19943.0
149,Paula Shaw,erika97.149@example.com,Italy,2026-09-04,Standard,2816.89
150,Amy Castillo,lisasolis.150@example.org,Holy See (Vatican City State),2024-12-06,Basic,347.71
151,Phillip Nelson,dawsonzachary.151@example.org,United Kingdom,2020-10-20,Standard,573.49
152,Stacey Arias,mariahdavis.152@example.org,Israel,2020-06-24,Standard,229.96
153,Jade Johnson DVM,sandersnathaniel.153@example.com,Taiwan,2022-09-27,Standard,1688.25
154,Kaitlyn Guerra,lacey20.154@example.com,Senegal,2023-06-13,Standard,2609.59
155,Daniel Hernandez,awest.155@example.org,Wallis and Futuna,2024-06-20,Standard,950.13
156,Anthony Barnes,srodriguez.156@example.org,South Africa,2023-03-22,Basic,159.15
157,Lynn Andrews,fbrown.157@example.net,Saint Barthelemy,2023-06-10,Basic,351.16
158,Jason Beck,kellysmith.158@example.com,Belize,2026-02-28,Basic,714.83
159,Katie Smith,carlos88.159@example.net,Tunisia,2022-03-28,Basic,361.34
160,Alan Kramer,ywilliams.160@example.com,Guatemala,2023-04-20,Standard,2223.6
161,Evelyn Williams,jessicafuller.161@example.net,Mayotte,2023-09-23,Basic,370.02
162,Clarence Taylor,lisa27.162@example.net,Saint Barthelemy,2023-02-17,Standard,1244.28
163,Stacey Stewart,mjohnson.163@example.org,Georgia,2026-06-22,Standard,1434.55
164,Paul Lee,ihays.164@example.com,Guinea-Bissau,2026-06-07,Basic,614.72
165,Jessica Ross,glennmartin.165@example.org,Kazakhstan,2023-06-07,Basic,603.52
166,Holly Salinas,lmorgan.166@example.com,Ethiopia,2023-01-05,Basic,345.41
167,Catherine Carter MD,acostachristian.167@example.net,Greece,2023-12-09,Standard,949.33
168,Heather Williams,kirk96.168@example.org,Trinidad and Tobago,2021-03-17,Standard,589.56
169,Theresa Jones,christina64.169@example.net,Northern Mariana Islands,2022-11-06,Standard,203.84
170,Tiffany Thomas,zcox.170@example.net,New Caledonia,2021-06-13,Standard,517.12
171,Holly Reyes,ejohnson.171@example.org,Montenegro,2020-12-17,Basic,131.72
172,Phillip Berry,,Marshall Islands,2020-08-20,Basic,551.95
173,Cody Holmes,raymond43.173@example.org,United States Minor Outlying Islands,2023-12-04,Standard,2490.16
174,Logan Benson,greenjorge.174@example.com,Liechtenstein,2020-01-02,Standard,2263.45
175,Micheal Osborn,davidfarrell.175@example.com,Sudan,2024-04-26,Standard,2225.05
176,Elijah Moore,elizabeth18.176@example.net,Russian Federation,2022-11-20,Premium,19897.77
177,Dr. Cynthia Snyder,laurahicks.177@example.org,Guyana,2022-06-13,Standard,2895.27
178,Ana Sanders,tanner82.178@example.net,Saint Barthelemy,2025-02-21,Basic,215.08
179,Angela Compton,xfox.179@example.com,Norway,2023-08-08,Standard,606.28
180,Ronald Arnold,coleerin.180@example.com,Namibia,2024-11-26,Basic,122.64
181,Amy Martinez,katrinaanderson.181@example.net,Cape Verde,2024-09-28,Standard,2707.7
182,Kelly Campbell,fred53.182@example.com,Belgium,2020-03-19,Basic,81.88
183,Lisa Davis,james84.183@example.org,Norway,2021-06-10,Standard,1152.4
184,Michelle Jacobs,brittanycarpenter.184@example.org,Tajikistan,2023-10-23,Standard,1684.97
185,Patricia Baker,bryananthony.185@example.org,Cote d'Ivoire,2026-07-10,Standard,1917.66
186,Kimberly May,bmontgomery.186@example.com,Gabon,2021-01-11,Basic,476.59
187,Jesse Barker,zsanchez.187@example.net,Cayman Islands,2020-09-14,Basic,629.13
188,Charles Hensley,dperry.188@example.org,Ghana,2026-04-17,Standard,1800.74
189,Emma Owens,theresa25.189@example.net,Ethiopia,2026-06-18,Premium,17318.84
190,James Gilbert,gwright.190@example.org,Egypt,2021-02-12,Standard,436.96
191,Phillip Jimenez,lisapeck.191@example.net,Malaysia,2022-09-07,Basic,687.17
192,Tony Wagner,tjimenez.192@example.com,Dominican Republic,2024-03-10,Standard,1852.01
193,Stephen Pena MD,brandywilliams.193@example.com,Mauritania,2021-04-21,Standard,824.21
194,Pamela Diaz,booneryan.194@example.com,Iran,2022-03-07,Standard,2937.68
195,James Cole,hudsonjames.195@example.net,Mexico,2022-08-23,Standard,2831.26
196,Brent Brooks,marcia99.196@example.org,Guadeloupe,2024-04-15,Basic,676.58
197,Andrew Williams,kari39.197@example.net,Rwanda,2022-01-22,Basic,729.28
198,Kaylee Murphy,linda87.198@example.org,New Zealand,2022-10-03,Basic,305.71
199,Ronald Patel,francisco94.199@example.net,Russian Federation,2021-12-08,Basic,182.24
200,Veronica Silva,thomas05.200@example.com,South Africa,2025-01-29,Basic,146.32
201,Paula Lane,carlsonjoseph.201@example.net,Saint Helena,2021-01-08,Standard,2646.53
202,Patricia James,silvageorge.202@example.net,Swaziland,2021-07-17,Basic,661.31
203,Jeremy Barnes,anthonyvaughan.203@example.org,Isle of Man,2021-09-02,Premium,19656.89
204,Nancy Brown,roberthampton.204@example.com,Burundi,2026-01-20,Standard,2575.11
205,Emily Thompson,annbolton.205@example.com,United States Minor Outlying Islands,2026-04-25,Basic,505.89
206,David Grant,amy49.206@example.com,Czech Republic,2023-05-06,Standard,598.39
207,Justin Michael,kellie37.207@example.com,Saint Helena,2021-01-16,Standard,661.57
208,Jennifer Reed,,Sierra Leone,2025-01-20,Standard,1526.36
209,Thomas Douglas,kellyroberts.209@example.net,San Marino,2023-04-16,Standard,2349.83
210,Melissa Taylor,ilewis.210@example.com,Nicaragua,2025-09-06,Basic,138.62
211,David Garcia,johnsantiago.211@example.net,Greenland,2022-05-29,Standard,2763.45
212,Joshua Hickman,xgarcia.212@example.org,Ireland,2026-09-05,Premium,14308.23
213,Matthew Velez,mwoods.213@example.com,Benin,2025-05-24,Standard,1074.47
214,Carrie Khan,amandasharp.214@example.org,Christmas Island,2021-06-30,Standard,2680.13
215,Paul Brennan,osbornrandy.215@example.com,French Guiana,2024-11-06,Premium,12775.35
216,Frances Gibson,smithashley.216@example.org,Norway,2021-12-01,Standard,2252.84
217,Corey Rodriguez,ismall.217@example.net,Central African Republic,2022-05-04,Standard,1279.24
218,George Phillips,twong.218@example.org,Peru,2021-09-03,Premium,9083.91
219,Kaylee Miller,gregorychase.219@example.com,Paraguay,2024-07-23,Standard,235.33
220,Adriana Reyes,lopezdonald.220@example.com,Kiribati,2021-10-03,Standard,1706.13
221,Deborah Ward,stephanie49.221@example.net,Dominica,2024-04-08,Basic,608.64
222,Jonathan Jacobson,contrerassteven.222@example.org,Romania,2023-11-23,Standard,2912.71
223,Tyler Mendoza,hannah45.223@example.net,Korea,2025-01-07,Standard,2698.24
224,Samantha Gill,robert87.224@example.net,Pitcairn Islands,2026-08-23,Basic,69.59
225,Justin Brown,foxallison.225@example.com,Mexico,2020-01-22,Standard,2945.46
226,Jessica Frazier,ashleyhernandez.226@example.com,Saint Barthelemy,2026-08-15,Premium,4690.65
227,Jody Palmer,gdavis.227@example.com,Korea,2020-09-24,Basic,32.89
228,Jennifer Velasquez,hansenemily.228@example.com,Samoa,2023-07-10,Premium,15480.74
229,Kimberly Brown,bethwilliams.229@example.com,Uganda,2022-04-12,Basic,724.71
230,Randy Cannon,andersenthomas.230@example.com,Saint Lucia,2024-04-09,Basic,759.83
231,Susan Bennett,ybrooks.231@example.com,Pitcairn Islands,2024-10-28,Basic,659.98
232,Jenna Anderson DVM,desireebailey.232@example.org,Syrian Arab Republic,2025-10-01,Basic,163.92
233,Kimberly Patel,avilatiffany.233@example.com,Swaziland,2022-09-08,Standard,631.21
234,Shaun Cannon,johnreed.234@example.com,Antigua and Barbuda,2026-03-28,Basic,47.17
235,Brian Johnson,bmendez.235@example.org,Netherlands Antilles,2022-02-26,Standard,1829.51
236,Daniel Shields,sanchezbradley.236@example.com,Azerbaijan,2021-05-12,Standard,1564.22
237,Laura Barton,williamroberts.237@example.net,Svalbard & Jan Mayen Islands,2022-07-14,Standard,505.99
238,Donald Hawkins,joel28.238@example.org,Nauru,2023-07-14,Premium,10366.89
239,Gregory Schneider,conniesimmons.239@example.com,Hong Kong,2024-06-19,Premium,12211.82
240,Paul Wells,heather62.240@example.com,Thailand,2025-07-26,Premium,15013.18
241,Kristina Faulkner,kevinzimmerman.241@example.com,Moldova,2021-07-03,Premium,9455.56
242,Tammy Boone,paulscott.242@example.com,Bermuda,2022-01-10,Standard,1091.39
243,Shelly Lopez,brettbennett.243@example.net,Senegal,2026-04-11,Basic,532.54
244,Terry Lewis,timothybooth.244@example.com,Comoros,2022-12-10,Standard,2115.83
245,Michele Sanders,burgesskaren.245@example.org,Dominican Republic,2021-08-12,Basic,216.34
246,Elizabeth Ward,kimberly67.246@example.net,Turkmenistan,2026-08-03,Basic,15.86
247,Ryan Rocha,zowens.247@example.net,Heard Island and McDonald Islands,2023-01-01,Basic,756.55
248,Dean Donovan,robert93.248@example.net,Mozambique,2026-08-02,Standard,2314.8
249,Kelly Sanchez,mphillips.249@example.com,Mexico,2026-02-22,Basic,160.88
250,Robert Jackson,jonathan77.250@example.com,Saint Helena,2026-01-21,Basic,452.53
251,Kelly Combs,iwhite.251@example.net,Belarus,2023-11-21,Basic,475.96
252,Michael Smith,duranrobert.252@example.net,Madagascar,2025-05-03,Basic,100.79
253,Lisa Webb,nbrooks.253@example.net,Libyan Arab Jamahiriya,2026-06-03,Standard,736.64
254,Nathan Nichols,smithandrea.254@example.org,France,2021-10-19,Standard,2878.78
255,Susan Rodriguez,shawheidi.255@example.com,Bhutan,2020-04-02,Basic,406.41
256,Debra Sanders,johnharvey.256@example.com,Holy See (Vatican City State),2022-02-22,Standard,736.04
257,Michael Abbott,pstevens.257@example.net,Palau,2024-04-04,Basic,638.06
258,Mark Warner,davisnicholas.258@example.net,Belize,2023-08-29,Premium,10470.32
259,Shannon Davis,pbruce.259@example.com,Marshall Islands,2020-07-15,Premium,13491.42
260,Karen Williams,hallrachel.260@example.net,Belarus,2023-10-01,Standard,1033.0
261,Emily Ali,rachel90.261@example.org,Namibia,2021-03-01,Premium,3042.27
262,Elizabeth Elliott,karenmarquez.262@example.com,Montenegro,2023-05-19,Basic,131.96
263,Patrick Gibbs,irhodes.263@example.com,Portugal,2023-11-06,Premium,19514.66
264,David Jones,masonterri.264@example.org,Netherlands,2024-04-03,Basic,498.87
265,Rachel Hayes,unovak.265@example.org,Denmark,2022-10-04,Standard,2527.04
266,Mary Miller,angela66.266@example.org,Niger,2022-09-24,Basic,17.22
267,Michael Walters,lauren11.267@example.com,Saint Vincent and the Grenadines,2024-07-15,Standard,2343.3
268,Eric Ward,gstewart.268@example.org,Faroe Islands,2025-01-03,Premium,10729.14
269,Kayla Garcia,andersonjacob.269@example.com,Benin,2025-05-26,Premium,13975.54
270,Alexandria Gutierrez,angela99.270@example.com,Slovakia (Slovak Republic),2022-03-25,Standard,1202.97
271,Carolyn James,hardyanita.271@example.org,Burundi,2022-11-01,Basic,496.7
272,Donald Evans,kevin72.272@example.org,Slovenia,2022-03-18,Basic,28.5
273,Linda Gonzalez,wardsheryl.273@example.net,Botswana,2023-07-12,Standard,327.65
274,Jamie Atkins,kevinrush.274@example.com,Kazakhstan,2020-11-06,Standard,2436.74
275,Travis Harris,ryan92.275@example.com,Germany,2022-11-16,Premium,4240.37
276,Mackenzie Faulkner,tamaranovak.276@example.com,Slovenia,2021-04-05,Standard,239.16
277,Timothy Gonzalez,markramirez.277@example.com,Mayotte,2023-07-24,Standard,2754.88
278,Michael Gonzales,erinpierce.278@example.net,French Guiana,2025-09-07,Standard,943.49
279,Brenda Turner,fuenteslaura.279@example.com,El Salvador,2026-08-03,Standard,1830.67
280,Kyle Aguilar,jennifermccormick.280@example.org,Martinique,2022-12-25,Basic,671.13
281,Robin Wheeler,ystephens.281@example.com,United States Virgin Islands,2020-05-17,Premium,15426.33
282,Matthew Williams,rodriguezjohn.282@example.net,Oman,2021-07-10,Standard,330.56
283,Brett Walker,vrasmussen.283@example.com,San Marino,2020-09-12,Standard,1770.66
284,Kathryn Cooper,seanmyers.284@example.net,Anguilla,2025-01-28,Premium,11752.36
285,Todd Thomas,agarcia.285@example.org,Georgia,2026-08-01,Premium,8301.44
286,Brent Bowen,stanley38.286@example.com,Korea,2023-09-14,Standard,2309.98
287,Maria Byrd,carlos01.287@example.org,Chad,2021-03-07,Premium,19352.1
288,Tina Hall,zacharyarnold.288@example.com,Iraq,2020-02-21,Basic,117.75
289,Lucas Gonzalez,jacobsandoval.289@example.com,Nauru,2026-07-11,Basic,116.18
290,Paul Stokes,tprice.290@example.org,Bahrain,2022-02-11,Basic,587.79
291,Jim Baker,lloydamanda.291@example.com,Tokelau,2020-09-30,Standard,1472.37
292,Lisa Matthews,orose.292@example.com,Guernsey,2021-03-08,Premium,16313.94
293,Elizabeth Mendez,megan92.293@example.net,Belize,2021-09-15,Premium,4539.4
294,Michael Dixon,,Italy,2024-05-20,Standard,311.6
295,Melissa Brewer,baileyhenderson.295@example.com,China,2025-12-17,Basic,558.35
296,Lisa Glenn,tracytaylor.296@example.com,Zambia,2021-11-02,Basic,795.77
297,Kathy Simpson,washingtonjames.297@example.com,Poland,2024-08-05,Standard,465.43
298,Keith Flynn,cperry.298@example.com,Cyprus,2020-06-07,Standard,2620.15
299,Jim Newton,antonio38.299@example.com,Seychelles,2020-01-25,Standard,1278.81
300,Reginald Morrow,hdunn.300@example.net,Haiti,2020-05-14,Standard,247.01
301,Ashley Greer PhD,wolfscott.301@example.org,French Southern Territories,2026-03-04,Basic,408.02
302,Xavier Rowe,colemichael.302@example.org,Dominica,2023-11-21,Standard,980.79
303,Lisa Patterson,lisamatthews.303@example.com,Nicaragua,2025-05-20,Standard,2141.53
304,Kim Carlson,kristenli.304@example.org,Chile,2020-02-23,Standard,1005.93
305,Scott Duke,tiffany44.305@example.net,Philippines,2020-02-24,Premium,10670.6
306,Wendy Camacho,taylorkaren.306@example.com,Brunei Darussalam,2025-09-03,Standard,761.58
307,Megan Burns,johndawson.307@example.org,Morocco,2020-09-07,Basic,662.48
308,Sheryl Davis,courtney67.308@example.org,Malaysia,2021-01-14,Premium,18657.77
309,Aaron Schroeder,heather57.309@example.com,Saint Martin,2023-06-21,Standard,1329.34
310,Sarah Flynn,simonstephen.310@example.net,Indonesia,2024-01-21,Standard,1456.86
311,Ronald Morgan,tammysummers.311@example.com,Morocco,2021-07-12,Premium,19688.31
312,Pamela Williams,ashleewashington.312@example.com,Niue,2022-12-21,Premium,4558.08
313,William Patterson,ksmith.313@example.com,Portugal,2024-07-06,Standard,2464.13
314,Isaac Miller,nicoleturner.314@example.com,Papua New Guinea,2022-12-17,Premium,12211.01
315,Cynthia Rios,brettgarrett.315@example.net,Romania,2022-07-23,Standard,2666.06
316,Kelly Wallace,smiththomas.316@example.org,Algeria,2020-06-24,Basic,233.94
317,James Cross,lisa62.317@example.com,Bosnia and Herzegovina,2023-01-08,Basic,236.93
318,Robert Baxter,edwardsnicole.318@example.org,Norway,2025-05-14,Basic,260.66
319,Jessica Bowen,caseyelliott.319@example.net,Niue,2024-03-10,Standard,246.57
320,Angelica Garcia,samanthajensen.320@example.com,Sao Tome and Principe,2025-12-20,Basic,135.91
321,Charles Hill,lawrencepatrick.321@example.com,Belize,2020-11-04,Standard,2984.84
322,Todd Johnson,angelagreene.322@example.net,Tanzania,2020-01-27,Standard,897.06
323,Elizabeth Brown,jamie98.323@example.org,Ukraine,2023-08-31,Standard,255.77
324,Andrea Oneal,troyrodriguez.324@example.com,American Samoa,2021-03-12,Standard,979.91
325,Joshua Thompson,sarah26.325@example.net,Latvia,2023-12-21,Basic,326.71
326,Thomas Fry,smithcarlos.326@example.com,Indonesia,2026-01-16,Standard,1733.8
327,Angela Herrera,courtney86.327@example.com,Nicaragua,2022-04-03,Standard,391.98
328,Valerie Moore,joshuacollins.328@example.net,Greece,2023-09-03,Basic,632.34
329,Andrea Hale,wwillis.329@example.net,Saint Lucia,2024-07-22,Premium,16859.02
330,Logan Brown,brianmiller.330@example.com,Papua New Guinea,2021-01-01,Basic,170.53
331,Jon Reed,davidzimmerman.331@example.net,Maldives,2025-12-31,Basic,638.73
332,Patricia Johnson,gary24.332@example.net,Sri Lanka,2021-05-10,Basic,289.14
333,Laura Jones,enelson.333@example.com,Korea,2025-05-27,Basic,338.49
334,Raymond Shannon,brian92.334@example.com,Peru,2024-05-30,Standard,2821.89
335,Alexandria Williams,perezwilliam.335@example.org,Haiti,2020-12-10,Standard,2697.33
336,Suzanne Yang,lmora.336@example.org,Italy,2024-11-05,Basic,300.09
337,Roger Duncan,marcbutler.337@example.net,British Indian Ocean Territory (Chagos Archipelago),2021-04-24,Basic,390.49
338,Andrea Marshall,whitelinda.338@example.org,Finland,2024-01-03,Standard,1002.27
339,Eddie Mueller,mark87.339@example.org,Saint Vincent and the Grenadines,2026-06-01,Premium,11277.82
340,Dr. Morgan Payne PhD,stevenvargas.340@example.com,Canada,2026-05-16,Standard,2109.34
341,Ryan Wiley,randolphandrew.341@example.net,Zambia,2025-10-28,Standard,459.47
342,William Barnes,aaron64.342@example.org,Bahamas,2023-04-21,Standard,2775.56
343,Kelly Haynes,jenniferdavis.343@example.org,Holy See (Vatican City State),2023-09-28,Basic,575.1
344,Casey Wilkins,fvillegas.344@example.net,Belarus,2022-01-03,Basic,77.4
345,Samuel Howe,grahamtamara.345@example.org,India,2026-02-26,Standard,2633.17
346,Brandy Carrillo,louis43.346@example.org,Botswana,2023-03-11,Standard,2282.31
347,Joshua Oconnell,danielcole.347@example.com,Cote d'Ivoire,2025-02-27,Standard,1076.76
348,Robert Torres,qparker.348@example.org,Romania,2022-05-28,Standard,1660.01
349,David Kelly,lewismelissa.349@example.org,Malaysia,2024-12-13,Standard,2608.37
350,Jared Chavez,byrdjorge.350@example.org,San Marino,2021-07-02,Premium,19426.26
351,Antonio Norman,codygarcia.351@example.org,Cyprus,2024-11-26,Standard,987.02
352,Maria Aguilar,jamesmorales.352@example.net,Eritrea,2020-04-22,Standard,2021.56
353,Carl Stein,johnsoncaleb.353@example.net,Switzerland,2020-09-12,Standard,2608.69
354,Jessica Ramsey,david70.354@example.org,Luxembourg,2022-05-10,Premium,19787.0
355,Cody Ramirez,reyesronald.355@example.com,Turks and Caicos Islands,2023-03-23,Standard,398.01
356,Kathleen Andrade,austinharvey.356@example.org,Lesotho,2024-10-03,Premium,11065.2
357,Stephen Fox,millerpatrick.357@example.com,Norfolk Island,2022-05-26,Standard,2646.26
358,Richard Cooper,mayokimberly.358@example.com,Mongolia,2020-02-15,Standard,208.84
359,Alyssa Cochran,paul20.359@example.com,Fiji,2022-03-05,Standard,1424.26
360,Yvonne Dickson,stokesthomas.360@example.com,Bolivia,2022-12-08,Premium,12515.58
361,Zachary Robinson,dianeadams.361@example.net,Tanzania,2023-08-20,Basic,421.19
362,Evan Rojas,lkelly.362@example.org,Guinea-Bissau,2024-04-21,Standard,2251.76
363,Kristine Lopez,warnermichael.363@example.net,Sudan,2021-08-27,Standard,383.46
364,Anthony Guzman,lweaver.364@example.com,Angola,2024-01-30,Standard,2399.17
365,Gina Thompson,nsmith.365@example.org,Spain,2024-03-22,Basic,226.54
366,Patricia Mathis,brian29.366@example.net,Tokelau,2025-03-11,Basic,659.38
367,Eric Taylor,susan56.367@example.net,Cayman Islands,2023-06-28,Standard,1374.57
368,Michael Hoffman,fconner.368@example.net,Tuvalu,2025-06-02,Standard,320.17
369,Michael Anderson,jeffrey92.369@example.com,Saint Lucia,2021-06-25,Standard,2898.96
370,Patricia Bradley,rushstacy.370@example.com,Cocos (Keeling) Islands,2024-10-03,Standard,2385.54
371,Taylor Taylor,samantha93.371@example.net,Samoa,2020-04-21,Standard,1173.88
372,Tracey Underwood,youngtoni.372@example.org,Paraguay,2020-09-08,Premium,6860.49
373,Hayley Buchanan,sean43.373@example.org,Saint Helena,2025-10-12,Basic,471.17
374,Stacey Snyder,williamssamuel.374@example.com,Honduras,2023-03-06,Basic,789.84
375,Melissa Martin,amy17.375@example.net,Barbados,2024-02-25,Standard,1012.47
376,Christopher Bennett,phillipslucas.376@example.org,Saint Martin,2024-01-13,Basic,758.62
377,William Barry,paynerachael.377@example.org,Romania,2024-08-23,Standard,1125.08
378,Brooke Garcia,reynoldsdesiree.378@example.net,Costa Rica,2021-08-22,Standard,2171.47
379,Mary Evans,robertspencer.379@example.net,Bhutan,2021-03-11,Basic,305.39
380,Isaac Patterson,longandrea.380@example.com,French Polynesia,2020-04-13,Standard,438.15
381,Edgar Miller,bgonzalez.381@example.org,Tanzania,2025-10-12,Standard,2821.33
382,Deborah May,parkerraymond.382@example.com,Iceland,2021-06-30,Standard,659.0
383,Dennis Marshall,nathanjames.383@example.org,Czech Republic,2023-11-05,Premium,19004.45
384,Rhonda Gutierrez,,Saudi Arabia,2023-01-15,Standard,489.26
385,Joseph Camacho,angelarandall.385@example.net,Lebanon,2021-01-31,Standard,947.45
386,Kenneth Black,thomasmiller.386@example.net,Montserrat,2022-10-07,Standard,2778.59
387,Carol Lewis,davidtodd.387@example.org,Congo,2020-07-22,Premium,13853.74
388,Zachary Burton,bradmiller.388@example.net,Syrian Arab Republic,2021-03-07,Standard,730.55
389,Kristen Gates,luis11.389@example.com,Mali,2020-12-07,Basic,473.67
390,Kelly Barnes,astark.390@example.net,Israel,2025-07-06,Premium,5247.04
391,Kristine Garcia,eddiematthews.391@example.org,France,2023-10-17,Standard,2648.44
392,Mr. Andrew Hill,natalie46.392@example.net,Cambodia,2026-03-10,Basic,39.86
393,Patrick Mccall,vwilliams.393@example.net,Ukraine,2022-11-30,Basic,423.82
394,Shannon Cohen,andrew44.394@example.com,Trinidad and Tobago,2021-05-06,Premium,3142.51
395,Erica Daniel,dennismccann.395@example.com,Netherlands,2024-01-26,Basic,556.02
396,Olivia Camacho,lopezjason.396@example.com,Swaziland,2026-03-20,Basic,748.64
397,Jennifer Deleon,robertsonerik.397@example.com,Malta,2023-07-24,Standard,2526.99
398,Danielle Bryant,thompsonnancy.398@example.org,Uruguay,2020-02-13,Basic,297.38
399,Madison Martinez,janet45.399@example.com,Antarctica (the territory South of 60 deg S),2022-01-11,Basic,189.52
400,Karen Arnold,nathanwheeler.400@example.org,Guatemala,2026-03-08,Standard,538.88
401,Alexander Williams,marygreen.401@example.net,Timor-Leste,2023-06-19,Standard,2646.15
402,Matthew Palmer,mercedesholland.402@example.net,Tonga,2026-05-13,Basic,64.89
403,Alejandra King,wellsdavid.403@example.org,Sri Lanka,2023-05-28,Basic,503.06
404,Judy Robinson,jennifer46.404@example.com,Gabon,2020-01-30,Standard,1228.35
405,Dr. Sara Hoffman DDS,asilva.405@example.net,Finland,2025-11-01,Basic,796.62
406,Margaret Hensley MD,gabrielle71.406@example.com,Rwanda,2025-02-06,Basic,407.06
407,Rebekah Greene,jacob83.407@example.org,Panama,2024-10-12,Basic,439.03
408,Jason Price,erin07.408@example.com,Argentina,2026-06-27,Basic,734.31
409,Rachel Knox,matthewreeves.409@example.net,Paraguay,2021-04-24,Premium,19453.46
410,John Figueroa,william28.410@example.org,Saint Kitts and Nevis,2026-01-21,Premium,12505.46
411,Henry Garner,staceylam.411@example.net,Gambia,2021-07-22,Standard,2429.31
412,Edward York,vfrench.412@example.com,Latvia,2026-06-28,Standard,1977.35
413,Steve Mason,delacruzbrandy.413@example.net,Trinidad and Tobago,2021-04-12,Standard,1396.72
414,Brittany Gay,amoreno.414@example.org,Guam,2023-09-05,Basic,45.85
415,Mike Maxwell,dbenitez.415@example.org,Libyan Arab Jamahiriya,2025-04-11,Basic,574.2
416,Jesse Clark,crystal25.416@example.net,Singapore,2020-07-09,Standard,2160.74
417,Jeffrey Jordan,barbaramoore.417@example.org,Japan,2020-06-11,Basic,93.36
418,Jake Smith,creyes.418@example.net,Gibraltar,2025-09-06,Premium,6141.24
419,Michael Cooper,andrewsmith.419@example.net,Bulgaria,2020-05-27,Standard,2249.96
420,Angel Fry,reyesbrianna.420@example.org,Korea,2024-02-07,Premium,4694.82
421,Colin Vaughan,ryan25.421@example.com,Uruguay,2026-04-10,Standard,2134.62
422,Mrs. Alison Wagner,osmith.422@example.net,British Virgin Islands,2024-02-10,Standard,2210.34
423,Joseph Williams,jennifer06.423@example.net,Australia,2023-03-20,Basic,282.68
424,Jeremy Martinez,valdezandrew.424@example.net,El Salvador,2022-10-15,Standard,922.91
425,Alexandra Fisher,nmiles.425@example.net,Bolivia,2024-04-07,Standard,1244.51
426,Lisa Campbell,cindy26.426@example.org,Slovenia,2023-10-28,Premium,8465.54
427,Valerie Howard,jimenezchelsea.427@example.com,Ireland,2023-05-10,Premium,12926.36
428,Karen Young,ethan87.428@example.org,American Samoa,2021-01-10,Basic,595.08
429,Travis Chan Jr.,meadowsmary.429@example.net,Saint Kitts and Nevis,2024-06-06,Basic,689.4
430,Elizabeth Marshall MD,conwaydawn.430@example.com,China,2024-12-11,Standard,283.98
431,Parker Davis,phelpsmichael.431@example.net,Senegal,2024-09-27,Standard,2234.34
432,Hunter Kim,smithdevon.432@example.net,Nigeria,2020-07-02,Standard,1079.72
433,James Rivers,natalie15.433@example.com,Faroe Islands,2024-09-12,Standard,2548.2
434,Rebecca Wilson,evaughn.434@example.com,Qatar,2024-11-17,Standard,412.01
435,Kevin Pham,jarvismegan.435@example.org,Philippines,2021-03-23,Premium,11921.14
436,Shari Hobbs,ywhite.436@example.com,Saint Lucia,2025-09-04,Standard,1736.29
437,Arthur Pena,timothyfreeman.437@example.com,American Samoa,2023-07-03,Standard,1114.23
438,Melissa Montgomery,tiffanysantiago.438@example.com,Jersey,2023-02-27,Standard,2916.86
439,Ryan Grant,timothyalvarado.439@example.net,New Zealand,2024-10-30,Premium,3924.62
440,Sarah Booth,smithsarah.440@example.net,Belarus,2023-05-30,Standard,581.91
441,Daniel Schneider,vflores.441@example.com,Iraq,2023-08-23,Standard,2003.93
442,Scott West,christianwallace.442@example.net,British Indian Ocean Territory (Chagos Archipelago),2022-02-01,Standard,1640.04
443,Andrew Dunn,bmcgee.443@example.org,Sweden,2026-03-15,Standard,940.51
444,Jordan Clark,connersylvia.444@example.net,Paraguay,2026-06-25,Standard,1051.96
445,Sarah Rivera,xclements.445@example.org,Seychelles,2020-11-14,Basic,125.62
446,Brent Hopkins,xmoran.446@example.net,Afghanistan,2024-11-25,Basic,694.21
447,Brian Prince,michael48.447@example.net,Lithuania,2020-02-26,Premium,12251.34
448,Levi Lopez,lydianewton.448@example.com,Venezuela,2022-06-20,Basic,195.87
449,Ashley Perry,ylewis.449@example.org,Vanuatu,2026-06-26,Basic,314.74
450,Kathy Maynard,bartonshannon.450@example.net,Albania,2021-03-02,Standard,2738.72
451,Mr. Thomas Thompson,tranryan.451@example.net,Mozambique,2022-07-09,Standard,2683.16
452,Lisa Morris,jessicaanderson.452@example.com,Turkmenistan,2021-06-20,Standard,393.5
453,Denise Stuart,mbarnes.453@example.net,French Polynesia,2024-11-13,Premium,13773.8
454,Stacey Hunt,iballard.454@example.com,Tajikistan,2023-02-06,Basic,122.38
455,Miguel Parks,jennifer83.455@example.org,Uruguay,2023-12-19,Standard,790.47
456,Melissa Morris,tinasantos.456@example.org,Brazil,2026-04-20,Standard,2619.78
457,Megan English,anna99.457@example.net,Martinique,2023-06-26,Standard,2706.53
458,James Brown,natalie60.458@example.net,Azerbaijan,2024-11-27,Premium,3488.45
459,Brianna Brown,josephfloyd.459@example.com,Slovenia,2020-08-27,Premium,17730.62
460,Ashley Parrish,james80.460@example.com,Saint Vincent and the Grenadines,2021-06-09,Standard,2239.78
461,Rebecca Horton,juliahoffman.461@example.org,Puerto Rico,2026-05-01,Standard,2371.99
462,Juan Smith,housepaul.462@example.net,El Salvador,2025-09-30,Basic,633.45
463,Susan Bush,christinenorman.463@example.com,Oman,2024-05-22,Standard,1620.25
464,Tracey Phillips,kari89.464@example.org,Christmas Island,2022-07-12,Standard,2851.34
465,Andrew Ramirez,lopezglenn.465@example.net,Estonia,2021-05-02,Basic,160.29
466,Michael Moore,eugenesingleton.466@example.org,Cape Verde,2025-09-10,Premium,11089.37
467,Krista Jones,candice94.467@example.com,Russian Federation,2025-04-01,Standard,1091.95
468,Caitlin Daniels,alicia28.468@example.org,Iraq,2021-08-13,Basic,657.94
469,Isaac Robinson,baileynicole.469@example.net,Sao Tome and Principe,2023-12-11,Standard,431.56
470,Michael Griffin,wbarajas.470@example.net,United Kingdom,2024-02-19,Premium,9806.21
471,Robert Wilson,susanfleming.471@example.com,Equatorial Guinea,2023-03-11,Standard,2365.74
472,Jill Williams,angel85.472@example.net,Ukraine,2026-03-12,Premium,7622.14
473,Tyler Medina,lukemiller.473@example.org,Albania,2020-10-30,Standard,873.33
474,Jessica Garcia,clarkcrystal.474@example.org,Mauritania,2021-09-21,Premium,6725.88
475,Allison Love,elucas.475@example.net,Argentina,2020-08-20,Standard,2198.05
476,Laura Perez,jonesgregory.476@example.com,Eritrea,2024-08-19,Premium,7162.09
477,Alan Nunez,ohughes.477@example.com,Martinique,2024-04-21,Premium,9248.3
478,Mercedes Jones,maychristine.478@example.net,Vanuatu,2026-08-08,Standard,1727.87
479,Preston Kim,robertsgina.479@example.net,Indonesia,2023-08-17,Premium,18933.68
480,Rebecca Atkinson,wellsamanda.480@example.org,French Polynesia,2021-01-02,Basic,635.48
481,Tina Smith,kennetheaton.481@example.net,Tunisia,2023-01-06,Standard,718.79
482,Joshua Miller,davidsmith.482@example.net,Cote d'Ivoire,2020-08-03,Standard,2672.64
483,Luis King,jason82.483@example.org,Brazil,2024-06-26,Premium,17205.81
484,Tara Gamble,emilybradley.484@example.org,Kyrgyz Republic,2024-07-04,Standard,2286.63
485,Kevin Lynn,robertscarlos.485@example.org,Guinea-Bissau,2025-09-25,Standard,1647.34
486,Stephanie Stewart,emilyyoung.486@example.com,Korea,2022-04-09,Basic,55.85
487,Holly Stewart,christina49.487@example.org,Japan,2022-01-27,Standard,2192.21
488,Margaret Hill,adamsanchez.488@example.org,Guyana,2020-06-22,Standard,1651.36
489,Ian Torres,erinrivera.489@example.com,Micronesia,2022-10-10,Standard,1067.37
490,Brenda Ryan,thompsoncatherine.490@example.com,Estonia,2023-03-06,Basic,7.95
491,Robin Riley,lunapatricia.491@example.net,Seychelles,2025-01-16,Standard,846.94
492,Kimberly Valdez,rebeccaarnold.492@example.net,Canada,2025-01-14,Standard,1895.93
493,Jordan Sanders,philip94.493@example.org,Macao,2020-12-08,Basic,89.85
494,Nicole Taylor,batesmelanie.494@example.net,Cayman Islands,2021-11-27,Basic,524.33
495,Karen Howard,ashleyknight.495@example.org,Cyprus,2023-06-03,Standard,2495.08
496,Michael Holmes,qhall.496@example.com,Somalia,2022-03-29,Basic,254.54
497,Mrs. Michele Boyd,paul70.497@example.org,Switzerland,2020-03-03,Basic,65.59
498,Jamie Gray,mary49.498@example.net,Namibia,2025-08-27,Premium,4514.58
499,Heather Parrish,,Libyan Arab Jamahiriya,2024-11-20,Basic,286.33
500,Jessica Hall,aeaton.500@example.net,Malaysia,2023-06-24,Standard,2477.62
501,Ruth Guerrero,jason22.501@example.com,Israel,2022-02-14,Standard,1975.98
502,Christopher Whitaker,jennifer77.502@example.com,Angola,2025-08-19,Standard,2630.09
503,Jose Macdonald,bradleyberry.503@example.org,Cameroon,2020-03-27,Basic,795.54
504,Linda Elliott,jacksonsandra.504@example.net,Andorra,2022-12-26,Standard,767.19
505,Sharon Jackson DVM,stacey37.505@example.net,Netherlands Antilles,2025-05-09,Standard,2145.5
506,Kayla Jackson,laurahoover.506@example.org,Poland,2026-05-16,Premium,10397.3
507,James Rodriguez,sandra99.507@example.org,Cook Islands,2021-09-05,Standard,1581.74
508,Steven Greene,mserrano.508@example.org,Turkey,2024-05-08,Basic,260.47
509,April Pace,davisdonna.509@example.net,Philippines,2021-04-08,Basic,274.01
510,Jessica Mays,xboyd.510@example.org,Liberia,2020-10-10,Premium,14173.08
511,Sara Johnston,,Jamaica,2022-05-12,Basic,496.64
512,Shawn Ortiz,jonathancannon.512@example.org,Comoros,2025-12-01,Basic,254.8
513,Kelly Brooks,fletcherkristine.513@example.net,Costa Rica,2024-08-10,Standard,532.03
514,Dawn Wyatt,robert12.514@example.com,Jamaica,2023-04-09,Premium,12408.34
515,Kristin White,cheryl63.515@example.com,Monaco,2021-11-21,Standard,2270.31
516,Michael Fitzgerald,tking.516@example.net,Timor-Leste,2020-12-11,Premium,12055.19
517,Ariel Romero,adkinssean.517@example.net,Solomon Islands,2021-10-23,Standard,210.22
518,Mark Brock,lauren90.518@example.org,Swaziland,2021-01-07,Standard,990.48
519,Daniel Miller,thomasburke.519@example.org,Argentina,2021-04-01,Basic,622.86
520,Donna Stuart,zarias.520@example.net,Azerbaijan,2024-08-05,Standard,2279.13
521,Tara Holmes,daniellegonzales.521@example.org,Congo,2020-11-20,Basic,8.33
522,Christopher Johnson,bowerswilliam.522@example.net,Dominican Republic,2020-04-25,Basic,376.24
523,Heather Foster,cantrellchristopher.523@example.com,Namibia,2023-08-17,Premium,9871.73
524,Krista Barber,aprilmclaughlin.524@example.org,Monaco,2021-11-30,Standard,2026.39
525,Jordan Powell,michael43.525@example.net,Albania,2023-01-15,Basic,99.98
526,Edward Arroyo,gregory81.526@example.net,Spain,2020-12-07,Basic,497.13
527,James Webb,nancy94.527@example.net,Ecuador,2021-05-27,Standard,2851.37
528,Karen Scott,susan77.528@example.net,Hong Kong,2022-12-13,Standard,1240.9
529,Harry Nichols,ericahall.529@example.com,Reunion,2024-08-12,Standard,1144.6
530,Gloria Spencer,john16.530@example.net,Christmas Island,2022-10-08,Basic,22.62
531,Travis Vega,nedwards.531@example.net,United States of America,2023-08-15,Basic,45.92
532,Derek Perez,victorgonzalez.532@example.net,Syrian Arab Republic,2023-06-28,Premium,18768.3
533,Blake Sosa,marykelly.533@example.org,Lithuania,2021-10-18,Premium,19559.03
534,Jacqueline Stewart,duranamber.534@example.org,Ukraine,2021-11-13,Premium,2101.55
535,Kenneth Brown,travis84.535@example.com,South Georgia and the South Sandwich Islands,2022-11-05,Basic,720.54
536,Jennifer Parks,imendoza.536@example.org,China,2020-03-19,Basic,139.17
537,Michael Smith,sbray.537@example.net,Cote d'Ivoire,2024-07-31,Basic,449.09
538,Debbie Dunn,ucarpenter.538@example.com,Dominica,2024-02-09,Premium,14206.54
539,Jeff Barnes,thomas95.539@example.com,Sao Tome and Principe,2022-01-17,Standard,1205.36
540,Carlos Johnston,michael64.540@example.com,Denmark,2022-07-01,Premium,11521.79
541,James Thomas,lelinda.541@example.net,Saint Vincent and the Grenadines,2022-03-13,Standard,1957.12
542,Dr. Samuel Holmes DDS,thomassmith.542@example.com,Solomon Islands,2024-05-09,Standard,742.99
543,Brett Martin,jevans.543@example.net,Cuba,2025-01-29,Basic,795.41
544,Isaac Castro,thomas17.544@example.net,Venezuela,2020-09-22,Premium,5669.87
545,Tracey Gonzalez,maurice61.545@example.com,Morocco,2022-10-06,Standard,228.95
546,Katherine Doyle,tiffanymitchell.546@example.com,Tuvalu,2020-02-03,Basic,755.43
547,Sheena Davidson,jamesjustin.547@example.net,Vanuatu,2023-01-09,Standard,1401.56
548,Andrea Martin,robert99.548@example.com,Denmark,2021-08-29,Premium,9175.15
549,Denise Wallace,logan44.549@example.net,Tokelau,2022-03-31,Basic,220.54
550,Scott Martinez,julie87.550@example.com,Dominica,2023-01-19,Standard,272.33
551,Brendan Zuniga,shelby13.551@example.org,Lebanon,2022-03-01,Standard,940.79
552,Luke Miller,johnsonrandy.552@example.org,Venezuela,2022-08-20,Standard,1301.24
553,Mark Anderson,pparker.553@example.net,Taiwan,2025-02-10,Basic,416.26
554,Julie Pitts,anthonyalvarado.554@example.com,Vietnam,2025-06-01,Standard,1481.4
555,Joyce Curry,amy28.555@example.org,Turkey,2020-01-15,Standard,2661.3
556,Gregory Fernandez,omills.556@example.net,Sri Lanka,2022-07-11,Standard,2751.72
557,Adam Mills,ramosmichael.557@example.com,Senegal,2025-08-30,Premium,7708.79
558,Katherine Campos,mauriceharrison.558@example.org,French Southern Territories,2023-07-19,Basic,767.64
559,Adam Brooks,cannonlauren.559@example.net,Isle of Man,2021-05-16,Premium,17568.82
560,Jean Gray,kfoster.560@example.net,Estonia,2023-12-20,Standard,2797.38
561,Melinda Mitchell,hendersonjohn.561@example.net,Samoa,2020-12-19,Standard,2177.73
562,Mark Williamson,robert12.562@example.org,Faroe Islands,2020-02-23,Standard,755.16
563,Joseph Lopez,blopez.563@example.org,Bosnia and Herzegovina,2024-03-24,Standard,746.64
564,Adrian Robinson,joseph70.564@example.org,Italy,2023-06-11,Standard,2744.22
565,Amanda Miller,kristi75.565@example.com,Sao Tome and Principe,2025-01-21,Standard,1619.73
566,Catherine Huang,brianrowe.566@example.org,El Salvador,2022-04-22,Premium,18028.41
567,Ray Ramos,hclayton.567@example.net,Saint Pierre and Miquelon,2025-09-17,Basic,576.44
568,Vickie Kennedy,gonzalezjill.568@example.org,Pitcairn Islands,2022-10-25,Basic,170.01
569,Kelly King,sharon20.569@example.net,Northern Mariana Islands,2024-12-07,Standard,1277.33
570,Jeffrey Smith,james03.570@example.org,South Africa,2020-09-01,Standard,2909.91
571,Lauren Vazquez,brenda63.571@example.org,Portugal,2020-08-25,Premium,2352.49
572,Mr. George Booker DDS,nathandavis.572@example.org,Bahamas,2025-03-26,Premium,14862.51
573,Beth Hall,kellyeric.573@example.net,Moldova,2025-07-29,Standard,2940.58
574,Heather Taylor,linda73.574@example.org,United Arab Emirates,2026-04-20,Basic,83.32
575,Katherine Knight,washingtonsamuel.575@example.com,Mayotte,2022-03-03,Basic,217.59
576,Kristen Jones,mario74.576@example.net,Cape Verde,2020-02-24,Standard,1731.64
577,Aaron Little,qphillips.577@example.net,Hong Kong,2026-07-20,Basic,675.01
578,Cynthia Le,nicoleharvey.578@example.com,Palestinian Territory,2024-01-08,Standard,1618.23
579,Brittany Campbell,rlee.579@example.com,Ireland,2021-08-26,Standard,366.87
580,Beverly Russo,daniel81.580@example.org,Cook Islands,2025-02-08,Standard,556.12
581,Jasmine Burns,washingtoncorey.581@example.net,Nigeria,2026-01-16,Standard,1252.64
582,Timothy Clark,brandon39.582@example.net,Liechtenstein,2021-11-26,Basic,258.03
583,Teresa Perry,mcdonalddanielle.583@example.com,Heard Island and McDonald Islands,2025-02-22,Standard,815.1
584,Sandra Miller,colonjoseph.584@example.org,Cuba,2025-04-07,Standard,2552.36
585,Joseph Wright,garciajerry.585@example.com,Niue,2023-05-10,Standard,275.27
586,Mark Howard,angelagrant.586@example.net,Kuwait,2024-03-24,Basic,663.48
587,Kathy Sandoval,kandrade.587@example.org,Martinique,2021-10-20,Standard,2780.7
588,Erika Watson PhD,umahoney.588@example.net,Jersey,2026-03-19,Standard,1964.31
589,Joshua Garner,charlene98.589@example.org,Guyana,2026-07-28,Premium,13256.31
590,Victoria Larson,zwest.590@example.org,Maldives,2026-07-23,Basic,119.21
591,Mrs. Emily Ingram,,Western Sahara,2024-12-05,Standard,1791.29
592,Brittney Johnson,samantha88.592@example.net,Guinea-Bissau,2020-04-13,Standard,1250.49
593,David Evans,devonrichardson.593@example.net,Montserrat,2022-06-13,Basic,183.24
594,Frederick Olson,ncarroll.594@example.net,Libyan Arab Jamahiriya,2022-12-22,Premium,12499.93
595,Jane Deleon,larsonkevin.595@example.net,Uruguay,2026-06-01,Standard,203.33
596,Cristina Delgado,michael66.596@example.org,Netherlands,2023-08-28,Standard,973.96
597,Andrew Fernandez,walterscrystal.597@example.org,Canada,2023-08-02,Standard,2036.92
598,Yolanda Maddox,wayne32.598@example.org,Sao Tome and Principe,2020-12-24,Standard,1474.11
599,George Alvarez,walkerkeith.599@example.com,Samoa,2025-04-22,Standard,607.79
600,Patricia Anderson,kelleyjose.600@example.com,Burkina Faso,2022-04-01,Premium,2023.73
601,Christina Gilbert,fhansen.601@example.com,Saint Pierre and Miquelon,2020-08-12,Premium,6867.91
602,Thomas Davis,johnadams.602@example.com,Paraguay,2026-08-08,Premium,11883.07
603,Kirk Johnson,whenderson.603@example.org,Gambia,2021-04-09,Basic,427.64
604,Jessica Glass,vanessajensen.604@example.com,Djibouti,2020-02-09,Standard,567.0
605,Ashley Brown,ginamoore.605@example.net,Yemen,2020-07-09,Standard,1918.35
606,Robert Torres,mistywilkins.606@example.org,Latvia,2023-01-10,Standard,2996.99
607,Joseph Green,riverajody.607@example.org,Liberia,2020-09-08,Basic,467.89
608,Mary Williams,heatherbarnett.608@example.com,Chile,2025-08-19,Premium,11497.49
609,John Landry,campbellkristina.609@example.net,Bangladesh,2023-06-05,Standard,1943.37
610,Brian Carter,qguerrero.610@example.net,Turks and Caicos Islands,2022-03-01,Standard,2663.08
611,Ariana Stewart,yhall.611@example.net,Tonga,2020-01-08,Standard,2848.8
612,Michelle Williams,lopezvincent.612@example.com,Uzbekistan,2023-03-17,Basic,32.83
613,Harold Garrett,matthew62.613@example.org,Dominica,2021-01-04,Basic,164.0
614,Tiffany Perez,lisa46.614@example.org,Guam,2026-07-16,Basic,92.61
615,Tyler Salazar,fsandoval.615@example.net,Niue,2021-12-11,Premium,15902.37
616,Susan Murphy,robertberry.616@example.com,Mauritius,2023-03-05,Premium,2820.13
617,Christina Taylor,jamietaylor.617@example.net,Portugal,2020-02-15,Premium,18247.43
618,Krystal Moore,russellstout.618@example.org,Bangladesh,2020-11-15,Basic,16.44
619,Pamela Beard,whitemary.619@example.org,Isle of Man,2021-05-21,Basic,482.04
620,Denise Maxwell,vturner.620@example.net,Botswana,2020-05-06,Basic,220.46
621,Lisa Salazar,jackfarmer.621@example.net,Nepal,2024-11-07,Standard,1517.58
622,Karen Shaw,jerryjohnson.622@example.org,Netherlands,2026-04-27,Basic,353.51
623,Katherine Taylor,xjoseph.623@example.org,Congo,2026-08-03,Standard,2296.9
624,Tiffany Walker,antonioduran.624@example.org,Paraguay,2021-10-11,Basic,397.31
625,Katherine Nguyen,katherinejones.625@example.com,Kuwait,2025-04-10,Standard,1379.42
626,Jamie Edwards,ronaldparsons.626@example.net,New Zealand,2023-05-15,Premium,15144.99
627,Danielle Medina,meyershannon.627@example.org,Saint Pierre and Miquelon,2020-04-21,Premium,18664.52
628,Cheryl Gonzales,grantzachary.628@example.net,Turks and Caicos Islands,2020-08-09,Basic,635.14
629,Louis Brown,kim47.629@example.org,Maldives,2023-08-30,Standard,2262.81
630,Ashley Osborne,stevenlucas.630@example.org,Wallis and Futuna,2022-10-31,Standard,1565.62
631,Kevin Marquez,phillipmorris.631@example.org,Cook Islands,2020-01-21,Standard,2720.6
632,Michelle Martin,udavis.632@example.net,Saint Martin,2026-03-21,Standard,1561.68
633,Joseph Cruz,davisjasmin.633@example.net,Somalia,2024-11-18,Basic,744.23
634,Krystal Keller,nicholasjames.634@example.org,Canada,2023-05-11,Premium,16452.6
635,Eric Cross,mistywhite.635@example.net,Kiribati,2026-08-07,Premium,4704.68
636,Preston Smith,courtney12.636@example.org,Luxembourg,2026-06-29,Basic,37.59
637,Cynthia Chapman,astephens.637@example.net,Lebanon,2026-07-06,Standard,2274.4
638,Dana Kelley,fortiz.638@example.net,Niger,2021-09-24,Premium,14345.1
639,Charles Johnson,brandonhernandez.639@example.net,Morocco,2025-11-21,Premium,12837.6
640,Christopher Powers,mark10.640@example.org,New Zealand,2023-05-17,Standard,2933.47
641,Anna Evans,tammycurry.641@example.com,Heard Island and McDonald Islands,2024-11-07,Standard,1727.13
642,Ana Ruiz,wwilkins.642@example.com,British Virgin Islands,2025-09-29,Premium,8262.2
643,Lisa Rodriguez,mark68.643@example.org,Saint Lucia,2021-02-02,Standard,1781.9
644,Lee Stewart,webbhaley.644@example.net,Malta,2022-12-30,Basic,22.73
645,Lynn Vasquez,sara99.645@example.com,Cocos (Keeling) Islands,2020-11-10,Basic,463.41
646,John Robles,jeanettekrause.646@example.org,Saint Pierre and Miquelon,2021-11-13,Basic,721.94
647,Gregory Shaffer,laurenduarte.647@example.com,Croatia,2022-10-06,Standard,212.12
648,Elizabeth Hunter,davidsonhannah.648@example.com,Gibraltar,2025-09-20,Standard,2566.85
649,Lisa Johnson,wilsonmathew.649@example.com,China,2025-10-07,Basic,641.54
650,John Johnson,markmorgan.650@example.net,Burkina Faso,2022-08-10,Basic,84.88
651,Julia Olsen,dmoore.651@example.net,Vanuatu,2022-03-14,Standard,2571.13
652,Kristen Smith,conleykevin.652@example.net,Morocco,2023-07-20,Standard,2337.93
653,Andre Terrell,lauren51.653@example.org,Niue,2026-02-04,Standard,1574.93
654,Richard Parker,ashleyprice.654@example.net,Togo,2026-07-12,Standard,886.6
655,David Hayes DVM,jennifer46.655@example.org,Cuba,2021-07-07,Standard,1006.68
656,Jill Johnson,gregory50.656@example.org,Liberia,2021-03-31,Premium,13020.95
657,Emily Murphy,jamesmclean.657@example.net,Seychelles,2024-09-21,Basic,197.04
658,Christine Johnson MD,shortsharon.658@example.net,Tonga,2022-01-06,Standard,1111.0
659,Shelby Cook,smithsarah.659@example.net,Tuvalu,2021-05-02,Standard,2806.35
660,Kenneth Collins,garciakatie.660@example.net,Uganda,2020-03-16,Standard,2242.12
661,Patricia Lambert,manuellee.661@example.com,Faroe Islands,2022-09-11,Basic,588.86
662,Ashley Daniels,ericwilson.662@example.net,Mexico,2022-08-14,Basic,764.75
663,Eric Mcclain,joseph49.663@example.org,Mauritius,2023-10-06,Premium,2104.29
664,Amber Reyes,bwilliams.664@example.com,Benin,2021-05-03,Standard,884.56
665,Lori Vaughn,tmyers.665@example.net,Kiribati,2024-10-10,Standard,2042.33
666,Nicole Owens,larry38.666@example.org,Bulgaria,2024-07-18,Basic,350.62
667,Eric Newman,hesssamantha.667@example.com,Seychelles,2023-02-03,Standard,515.85
668,Lisa Durham,oruiz.668@example.org,India,2021-03-18,Basic,624.99
669,Andre Alvarez,hollyortega.669@example.com,Guernsey,2023-05-22,Standard,331.8
670,Lindsey Anderson,kmurray.670@example.com,Bosnia and Herzegovina,2024-07-05,Premium,11789.32
671,Matthew Sparks,yroth.671@example.org,Martinique,2022-06-29,Premium,12124.36
672,Kimberly Dickson,amorales.672@example.org,Hungary,2021-10-05,Premium,13447.3
673,William Bradley,petersonlisa.673@example.net,Guam,2023-05-21,Standard,1083.75
674,Laura Tucker,gilbertcaldwell.674@example.net,Nauru,2022-05-17,Standard,266.08
675,Tyler Jones,gnguyen.675@example.com,Botswana,2022-09-05,Basic,711.19
676,Daniel Taylor,pmurphy.676@example.net,Mozambique,2022-05-01,Premium,18725.69
677,Jean Lane,shermandonna.677@example.com,Congo,2022-01-11,Basic,385.59
678,Meghan Sellers,erinstewart.678@example.net,Vietnam,2024-10-16,Premium,2371.53
679,Lisa Dixon,wrobbins.679@example.org,Tanzania,2023-01-28,Standard,1826.44
680,April Castro,melissabrown.680@example.net,Guinea-Bissau,2023-02-13,Basic,252.74
681,Kevin Garrett,callahanmichelle.681@example.org,Rwanda,2024-05-13,Basic,145.99
682,Christopher Taylor,bsullivan.682@example.net,Moldova,2022-06-01,Standard,673.07
683,Zachary Santiago,xbridges.683@example.com,Burkina Faso,2020-09-03,Basic,143.4
684,Mary Proctor,jonesalfred.684@example.net,Burkina Faso,2025-09-13,Premium,7955.14
685,Melissa Conrad,taylorlinda.685@example.com,Nigeria,2020-05-16,Premium,7051.16
686,Darius Coleman,shawncoleman.686@example.com,Albania,2023-10-28,Standard,2541.99
687,Jennifer Payne,pbradford.687@example.net,Haiti,2021-10-11,Premium,10915.66
688,Kevin Nixon,goodashley.688@example.net,Belgium,2021-06-06,Standard,1397.41
689,Blake Wu,jessicafox.689@example.com,Benin,2020-04-12,Standard,608.33
690,Mark Yates,thomasharmon.690@example.net,Georgia,2026-01-07,Basic,700.71
691,Jose Harrison,bergeramanda.691@example.org,Saint Martin,2022-11-14,Basic,43.86
692,Thomas Curry,robert44.692@example.org,Saint Lucia,2022-04-16,Basic,191.63
693,Mary Carter,bryan79.693@example.org,Saint Pierre and Miquelon,2024-12-15,Basic,497.18
694,Richard King,mitchellchristopher.694@example.net,Nicaragua,2020-04-05,Premium,14641.62
695,Christopher Vargas,joshua40.695@example.net,Canada,2023-10-10,Premium,16420.82
696,Cynthia White,lwood.696@example.com,Marshall Islands,2023-04-22,Standard,1348.82
697,Samantha Monroe,cooperchristopher.697@example.org,Sao Tome and Principe,2023-09-13,Standard,1170.87
698,Mark Clark,ptownsend.698@example.net,Saint Martin,2020-10-29,Standard,1007.94
699,James Turner,brian41.699@example.org,San Marino,2026-05-15,Standard,1790.67
700,Joseph Graham,noahthornton.700@example.com,France,2021-08-05,Standard,1176.18
701,Amanda Hardin,ureyes.701@example.net,Northern Mariana Islands,2024-07-14,Standard,1118.66
702,Frances Adams,stephanie69.702@example.net,Bolivia,2024-12-29,Standard,247.29
703,Morgan Chapman,destiny67.703@example.net,Congo,2022-04-20,Standard,2855.28
704,Adam Jones,erica25.704@example.net,Isle of Man,2020-11-15,Standard,369.66
705,Douglas Lee,foxgina.705@example.com,Anguilla,2021-12-25,Basic,216.7
706,Margaret Erickson,brownbrooke.706@example.org,British Indian Ocean Territory (Chagos Archipelago),2025-05-24,Standard,2779.97
707,Maria Pratt,gatesdavid.707@example.net,Colombia,2026-01-22,Basic,588.28
708,Angela Chavez,dominguezjon.708@example.com,Falkland Islands (Malvinas),2026-04-06,Basic,462.51
709,Richard Ramirez,qschwartz.709@example.com,Bahamas,2021-07-06,Premium,13894.65
710,Deborah Alexander,dprice.710@example.com,Liechtenstein,2024-01-21,Standard,471.77
711,Joshua Reynolds,chelseywhite.711@example.com,Nicaragua,2021-01-03,Standard,2464.21
712,Benjamin Luna,gainesjennifer.712@example.org,Singapore,2024-09-30,Standard,900.3
713,April Johnson,fsmith.713@example.org,Iceland,2022-10-12,Premium,19211.85
714,Michael Wise,edward56.714@example.net,Lesotho,2024-10-08,Basic,185.1
715,April Finley,upowell.715@example.org,Svalbard & Jan Mayen Islands,2024-07-31,Basic,500.29
716,Eric Brown,imartinez.716@example.com,Oman,2026-08-21,Premium,11815.84
717,Joe Miranda,diazmelissa.717@example.com,Oman,2023-04-08,Standard,600.69
718,Elizabeth Price,gregorywilliams.718@example.com,Botswana,2022-04-14,Premium,8532.69
719,Alexander Davies,tom73.719@example.org,Dominican Republic,2023-07-10,Basic,625.03
720,Kathryn Hanna,yprice.720@example.net,Sudan,2021-02-01,Standard,795.25
721,George Le,blevy.721@example.org,Iraq,2020-09-29,Premium,19331.43
722,Michael Sawyer,lewisdesiree.722@example.net,Canada,2023-06-21,Basic,236.39
723,Alec Meadows DDS,sandyjohnson.723@example.org,Ecuador,2025-07-08,Standard,1954.82
724,Anne Carr,alexischen.724@example.com,Syrian Arab Republic,2023-07-26,Standard,1932.83
725,Lisa Brown,meyersdaniel.725@example.com,Cook Islands,2025-03-24,Standard,1518.18
726,Bryan Sutton,vrogers.726@example.net,Mayotte,2021-03-10,Standard,2035.01
727,Leslie Rogers,marcoconnell.727@example.org,British Indian Ocean Territory (Chagos Archipelago),2023-01-02,Standard,2282.02
728,Christopher Sanchez,donald62.728@example.net,Mozambique,2024-02-06,Standard,1933.21
729,Paula Smith,andersonkylie.729@example.net,Libyan Arab Jamahiriya,2022-04-29,Standard,1767.98
730,Linda Campbell,smithharry.730@example.org,Puerto Rico,2020-02-04,Basic,485.3
731,Kelly Jenkins,nschwartz.731@example.org,Wallis and Futuna,2020-06-28,Standard,1325.48
732,Lisa Miller,cheryljohnson.732@example.org,Sweden,2026-03-15,Basic,56.7
733,William Davila,michael08.733@example.org,Niger,2024-01-17,Standard,647.16
734,Mark Clark,michelle88.734@example.org,Austria,2021-10-08,Basic,485.36
735,Christopher Livingston Jr.,danielhernandez.735@example.com,Haiti,2021-09-24,Standard,2796.09
736,Olivia Williams,jason45.736@example.net,Saint Vincent and the Grenadines,2020-04-06,Basic,20.59
737,Mr. Steven Griffith,buckleygregory.737@example.org,Nauru,2026-04-26,Standard,1723.3
738,Brent Rojas,robert53.738@example.org,Trinidad and Tobago,2020-09-21,Premium,6537.11
739,Amy Graham,nicholaswalker.739@example.com,Cuba,2025-01-28,Premium,12111.32
740,Cory Howard,xthompson.740@example.org,Faroe Islands,2021-08-09,Premium,15493.83
741,Chad York,matthewjohnson.741@example.net,Kuwait,2022-03-30,Basic,588.36
742,Lindsey Clarke,vjackson.742@example.org,Northern Mariana Islands,2021-10-30,Basic,579.91
743,Scott Burns,belindatran.743@example.org,Cuba,2025-07-06,Basic,623.14
744,Nancy Wright,rhood.744@example.org,Greece,2020-03-21,Premium,3306.99
745,Stephanie Butler,lriley.745@example.org,Aruba,2022-05-10,Basic,407.66
746,Joseph Mendoza,esparzajessica.746@example.net,South Georgia and the South Sandwich Islands,2021-11-13,Basic,209.42
747,Melissa Russell,chavezjohn.747@example.net,Cuba,2021-10-28,Standard,2779.56
748,Michael Martin,michaelallen.748@example.org,Kuwait,2021-04-16,Standard,2392.06
749,Jennifer Clarke,braysteven.749@example.org,Heard Island and McDonald Islands,2026-02-06,Standard,501.13
750,Steven Cook,apadilla.750@example.net,Antigua and Barbuda,2022-07-13,Premium,6378.43
751,Christine Cohen,ronald49.751@example.net,Niger,2022-10-18,Standard,1474.62
752,Anthony Reyes,jill08.752@example.net,Lao People's Democratic Republic,2022-07-29,Basic,770.33
753,Kristina Ayala,diazgregory.753@example.net,Burundi,2026-07-21,Premium,3974.12
754,Lauren Haley,john17.754@example.net,Cote d'Ivoire,2022-04-07,Standard,1790.32
755,Destiny Brown,lukehurst.755@example.net,Guatemala,2022-04-14,Standard,1155.61
756,Joseph Bryan,htucker.756@example.org,United Arab Emirates,2022-03-11,Basic,517.07
757,Judith Miller,shannon51.757@example.org,Ukraine,2022-03-09,Basic,518.97
758,Brian Hernandez,keithfrye.758@example.org,Canada,2020-08-07,Basic,192.47
759,Michael Huynh,abigailburton.759@example.com,Lebanon,2024-01-15,Standard,2400.27
760,Shane Hall,robert04.760@example.org,Yemen,2020-03-02,Standard,455.53
761,Melissa Wilkinson,robert55.761@example.com,Kenya,2021-07-05,Standard,2490.79
762,David Washington,itorres.762@example.com,France,2021-05-08,Standard,793.51
763,Caitlyn Nichols,hernandezjustin.763@example.org,Cocos (Keeling) Islands,2021-12-12,Premium,12612.43
764,Candace Wilson,maryschwartz.764@example.net,Ghana,2025-01-21,Standard,1172.47
765,Amanda Stewart,scottwood.765@example.org,Guatemala,2024-01-03,Basic,487.82
766,Barbara Johnson,nathanfernandez.766@example.org,Venezuela,2026-08-16,Standard,948.77
767,Wayne Payne,dmack.767@example.com,Madagascar,2022-05-07,Basic,455.17
768,Nicole Mcknight,deborah47.768@example.com,Papua New Guinea,2026-03-17,Standard,222.96
769,Brian Mendoza,laurenchandler.769@example.com,Armenia,2020-04-19,Standard,1248.47
770,Ryan Griffin,ericawilson.770@example.org,Bermuda,2023-05-16,Premium,16875.01
771,Timothy Ramirez,brian39.771@example.net,Angola,2025-05-04,Premium,10334.12
772,Vanessa Foster,ryansean.772@example.net,Liechtenstein,2023-07-22,Standard,1597.93
773,Charles Nash,carrie80.773@example.net,Heard Island and McDonald Islands,2026-03-29,Standard,1940.42
774,William Sawyer,swatson.774@example.com,Benin,2022-02-07,Premium,9815.77
775,Donna Shaffer,jessicawallace.775@example.com,Ukraine,2020-03-22,Premium,17607.38
776,Linda Thomas,achandler.776@example.org,Gabon,2025-03-04,Standard,1329.31
777,Tyler Avila,hmcneil.777@example.com,Benin,2020-06-15,Basic,754.04
778,Joel Bradley,ortizrobin.778@example.com,United States Virgin Islands,2025-02-10,Basic,701.55
779,Amanda Mckenzie,jamescollier.779@example.com,Syrian Arab Republic,2024-11-26,Standard,1379.05
780,Brittany Evans,troy73.780@example.org,Northern Mariana Islands,2025-08-23,Premium,8584.42
781,John Watts,qmartinez.781@example.com,Ecuador,2023-03-15,Premium,14179.3
782,Heidi Castillo,wilsonjoshua.782@example.org,Jordan,2025-12-26,Premium,15595.52
783,Laura Bruce,courtney71.783@example.com,Central African Republic,2021-02-18,Standard,720.41
784,Christopher Nelson,thomassteven.784@example.net,Italy,2022-11-26,Premium,6338.81
785,Kayla Miranda,brandon48.785@example.net,Cocos (Keeling) Islands,2020-10-24,Standard,609.51
786,Samantha Cohen,georgegary.786@example.com,Gabon,2025-02-15,Basic,608.55
787,Samantha Smith,gina51.787@example.net,Maldives,2024-10-10,Standard,2200.33
788,Carla Robinson,nathan76.788@example.com,Macao,2025-05-23,Basic,151.24
789,Sandra Fox,mariepope.789@example.net,Martinique,2025-02-09,Premium,11663.75
790,Tammy Mendoza,butlersabrina.790@example.org,Georgia,2022-01-23,Standard,2339.87
791,Gloria Mckinney,don79.791@example.net,Antarctica (the territory South of 60 deg S),2020-06-15,Basic,757.62
792,Elizabeth Clark,walkermelissa.792@example.org,Belgium,2026-03-19,Standard,699.86
793,Raymond Todd,yvazquez.793@example.org,Armenia,2023-04-18,Standard,1052.12
794,Julie Kerr,danielmcguire.794@example.net,Aruba,2020-08-18,Basic,278.67
795,Tamara Harris,turneralex.795@example.org,United Arab Emirates,2026-03-13,Standard,1949.94
796,Paul Ramirez,jackbell.796@example.org,Mozambique,2026-08-25,Standard,581.97
797,Andrea Weiss,michael89.797@example.org,Serbia,2022-12-23,Standard,741.6
798,Paul Smith,ricejennifer.798@example.com,Saint Kitts and Nevis,2025-02-23,Premium,16047.86
799,Michael Lopez,glasssamantha.799@example.net,Peru,2020-03-29,Premium,11756.97
800,Jose Russell,whitemichael.800@example.com,Senegal,2020-08-15,Premium,4886.95
801,Isaiah Roberts DDS,david18.801@example.org,Belize,2021-11-06,Basic,310.75
802,Emily Cherry,tristan64.802@example.com,Kenya,2024-05-21,Standard,576.58
803,Benjamin Randall,angelaroberts.803@example.com,Lebanon,2020-11-21,Standard,1215.53
804,Matthew Miller,harry71.804@example.com,Cambodia,2020-03-24,Standard,1320.56
805,Stephanie Jackson,lmorales.805@example.org,Haiti,2024-06-21,Standard,513.91
806,Ryan Hardy,matthewlarson.806@example.com,Fiji,2025-02-23,Basic,47.87
807,Tiffany Archer,katelyn65.807@example.com,Malawi,2024-12-10,Standard,2668.49
808,Jonathan Fuller,dylan71.808@example.org,Burkina Faso,2025-05-05,Standard,2685.41
809,Mr. Christopher Jacobs MD,garciabrian.809@example.org,Gabon,2025-05-14,Basic,2.06
810,Rebecca Harris,wolfdonna.810@example.net,Panama,2024-01-11,Basic,512.96
811,Scott Payne,qhenry.811@example.net,Zambia,2023-06-22,Basic,74.94
812,Ernest Bennett,ewingnicole.812@example.org,Kuwait,2025-09-23,Standard,2468.4
813,Carly Jordan,johnsonangela.813@example.com,Georgia,2022-04-29,Premium,17832.12
814,Mary Jennings,hfreeman.814@example.net,Montserrat,2020-08-27,Standard,1926.52
815,Dennis Garza,kalvarez.815@example.net,Honduras,2025-01-10,Standard,1916.84
816,Andrew Hood,katie45.816@example.org,Guernsey,2021-11-04,Basic,297.19
817,Gregory Howard,hubbardcolleen.817@example.com,Guernsey,2026-07-18,Premium,6490.44
818,Bradley Watts,stanleyjohn.818@example.net,Trinidad and Tobago,2022-10-08,Standard,1597.96
819,Joel Boyer,danny20.819@example.net,Montenegro,2025-09-11,Basic,106.97
820,Victoria Gray,sadams.820@example.com,Iceland,2020-04-13,Basic,537.78
821,Gabriella Shaw,ashley71.821@example.net,Serbia,2024-05-28,Standard,1516.24
822,Mark Dickson,garrett45.822@example.com,Belarus,2022-12-30,Basic,142.08
823,Darrell Newton,karlwilliams.823@example.net,Bermuda,2023-02-03,Premium,12589.66
824,Karen Clark,vargasjoshua.824@example.net,South Africa,2021-10-09,Standard,2426.92
825,Joshua Gonzalez,pearsonkevin.825@example.com,Iran,2026-06-29,Premium,12598.39
826,Lori Black,colleen78.826@example.org,Colombia,2022-08-17,Basic,423.73
827,Mark Lamb,vlewis.827@example.com,Timor-Leste,2025-09-07,Basic,678.17
828,Curtis Ford,umichael.828@example.net,Dominican Republic,2022-11-04,Premium,2193.6
829,Scott Pruitt,juliecannon.829@example.com,North Macedonia,2020-04-27,Premium,13101.46
830,Dawn Burke,meghanadams.830@example.com,Iraq,2025-11-17,Standard,1347.14
831,Emily Washington,daniellee.831@example.org,Jordan,2021-03-28,Standard,741.99
832,Chad Green,clucas.832@example.org,Spain,2021-10-22,Basic,783.66
833,Mr. Scott Miller,donna20.833@example.net,Netherlands,2025-10-03,Premium,9268.65
834,Ann Hahn,michelle65.834@example.net,Saint Kitts and Nevis,2025-12-22,Basic,268.21
835,Kelly Calderon,joelduncan.835@example.net,Zambia,2026-02-16,Standard,673.22
836,Robert Murphy,tyler13.836@example.net,Myanmar,2022-11-06,Standard,2993.74
837,Claudia Rodriguez,vshaffer.837@example.org,Croatia,2025-01-22,Premium,17408.92
838,James Fry MD,scott49.838@example.org,Jamaica,2022-03-11,Basic,55.98
839,Mike Underwood,rvega.839@example.org,Angola,2024-12-13,Standard,1784.11
840,Rachel Allen,skinnereileen.840@example.org,Micronesia,2023-05-12,Standard,612.72
841,Melinda Nichols,sparker.841@example.com,Dominica,2020-05-06,Standard,2204.19
842,Timothy Sherman,zprice.842@example.com,French Southern Territories,2022-10-17,Basic,387.27
843,Sherry Wang,michelemartin.843@example.com,Ireland,2023-02-16,Basic,88.31
844,Jason Randall,hillchristopher.844@example.com,Saint Barthelemy,2021-09-20,Basic,445.63
845,Katie Bell,gmcdowell.845@example.org,Netherlands,2022-07-03,Standard,2749.89
846,Lorraine Gibbs,shawn00.846@example.net,Burkina Faso,2023-05-12,Basic,272.96
847,Ashley Wright,moralescourtney.847@example.com,Rwanda,2020-05-01,Standard,342.26
848,Shane Anderson,melaniejennings.848@example.com,China,2021-01-05,Basic,756.17
849,James Bennett,lauren31.849@example.com,Syrian Arab Republic,2025-02-15,Standard,597.04
850,Lori Meadows,andrewjohnson.850@example.net,Kyrgyz Republic,2022-05-09,Standard,1530.15
851,Jeffrey Green,josechristian.851@example.org,Benin,2024-01-25,Basic,435.74
852,Jessica Mora,george91.852@example.org,Korea,2023-10-13,Basic,189.67
853,Scott Casey,twilson.853@example.org,France,2023-09-08,Standard,696.77
854,Whitney Campbell,breyes.854@example.org,Philippines,2022-10-06,Standard,516.79
855,William Young,robertortiz.855@example.org,Korea,2023-03-26,Basic,55.96
856,John Savage,mikesutton.856@example.com,Puerto Rico,2025-07-04,Basic,406.5
857,Nancy Scott,tmcdaniel.857@example.com,Bhutan,2026-06-14,Basic,673.62
858,Yesenia Crosby,williamssarah.858@example.com,Spain,2021-09-18,Premium,4281.66
859,James Wood,smithwilliam.859@example.com,Uganda,2024-06-22,Standard,2161.73
860,Gerald Mcdonald Jr.,carpenterjorge.860@example.net,Russian Federation,2026-06-26,Basic,330.1
861,Carl Savage,hthomas.861@example.com,Syrian Arab Republic,2020-01-19,Basic,28.18
862,Pam Baker,julie64.862@example.com,Germany,2025-03-31,Basic,428.78
863,Pamela Hernandez DVM,ustafford.863@example.net,Palestinian Territory,2023-04-28,Standard,905.62
864,Andrew Green,jbrown.864@example.org,Romania,2026-06-20,Standard,1894.71
865,William Hoffman,fgraham.865@example.org,Kuwait,2023-11-13,Standard,1178.1
866,Brandon Oneill,urodriguez.866@example.org,Cocos (Keeling) Islands,2025-08-08,Basic,533.16
867,Laurie Silva,karencarson.867@example.net,Albania,2021-02-09,Standard,2771.81
868,Stacy Johnson,robertjones.868@example.com,Pitcairn Islands,2020-12-13,Standard,884.72
869,Brittany Miller,longbrittany.869@example.org,Switzerland,2026-03-12,Basic,751.87
870,Erin Williams,rgibson.870@example.net,Nigeria,2023-07-09,Basic,163.45
871,Rebecca Anderson,unguyen.871@example.net,Tokelau,2023-09-25,Standard,397.95
872,Kimberly Guzman,solisjustin.872@example.org,Bermuda,2021-02-19,Basic,154.16
873,Samuel Martin,pscott.873@example.com,Slovakia (Slovak Republic),2021-07-07,Premium,16668.5
874,Edwin Owen,wmitchell.874@example.net,Saint Pierre and Miquelon,2025-06-21,Premium,14196.01
875,Sandra Hunt,rebecca92.875@example.com,Liechtenstein,2022-01-10,Standard,2918.34
876,Jenny Avila,emcclure.876@example.com,Sudan,2023-11-27,Premium,14776.89
877,Glenn Ford,christina66.877@example.org,Czech Republic,2022-02-11,Basic,330.11
878,Donna Kim,sarahrose.878@example.net,United States of America,2021-10-05,Basic,713.94
879,Sarah Mills,ievans.879@example.net,French Polynesia,2021-02-09,Premium,19246.31
880,Jeffery Davis,arnoldsamantha.880@example.net,Panama,2026-03-20,Basic,633.32
881,Patrick Ford,michael91.881@example.net,Solomon Islands,2026-04-14,Standard,1758.59
882,Elizabeth Matthews,meganwilliams.882@example.com,Korea,2020-10-08,Basic,660.61
883,Shelby Lopez,qhanson.883@example.com,Colombia,2022-05-12,Basic,143.24
884,Joseph Smith,burgesscassandra.884@example.net,Brazil,2023-10-08,Standard,2720.98
885,Matthew Garner,jacksonthomas.885@example.net,Saint Kitts and Nevis,2022-07-24,Premium,19992.06
886,Tracey Leonard,nturner.886@example.com,Spain,2024-10-26,Premium,13972.52
887,Alan Waller,christopher20.887@example.org,Togo,2021-09-27,Standard,748.49
888,Ryan Garrison,clarkdeborah.888@example.net,Mauritania,2020-05-23,Basic,115.55
889,Alex Martin,christophercarrillo.889@example.org,Cape Verde,2022-04-02,Standard,2886.36
890,Lauren Harris,emaynard.890@example.org,Montenegro,2023-12-30,Standard,2639.79
891,Michelle Petty,awilliams.891@example.org,Thailand,2021-03-17,Premium,15476.22
892,Donna Freeman,mmclaughlin.892@example.net,Libyan Arab Jamahiriya,2025-06-15,Basic,759.3
893,Kenneth Tran,dhall.893@example.net,Ethiopia,2020-01-30,Standard,1609.53
894,Maria West,hsmall.894@example.com,Jordan,2020-06-13,Basic,710.2
895,David Robinson,martinjessica.895@example.com,United States of America,2023-05-27,Standard,655.9
896,Jeanette Butler,sandra72.896@example.com,Wallis and Futuna,2023-06-04,Standard,711.87
897,Paul Estrada,laura29.897@example.org,Bulgaria,2021-12-21,Premium,11222.17
898,Terri Snyder,jamesobrien.898@example.org,Dominica,2021-09-23,Standard,1131.03
899,Heather Moore,angelakidd.899@example.com,Sweden,2020-06-19,Standard,1411.05
900,Barbara Walker,romanmatthew.900@example.org,Eritrea,2024-06-06,Basic,638.56
901,Sarah Russo,kristen08.901@example.com,Netherlands,2022-07-14,Basic,42.73
902,Tonya Campos,mccarthysara.902@example.com,Botswana,2020-10-16,Standard,2218.36
903,Bruce Harris,colonbobby.903@example.org,Guyana,2022-09-03,Standard,447.04
904,Dr. Christian Cox PhD,jessicaerickson.904@example.net,British Virgin Islands,2026-04-07,Premium,17255.02
905,Robert Peterson,scottperry.905@example.org,Madagascar,2021-09-29,Standard,765.32
906,Maurice Hernandez,christopherwatson.906@example.com,Sao Tome and Principe,2025-12-24,Basic,587.95
907,Jason Ellis,icobb.907@example.com,Timor-Leste,2021-09-23,Basic,473.5
908,Kelly Jones,sherry72.908@example.org,Guadeloupe,2021-03-30,Basic,308.5
909,Andrew Nielsen,richard26.909@example.org,Canada,2021-09-28,Premium,6815.65
910,Valerie Barnes,levinetina.910@example.net,Turks and Caicos Islands,2022-02-28,Standard,360.89
911,Stephanie Bishop,jennifer55.911@example.org,Cameroon,2020-10-21,Standard,1189.46
912,Lisa Ramos,ngriffin.912@example.net,Guatemala,2023-12-06,Basic,160.42
913,George Hardy,trowe.913@example.org,Saint Vincent and the Grenadines,2022-03-25,Standard,580.56
914,Juan Boyd,abigailfernandez.914@example.org,Saudi Arabia,2024-10-19,Basic,590.8
915,Daisy Schroeder,andrewzamora.915@example.net,Saint Kitts and Nevis,2023-04-13,Premium,5825.27
916,Jake Sims,hbenitez.916@example.net,Guinea,2022-12-16,Standard,824.84
917,Kenneth Smith,williamsdebra.917@example.org,Guadeloupe,2023-02-24,Basic,272.39
918,Teresa Wade,lindazhang.918@example.net,Tanzania,2021-01-16,Standard,1495.43
919,Brenda Gray,michaelmitchell.919@example.net,Saint Pierre and Miquelon,2024-10-06,Standard,1638.4
920,Heather Garcia,danielblack.920@example.org,Rwanda,2020-09-11,Standard,2060.73
921,Stephen Alvarez,fpoole.921@example.org,Kiribati,2024-10-27,Basic,470.82
922,Peggy Wiggins,woodalicia.922@example.net,Myanmar,2026-09-07,Premium,10670.31
923,Katherine Mcpherson,cfields.923@example.net,Swaziland,2025-02-08,Basic,315.15
924,Walter Palmer,drewmartinez.924@example.net,Marshall Islands,2023-01-16,Standard,944.2
925,Terry Wood,bensonstanley.925@example.org,Zambia,2022-02-06,Standard,2187.84
926,Dylan Mills,guzmanricky.926@example.org,British Indian Ocean Territory (Chagos Archipelago),2025-10-31,Standard,1089.0
927,Dr. Charles Lawrence,kevin54.927@example.com,Australia,2021-09-20,Standard,2578.83
928,Bryan Bailey PhD,pamela32.928@example.net,Israel,2023-03-23,Basic,468.93
929,Rachael Alvarez,kberry.929@example.com,Saint Helena,2025-02-25,Basic,507.16
930,Mary Hernandez,kathleenwagner.930@example.com,Saint Lucia,2026-03-02,Basic,407.03
931,Steven Morgan,christopher99.931@example.com,Aruba,2026-02-26,Basic,742.84
932,Michelle Armstrong,pfitzgerald.932@example.org,South Africa,2020-08-02,Standard,1380.47
933,Luke Ray,ann18.933@example.org,Austria,2026-01-02,Standard,1395.51
934,Timothy White,karenshaw.934@example.org,Andorra,2020-10-05,Basic,714.41
935,Joseph Flores,kristin39.935@example.com,Namibia,2023-11-28,Premium,12888.32
936,Jason Heath,henrysarah.936@example.com,Ghana,2026-03-20,Basic,359.32
937,Dominique White,hscott.937@example.org,Seychelles,2024-05-18,Standard,934.02
938,Lucas Nguyen,moorestephanie.938@example.net,Anguilla,2026-05-02,Standard,886.12
939,Frederick Bennett,evanscorey.939@example.org,Sweden,2022-04-20,Standard,2444.02
940,Katherine Goodwin,williamsjohn.940@example.net,Hungary,2022-02-07,Standard,982.51
941,John Russell,adamslucas.941@example.net,Djibouti,2022-03-07,Premium,2103.28
942,Phillip Pearson,adamstabitha.942@example.net,Brunei Darussalam,2022-05-17,Standard,254.49
943,Rachel Thomas,ashley71.943@example.net,Mauritius,2024-07-25,Standard,2939.53
944,Kristen Williams,kimberlymedina.944@example.com,Suriname,2023-01-09,Standard,1767.55
945,Carol Brown,nwoodward.945@example.com,Uruguay,2024-12-05,Standard,1569.27
946,Gregory Chen,qnelson.946@example.net,Myanmar,2022-10-13,Standard,2770.05
947,James Martinez,brandon89.947@example.org,Burundi,2022-01-21,Standard,1184.72
948,Emily Fleming,natalie39.948@example.net,Guam,2021-04-09,Basic,636.0
949,Erica Clark,tiffany74.949@example.org,Netherlands Antilles,2023-09-07,Premium,14992.58
950,Steven Chambers,allen20.950@example.net,Isle of Man,2026-01-02,Standard,1535.87
951,Mariah Jones,ifarmer.951@example.org,Antarctica (the territory South of 60 deg S),2025-09-28,Premium,15943.37
952,Heather Thompson,wchambers.952@example.com,Seychelles,2021-09-10,Standard,2904.18
953,Daniel Smith,martinezmitchell.953@example.org,Fiji,2023-03-12,Standard,761.7
954,William Coffey,james94.954@example.net,Argentina,2024-09-18,Standard,249.03
955,Roberto Foster,trevor93.955@example.org,Trinidad and Tobago,2024-02-04,Standard,2500.07
956,Patrick Chambers,ashley72.956@example.net,Netherlands,2020-06-12,Standard,1330.04
957,Timothy Foley,cameronanderson.957@example.org,Turkmenistan,2023-12-14,Premium,11799.24
958,Justin Gibson,james08.958@example.net,Wallis and Futuna,2020-04-04,Standard,822.89
959,Erica Richard,pdavidson.959@example.org,Ireland,2020-10-11,Standard,2557.01
960,Peter Stephenson,david87.960@example.com,Czech Republic,2024-05-15,Standard,2219.38
961,James Cook,ramirezrobert.961@example.com,Turkmenistan,2020-09-07,Standard,2869.43
962,Benjamin Wright,mooneyjeremiah.962@example.net,Chad,2022-04-07,Basic,380.2
963,Alexander Robles,lance10.963@example.com,Vietnam,2023-12-07,Standard,2934.38
964,Glen Brown,mary31.964@example.com,Grenada,2024-05-19,Standard,1630.4
965,Brendan Griffin,sherryparsons.965@example.net,British Virgin Islands,2022-12-24,Standard,1939.98
966,Ryan Brown,villegassabrina.966@example.com,Brunei Darussalam,2020-08-17,Premium,14134.29
967,Jessica Garcia,ellisonscott.967@example.com,Azerbaijan,2025-05-05,Standard,1571.36
968,Jennifer Hancock,phillipspatrick.968@example.org,Solomon Islands,2026-05-08,Basic,450.22
969,Lisa Morgan,chavezsteven.969@example.com,Wallis and Futuna,2025-12-10,Basic,178.65
970,Adam Reeves,gibsonmark.970@example.org,Nauru,2025-01-01,Standard,1214.62
971,Jason Hardy,rebeccamartinez.971@example.net,Kenya,2022-09-09,Premium,14635.88
972,Kevin Palmer,johnrobles.972@example.org,Pakistan,2025-11-09,Basic,31.19
973,Larry Carter,larry82.973@example.org,Algeria,2023-04-07,Premium,14607.44
974,Jennifer Gonzalez,brianhunter.974@example.net,Cook Islands,2020-11-29,Standard,1050.57
975,Michael Mcdonald,kristenpeterson.975@example.net,Puerto Rico,2025-09-08,Basic,217.47
976,Gary Garcia,melissa95.976@example.net,Turkey,2022-02-20,Standard,2141.77
977,David Hanson,crawfordsamantha.977@example.net,Dominican Republic,2026-04-11,Premium,5869.01
978,James Mckenzie,vnavarro.978@example.net,Albania,2022-06-18,Standard,2892.71
979,Dylan Lee,alejandro50.979@example.net,Myanmar,2025-10-24,Standard,2973.9
980,Daniel Green,bradley03.980@example.org,China,2023-08-04,Premium,10245.81
981,Ryan Lozano,melanie32.981@example.org,Angola,2023-02-15,Standard,1323.97
982,Daniel Bryant,nicholascobb.982@example.org,Heard Island and McDonald Islands,2021-12-25,Standard,421.3
983,Ana Thomas,donna89.983@example.com,Uzbekistan,2025-08-02,Standard,2379.01
984,Emily Jordan,lauralee.984@example.com,North Macedonia,2020-05-28,Standard,655.63
985,Joseph Clarke,samanthahines.985@example.net,Greece,2023-02-18,Basic,746.44
986,Tracy Blackwell,brianflynn.986@example.org,Cote d'Ivoire,2022-06-19,Standard,2973.66
987,Jordan Potter,muellerkrystal.987@example.net,Oman,2023-08-19,Basic,97.93
988,Kelly Webb,victor72.988@example.com,Zimbabwe,2021-09-13,Standard,2112.42
989,Rachel Santos,lwells.989@example.com,Cote d'Ivoire,2024-06-10,Premium,10387.86
990,Eric Oneal,patriciahayes.990@example.org,Montserrat,2022-07-31,Standard,1715.21
991,Paul Phillips,selenabrooks.991@example.net,Maldives,2021-04-04,Standard,702.81
992,Jessica Mcdonald,jerry07.992@example.net,Ireland,2021-04-25,Standard,2225.86
993,Jeremy Baker,linda54.993@example.com,Belarus,2024-08-27,Basic,133.29
994,Angela Hill,rachel48.994@example.net,Denmark,2021-10-01,Basic,708.24
995,Craig Murphy,wilsonmichael.995@example.net,Gabon,2022-01-20,Basic,363.18
996,Susan Smith,james92.996@example.net,French Southern Territories,2024-03-11,Standard,1977.63
997,Alexandra Valdez,lynn66.997@example.net,Senegal,2022-03-16,Standard,2781.02
998,Kara Black,michelleperez.998@example.net,Solomon Islands,2022-08-05,Standard,2266.23
999,Emily Lopez,dsharp.999@example.com,Sierra Leone,2021-08-20,Standard,1714.37
1000,Charles Russo,cclark.1000@example.net,Gambia,2022-04-23,Basic,322.14
1001,Jason Jennings,porterdonna.1001@example.com,Iraq,2024-08-18,Basic,369.71
1002,Brittany Cisneros,mark09.1002@example.org,Greenland,2023-07-27,Standard,1156.68
1003,James Wells,nbaird.1003@example.com,Greenland,2026-09-01,Basic,756.95
1004,Michael Thompson,tfowler.1004@example.org,Sweden,2025-02-27,Basic,202.29
1005,Jasmin Harris,mjohnson.1005@example.org,French Guiana,2020-02-11,Standard,1346.17
1006,Scott Jenkins,gibsonmiguel.1006@example.org,Cayman Islands,2022-07-14,Basic,622.58
1007,Troy Glenn,andersonrobert.1007@example.net,Bulgaria,2021-12-08,Premium,8558.15
1008,Larry Crosby,kylemeyers.1008@example.net,Namibia,2023-12-05,Premium,17959.0
1009,William Griffin,waynecohen.1009@example.com,Sweden,2021-10-10,Standard,880.6
1010,Keith Henry,pjacobs.1010@example.net,Kyrgyz Republic,2026-06-17,Standard,287.77
1011,Ryan Sparks,mclaughlinkeith.1011@example.com,India,2022-01-01,Standard,1960.5
1012,Judith Bartlett,robertwhite.1012@example.net,Cocos (Keeling) Islands,2023-06-28,Basic,406.6
1013,Brooke Khan,longsonya.1013@example.org,Mauritania,2020-10-27,Standard,2812.56
1014,Philip Martinez,elizabeth13.1014@example.com,Heard Island and McDonald Islands,2026-01-30,Standard,1384.77
1015,Christopher Clark,camposwilliam.1015@example.com,Aruba,2026-02-04,Standard,579.65
1016,Julia Cooper,ojohnson.1016@example.net,Iran,2025-04-22,Premium,7935.42
1017,Breanna Santiago,randysmith.1017@example.org,Kyrgyz Republic,2022-05-08,Basic,314.57
1018,Michelle Kim,fmurray.1018@example.net,Latvia,2020-05-23,Standard,1832.77
1019,Edward Nichols,mckenzie20.1019@example.net,India,2024-10-02,Basic,219.6
1020,Jeremiah Thompson,chrisgallagher.1020@example.net,Rwanda,2022-11-13,Standard,1740.88
1021,Sara Cain,staffordamanda.1021@example.com,Norway,2026-08-15,Premium,18344.83
1022,Amber Bennett,myerskyle.1022@example.org,Cook Islands,2024-09-01,Premium,9627.15
1023,Alexis Smith,nicholasallen.1023@example.org,Swaziland,2023-08-08,Premium,13728.25
1024,Sandra Jackson,erinbrown.1024@example.org,Chad,2026-08-06,Basic,183.12
1025,Mark Weber,perrydaniel.1025@example.com,Vietnam,2025-05-08,Standard,2443.72
1026,Howard Thompson,hmcmillan.1026@example.org,Iran,2023-01-24,Standard,955.08
1027,Robert Santos,alexander37.1027@example.org,Heard Island and McDonald Islands,2020-02-16,Standard,1823.45
1028,Kathryn Mooney,jonesjeffery.1028@example.com,Rwanda,2020-08-14,Basic,240.2
1029,Miss Megan Compton,johnathandavis.1029@example.com,Puerto Rico,2022-12-19,Standard,388.73
1030,Samuel Olson,martinreid.1030@example.net,Grenada,2023-10-04,Basic,255.73
1031,Natalie Gordon,franklinbrenda.1031@example.com,Romania,2020-03-14,Basic,169.62
1032,Oscar Todd,hallchristina.1032@example.org,Niger,2020-11-05,Standard,2699.49
1033,James May,brownnicholas.1033@example.com,Dominica,2024-09-15,Standard,945.25
1034,Mason Hodges,vstevenson.1034@example.org,Mali,2025-01-09,Standard,2928.38
1035,Nicholas Cooper,swong.1035@example.org,Costa Rica,2020-03-13,Standard,1578.57
1036,Melissa Walker,knoxelizabeth.1036@example.org,Tunisia,2023-05-24,Basic,176.85
1037,Amy Vasquez,lboyd.1037@example.com,Zimbabwe,2020-07-16,Standard,1295.76
1038,Christopher Dunn,brettbraun.1038@example.org,South Africa,2024-11-01,Basic,146.74
1039,Christopher Gonzalez,joelmiller.1039@example.net,Jamaica,2025-07-29,Standard,2534.31
1040,Mark Nelson,catherineturner.1040@example.net,Slovenia,2025-10-23,Standard,535.91
1041,John Henderson,xmiller.1041@example.com,New Zealand,2023-12-31,Basic,698.82
1042,James Dickerson,ywolf.1042@example.com,Senegal,2024-03-15,Standard,328.57
1043,James Torres,brooke28.1043@example.net,Finland,2026-03-12,Premium,7392.94
1044,Miguel Gonzalez,ehart.1044@example.org,United States Virgin Islands,2024-02-04,Standard,591.68
1045,Katherine Frost,adamhensley.1045@example.net,Wallis and Futuna,2022-12-25,Standard,2118.74
1046,Martin Chapman MD,xwaller.1046@example.com,Argentina,2025-01-16,Basic,409.86
1047,Tina Wise,cruzariel.1047@example.org,Sao Tome and Principe,2023-12-13,Standard,2830.15
1048,James Coleman,william75.1048@example.net,Egypt,2025-08-19,Basic,292.94
1049,Megan Terry,timdorsey.1049@example.com,Oman,2023-07-05,Standard,314.1
1050,David Lane,josegibson.1050@example.net,Panama,2025-10-23,Standard,2332.65
1051,Janice Mccarthy,alexanderwise.1051@example.net,United Arab Emirates,2020-04-19,Premium,12431.01
1052,Jeffery Holt,stonejacob.1052@example.com,Macao,2020-03-29,Basic,661.95
1053,Tammy Booth,uwillis.1053@example.com,Botswana,2020-08-29,Standard,1393.19
1054,Eric Benitez,lisa43.1054@example.net,Suriname,2023-09-20,Standard,2266.91
1055,Jason Roberts,esmith.1055@example.net,Jersey,2024-09-27,Standard,678.98
1056,Christopher Fry,gregorylopez.1056@example.org,Korea,2021-06-12,Standard,2998.67
1057,Cheryl Bird,jacobbrown.1057@example.org,Tunisia,2021-01-15,Basic,138.92
1058,Carol Carter,nalexander.1058@example.org,Honduras,2025-10-01,Standard,2523.44
1059,John Hodges,hillmatthew.1059@example.net,Algeria,2025-01-06,Basic,169.95
1060,Victoria Davis,adamsstephanie.1060@example.net,Mali,2024-05-02,Premium,16085.14
1061,Kara Rogers,bennettabigail.1061@example.com,Japan,2023-04-07,Premium,17502.54
1062,Mary Gray,nathan55.1062@example.org,Azerbaijan,2022-10-23,Standard,2654.59
1063,Jennifer Houston,morgan10.1063@example.com,Uzbekistan,2020-02-20,Basic,380.57
1064,Michael Briggs,anthonymartinez.1064@example.net,Heard Island and McDonald Islands,2021-04-04,Standard,1400.68
1065,Mary Smith,qmontgomery.1065@example.com,Northern Mariana Islands,2025-12-30,Standard,2534.62
1066,Jeremy Lawson,allen50.1066@example.net,Iran,2022-04-07,Standard,1822.57
1067,Dr. Susan Navarro,baileysheila.1067@example.com,French Polynesia,2024-09-16,Standard,1939.58
1068,Michelle Johnson,jenniferkane.1068@example.net,Luxembourg,2024-09-14,Standard,860.99
1069,Mrs. Stephanie Friedman,turneremily.1069@example.net,Liberia,2022-01-25,Basic,356.93
1070,Ashley Holder,johnjackson.1070@example.net,Antarctica (the territory South of 60 deg S),2021-05-14,Standard,1234.46
1071,Connie Scott,sarahnguyen.1071@example.com,Lebanon,2024-08-16,Standard,2062.9
1072,Ann Holt,wadesandra.1072@example.net,Tunisia,2020-08-16,Standard,750.15
1073,Greg Kent,sarahmiranda.1073@example.net,Samoa,2023-04-23,Standard,1336.11
1074,Jessica Hall,yvaldez.1074@example.net,Eritrea,2025-12-08,Standard,2576.45
1075,Teresa Garner,carterdaniel.1075@example.com,Brazil,2024-10-03,Basic,437.16
1076,Emily Lawrence,david56.1076@example.net,Comoros,2025-02-09,Standard,2708.92
1077,Taylor Martinez,uwhitney.1077@example.com,Panama,2020-07-22,Basic,186.02
1078,Robert Phillips,danielsmith.1078@example.com,Cyprus,2021-05-02,Premium,9918.26
1079,Paul Sweeney,jfrazier.1079@example.net,Sweden,2021-11-02,Basic,400.33
1080,Zachary Mccarthy,,Lesotho,2021-12-14,Premium,9210.21
1081,Robert Hernandez,troypadilla.1081@example.com,Saint Barthelemy,2021-04-18,Basic,547.59
1082,Amy Grimes,melaniemichael.1082@example.org,Christmas Island,2026-07-01,Standard,616.42
1083,Caitlin Smith,tluna.1083@example.net,India,2021-02-06,Premium,11349.21
1084,Joseph Campbell,roberto75.1084@example.com,Qatar,2024-09-25,Standard,588.56
1085,Paul Carpenter,jacquelinekelley.1085@example.org,Sri Lanka,2023-12-03,Standard,1961.75
1086,Laura Ramos,hornjenna.1086@example.com,Liberia,2024-01-30,Standard,2524.69
1087,Matthew Cox,phyllis33.1087@example.net,Togo,2021-06-08,Standard,255.99
1088,William Shelton,gregoryvanessa.1088@example.org,Chile,2022-01-21,Basic,365.55
1089,Autumn Robertson,davisterri.1089@example.org,Guadeloupe,2024-01-21,Basic,394.16
1090,Andrew Allen,obooker.1090@example.net,Liechtenstein,2021-12-31,Standard,2216.71
1091,Megan Davis DDS,hailey26.1091@example.net,Svalbard & Jan Mayen Islands,2024-08-22,Basic,59.78
1092,Bryan Miller,phill.1092@example.com,Liechtenstein,2020-04-06,Standard,1336.86
1093,Michael Davis,andrewberry.1093@example.net,Nauru,2020-06-26,Premium,16138.66
1094,Kenneth Garcia,patrickcooke.1094@example.net,Bahrain,2024-11-13,Standard,1690.0
1095,Kimberly Burnett,richardhaynes.1095@example.com,Liechtenstein,2024-02-15,Premium,15497.23
1096,Marissa Molina,stonebrenda.1096@example.net,Cote d'Ivoire,2020-04-15,Standard,1219.23
1097,Jeremy Edwards,whitecarol.1097@example.org,Armenia,2026-01-04,Standard,2776.25
1098,Sarah Johnson,baileydelgado.1098@example.org,British Virgin Islands,2020-01-12,Standard,416.57
1099,Mary Wright,michael82.1099@example.com,Aruba,2026-05-22,Standard,455.26
1100,Erik Bartlett DVM,donna72.1100@example.net,New Caledonia,2024-11-16,Basic,422.79
1101,Cole Evans,haileybates.1101@example.org,Syrian Arab Republic,2026-08-10,Standard,1518.31
1102,Destiny Daniel,susanguzman.1102@example.org,Jamaica,2026-05-06,Basic,510.77
1103,Jennifer Miller,piercejorge.1103@example.net,Equatorial Guinea,2022-02-03,Standard,841.36
1104,Mark Adams,jbentley.1104@example.net,North Macedonia,2025-01-21,Standard,832.88
1105,Lisa Barnes,jenniferelliott.1105@example.net,Cape Verde,2021-05-30,Standard,2297.51
1106,Danielle Nelson,victoria66.1106@example.org,Martinique,2023-02-25,Basic,233.41
1107,Heidi Cook,suttonrichard.1107@example.com,Faroe Islands,2021-08-09,Premium,15091.25
1108,William Walker,mistyperez.1108@example.org,Zambia,2023-04-01,Standard,1993.98
1109,Elizabeth Nicholson,pattondavid.1109@example.net,Liechtenstein,2025-10-31,Basic,66.66
1110,Lisa Mosley,ricejackie.1110@example.com,Chile,2022-12-01,Basic,568.9
1111,Megan Kramer,stacey62.1111@example.com,Micronesia,2020-08-13,Standard,2662.64
1112,Jose Moore,iwoods.1112@example.com,Brunei Darussalam,2022-03-03,Premium,16699.63
1113,Margaret Wood,nicholasmoss.1113@example.org,Slovakia (Slovak Republic),2025-04-04,Premium,2159.51
1114,William Lindsey,erikabarnes.1114@example.com,Macao,2023-06-28,Standard,1711.2
1115,Robin Torres,joshua68.1115@example.net,Togo,2023-09-29,Basic,730.67
1116,Madison Jones,mezarichard.1116@example.com,Dominican Republic,2022-11-18,Standard,1876.43
1117,Timothy Stokes,martinbrian.1117@example.net,Algeria,2021-12-15,Premium,7225.87
1118,Jose Cuevas,urhodes.1118@example.org,Tuvalu,2023-12-31,Premium,5501.8
1119,Jeffery Ferguson,sullivanchristina.1119@example.net,Guatemala,2024-03-26,Standard,2117.85
1120,Amanda West,virginiaguerrero.1120@example.net,Chile,2026-01-02,Standard,2359.51
1121,Tiffany Henderson,gregoryrichardson.1121@example.org,Hong Kong,2024-02-17,Premium,18426.53
1122,Joshua Miranda,nathanielwilson.1122@example.net,British Indian Ocean Territory (Chagos Archipelago),2026-08-26,Premium,18302.9
1123,Mark Long,kevin44.1123@example.org,Uzbekistan,2025-07-11,Standard,1149.98
1124,Sarah Brown,sarah80.1124@example.com,Albania,2020-07-11,Premium,12869.78
1125,Steve Lopez,wmurphy.1125@example.org,Guinea,2022-08-15,Standard,484.25
1126,Stephanie Jenkins,garciatravis.1126@example.org,United States Minor Outlying Islands,2022-07-28,Premium,3700.33
1127,John Brooks,xsmith.1127@example.net,Haiti,2020-01-08,Standard,400.11
1128,Jeffrey Franco,imcclain.1128@example.com,Central African Republic,2021-03-17,Basic,741.72
1129,Michelle Rodriguez,michaelhamilton.1129@example.com,Finland,2025-02-04,Basic,121.95
1130,Caitlin Gonzalez,andersonrobert.1130@example.com,Lesotho,2022-05-09,Basic,385.86
1131,Michelle Nguyen,david78.1131@example.com,Serbia,2020-12-27,Standard,1412.6
1132,Tyler Sparks,vshaw.1132@example.com,Brunei Darussalam,2021-12-03,Premium,7845.88
1133,Michael Peterson,mauricesmith.1133@example.net,Nepal,2021-11-01,Standard,1705.65
1134,Jeffrey Williamson,hamiltonkeith.1134@example.com,Saint Lucia,2021-03-02,Basic,2.23
1135,Danielle Hoover MD,johnwang.1135@example.com,Romania,2020-09-04,Premium,8842.69
1136,Scott Fuller,hayneswayne.1136@example.org,Canada,2025-02-08,Standard,1542.16
1137,Tanya Simmons DDS,davidmorales.1137@example.com,Bermuda,2025-07-06,Standard,2449.25
1138,Crystal Rogers,jamesalicia.1138@example.net,Lesotho,2023-04-26,Standard,2162.7
1139,Jack Hahn,hicksdawn.1139@example.com,Rwanda,2024-02-11,Basic,679.81
1140,Anthony Garner,dwright.1140@example.org,Croatia,2026-02-22,Standard,1253.64
1141,Travis Cox,thomas91.1141@example.com,Gabon,2025-08-19,Standard,594.54
1142,Bianca Ward,davisalexander.1142@example.net,Sudan,2020-03-20,Basic,320.85
1143,Matthew Clark,julia98.1143@example.net,Hungary,2026-05-16,Premium,19335.07
1144,Amanda Donaldson,eatondavid.1144@example.net,Turks and Caicos Islands,2020-06-12,Premium,5857.9
1145,Joshua Cooper,jamesgriffin.1145@example.org,Saint Kitts and Nevis,2020-03-05,Standard,689.32
1146,Amanda Lee,mmayo.1146@example.net,Mexico,2022-09-11,Standard,2844.14
1147,Mitchell Bartlett,patricia85.1147@example.com,Bangladesh,2024-12-26,Standard,2859.78
1148,Donald Ponce,gbarnes.1148@example.org,French Guiana,2020-07-15,Premium,4686.26
1149,Robert Simpson,sosabruce.1149@example.net,Martinique,2021-12-16,Basic,615.56
1150,Jeanette Lawson,martinkaren.1150@example.com,Costa Rica,2021-10-03,Standard,1403.28
1151,Sherry Gibbs,adamarmstrong.1151@example.net,Korea,2022-08-28,Standard,1578.2
1152,Bryan Walker,kevin34.1152@example.net,Martinique,2026-08-04,Standard,1596.33
1153,Debra Gibbs,kellybowman.1153@example.com,Norway,2022-03-20,Basic,774.7
1154,Gregory Jacobs,veronicaclark.1154@example.org,Heard Island and McDonald Islands,2021-05-25,Standard,717.05
1155,Steven Phillips,christopher84.1155@example.net,Azerbaijan,2020-10-25,Basic,618.45
1156,Wesley Medina,hollowayjeffrey.1156@example.com,Trinidad and Tobago,2021-04-28,Premium,2102.13
1157,Mark Munoz,sharphailey.1157@example.net,Costa Rica,2020-11-21,Standard,1960.11
1158,Rhonda Mullins,rwalker.1158@example.org,Cape Verde,2023-11-01,Basic,522.14
1159,Steven Davis,uhall.1159@example.com,Cocos (Keeling) Islands,2022-10-23,Standard,2310.38
1160,Terri White,llopez.1160@example.org,Finland,2023-05-01,Standard,2792.69
1161,Chelsea Thomas,collinsnicole.1161@example.com,Japan,2025-07-25,Basic,603.07
1162,Joseph Acosta,spencerbrewer.1162@example.com,Sri Lanka,2023-11-18,Premium,15178.59
1163,Adam Rivas,morrisonnicholas.1163@example.org,Vietnam,2021-01-13,Standard,910.61
1164,Mark Smith,andersonkayla.1164@example.com,Algeria,2022-07-08,Basic,794.27
1165,Charles Malone,danielsloretta.1165@example.net,Uganda,2022-02-02,Basic,374.73
1166,David Stephens,tochoa.1166@example.com,Ethiopia,2025-07-11,Basic,333.96
1167,Jorge Copeland,smithbradley.1167@example.net,Cambodia,2022-01-19,Basic,401.5
1168,Harry Mitchell,barrandrew.1168@example.com,Uruguay,2020-12-04,Premium,9093.02
1169,William Walker DVM,tmcdaniel.1169@example.org,Finland,2024-12-02,Basic,474.91
1170,Tamara Huang,charles51.1170@example.com,Netherlands,2022-11-12,Standard,1178.95
1171,Jeffery Barry,gregorymoreno.1171@example.net,Poland,2020-08-22,Standard,871.85
1172,Jonathan Wood,colleen45.1172@example.org,Estonia,2024-08-11,Standard,2798.39
1173,Bridget Hernandez,mccormickmichelle.1173@example.org,Kiribati,2021-05-29,Basic,742.26
1174,Nicholas Thomas,hbriggs.1174@example.net,Gibraltar,2025-10-21,Standard,1589.49
1175,John Dudley DDS,huntercruz.1175@example.com,North Macedonia,2025-07-25,Basic,769.72
1176,Kimberly Vasquez,devon36.1176@example.com,Mauritania,2022-06-21,Premium,9482.91
1177,Paula Shepherd,patrickcarpenter.1177@example.com,Cyprus,2023-09-18,Premium,8972.82
1178,John Anderson,youngaaron.1178@example.org,Bouvet Island (Bouvetoya),2023-10-18,Standard,2767.34
1179,Charles Castaneda,pruittmichael.1179@example.org,Venezuela,2024-05-14,Premium,13392.51
1180,Autumn Dominguez,osanchez.1180@example.org,Cambodia,2020-06-17,Standard,2335.05
1181,Michael Bates,squinn.1181@example.com,Barbados,2022-03-04,Standard,1355.68
1182,Charles Sanchez,kmonroe.1182@example.org,American Samoa,2021-02-19,Standard,1339.6
1183,Nicole Hale,lhernandez.1183@example.com,French Southern Territories,2024-08-30,Premium,3499.47
1184,Melissa Mitchell,vjenkins.1184@example.com,Cape Verde,2020-06-17,Premium,19401.39
1185,Alexandra Wall,ibarraantonio.1185@example.org,Pitcairn Islands,2023-06-16,Standard,838.29
1186,Michelle Henderson,qspencer.1186@example.net,Cayman Islands,2024-11-12,Standard,1583.95
1187,Jennifer Brown,teresa86.1187@example.org,India,2026-05-04,Standard,520.91
1188,Rose Mcdonald,lynndaugherty.1188@example.net,Germany,2021-12-04,Standard,2011.47
1189,Maria Lee,kwilcox.1189@example.org,Botswana,2020-01-20,Standard,1294.45
1190,Douglas Weaver,millercarrie.1190@example.com,Bahrain,2024-11-02,Standard,2349.45
1191,Dakota Hickman,carlaavila.1191@example.com,Dominican Republic,2020-01-04,Premium,11510.82
1192,Rachel Williams,christopher99.1192@example.org,Germany,2020-06-11,Standard,562.54
1193,Tina Porter,hardingalan.1193@example.com,Germany,2026-08-15,Standard,230.07
1194,Erin Mosley,iswanson.1194@example.net,Macao,2025-10-07,Standard,794.86
1195,Janet Willis,shawkimberly.1195@example.org,Timor-Leste,2024-09-23,Standard,2228.17
1196,Mark Cisneros,robertsedward.1196@example.com,Djibouti,2025-08-02,Standard,2519.84
1197,Victor Black,lindseypena.1197@example.net,Saint Lucia,2020-07-03,Basic,273.07
1198,Scott Jordan,seth25.1198@example.com,Uganda,2020-08-05,Standard,1700.59
1199,Christian Burton,nallen.1199@example.net,Luxembourg,2022-01-04,Standard,872.04
1200,Tracy Harrington,ballarddouglas.1200@example.com,Benin,2020-02-28,Basic,704.35
1201,Candice Ramirez,udavis.1201@example.org,Haiti,2025-12-09,Standard,2902.58
1202,Dr. Pamela Ramos,christopher27.1202@example.com,Uzbekistan,2020-05-17,Standard,2308.23
1203,Scott Morales,shelbybonilla.1203@example.com,Togo,2023-08-21,Basic,71.11
1204,Jacqueline Fleming,scotthunt.1204@example.net,Madagascar,2025-09-15,Premium,9868.13
1205,Maria Figueroa,rbaker.1205@example.org,Ecuador,2024-11-29,Basic,792.4
1206,James Jones,mooredaniel.1206@example.com,Iceland,2021-07-27,Standard,842.28
1207,Joseph Cardenas,wcaldwell.1207@example.com,Botswana,2023-02-22,Standard,2077.32
1208,Christina Murphy,whitedaniel.1208@example.com,Ghana,2023-08-31,Standard,2827.98
1209,Ashley Gibson,wendy73.1209@example.net,Mayotte,2025-02-18,Premium,15917.66
1210,Andre Burke,stacythomas.1210@example.org,Hong Kong,2022-11-06,Basic,487.09
1211,Cindy Lewis,mayermichael.1211@example.com,Angola,2021-11-27,Premium,11120.69
1212,Benjamin Sullivan,onelson.1212@example.org,French Southern Territories,2025-04-26,Standard,2800.68
1213,Debbie Rivas,hsavage.1213@example.org,Bermuda,2025-12-04,Standard,1305.25
1214,Gregory Barnes,wpeterson.1214@example.com,Lebanon,2023-04-08,Basic,721.02
1215,Samantha Hoffman,tammykim.1215@example.net,Uganda,2020-03-09,Premium,9758.95
1216,Matthew Colon,christiancontreras.1216@example.net,Saint Martin,2023-05-07,Basic,605.24
1217,Ashley Cordova,alexis72.1217@example.com,Ireland,2025-12-11,Standard,2764.0
1218,Margaret Lane,abigail07.1218@example.org,Argentina,2026-08-12,Basic,440.51
1219,Carol Gray,julielopez.1219@example.net,Guernsey,2022-09-06,Premium,7577.84
1220,Jacqueline Cox,stephaniebonilla.1220@example.net,Gabon,2021-01-01,Premium,2917.76
1221,Mrs. Heather Clayton MD,wayne17.1221@example.net,Serbia,2023-10-29,Standard,2465.93
1222,Juan Martin,daniel27.1222@example.com,Jordan,2025-07-21,Premium,13196.18
1223,Madison Park,qmitchell.1223@example.net,Wallis and Futuna,2026-04-26,Standard,936.53
1224,Alan Randolph,cowanlinda.1224@example.org,Bosnia and Herzegovina,2020-05-06,Premium,17793.41
1225,Jeremy Perkins,nbrady.1225@example.net,Antigua and Barbuda,2021-12-10,Basic,736.24
1226,Ashley Gates,melissa33.1226@example.com,Zambia,2023-03-12,Basic,709.73
1227,Robert Padilla,belllaura.1227@example.com,Saint Vincent and the Grenadines,2020-08-27,Basic,481.21
1228,Debra Hopkins,xsmith.1228@example.org,Gambia,2025-12-04,Basic,781.27
1229,Alexander Gibbs,anunez.1229@example.com,Tajikistan,2020-09-30,Basic,699.84
1230,Jenna Jensen,matthew96.1230@example.org,India,2024-06-12,Standard,491.93
1231,Jeanette Chandler,solisbecky.1231@example.org,Iraq,2026-02-21,Standard,2947.1
1232,Beth Wilson,zachary63.1232@example.org,Morocco,2024-07-31,Basic,439.05
1233,Caitlin Morris,ocameron.1233@example.com,Bermuda,2025-02-06,Basic,736.03
1234,Luke Stephens,johnsonalexander.1234@example.net,Belgium,2021-10-05,Basic,608.27
1235,Miss Paula Lopez,ujohnson.1235@example.org,Palau,2025-07-13,Basic,518.05
1236,Renee Gray,kennethnichols.1236@example.org,Eritrea,2022-10-19,Standard,1114.68
1237,William Camacho,hillsavannah.1237@example.net,Bouvet Island (Bouvetoya),2020-05-29,Basic,21.62
1238,Dennis White,hho.1238@example.org,Belarus,2022-06-14,Basic,221.39
1239,Robert Gutierrez,nkirk.1239@example.com,Libyan Arab Jamahiriya,2022-05-04,Standard,2120.3
1240,Joanne Martin,clarkrobert.1240@example.com,French Southern Territories,2023-06-27,Basic,690.49
1241,Amanda Daugherty,bergerdonna.1241@example.net,Guatemala,2021-10-08,Standard,206.57
1242,Joseph Scott,mcooley.1242@example.net,British Virgin Islands,2023-02-02,Basic,166.38
1243,Brittany Camacho,catherineherrera.1243@example.net,Brazil,2022-11-11,Premium,14115.22
1244,Teresa Adams,anthonytaylor.1244@example.org,Liberia,2022-03-09,Basic,226.91
1245,Julie Lamb,stephaniebailey.1245@example.net,Jordan,2024-08-27,Premium,4550.65
1246,Ryan Love,qnielsen.1246@example.org,India,2022-01-15,Standard,429.42
1247,Daniel Bowen,silvakatie.1247@example.com,Jersey,2025-02-13,Premium,13481.82
1248,Lisa Lawson,vhenderson.1248@example.com,Japan,2021-09-04,Standard,1865.61
1249,Joanna Preston,ashleybrooks.1249@example.net,Malawi,2025-10-13,Standard,2604.12
1250,Kerry Sanders,brenda49.1250@example.net,Brazil,2022-06-10,Basic,251.87
1251,Benjamin Sandoval,lisajordan.1251@example.org,Holy See (Vatican City State),2020-04-09,Standard,582.81
1252,Michelle Lewis,kimberlymartinez.1252@example.com,Montenegro,2021-01-01,Basic,639.32
1253,Daniel Robinson,rachel81.1253@example.com,Monaco,2025-05-22,Standard,2966.92
1254,Peter Stewart,jennifer19.1254@example.net,Ghana,2025-10-30,Premium,8487.01
1255,Donald Wilson,jameslang.1255@example.com,Korea,2021-06-01,Basic,692.28
1256,Dominique Schneider,carolyngarza.1256@example.org,Togo,2024-01-10,Basic,610.04
1257,Joseph Rose,buckjustin.1257@example.com,Guadeloupe,2023-11-03,Standard,2752.44
1258,Denise Molina,jonescody.1258@example.com,Iran,2020-11-22,Basic,339.5
1259,Edwin Riggs,hawkinslawrence.1259@example.net,Lithuania,2023-01-08,Basic,81.04
1260,Anthony Smith,cameronsharon.1260@example.org,Bosnia and Herzegovina,2024-08-21,Standard,531.4
1261,Nathaniel Burnett,michelle63.1261@example.org,Suriname,2026-06-19,Basic,610.56
1262,Amanda Williams,villamiranda.1262@example.com,Gabon,2025-09-01,Basic,690.67
1263,Christopher Taylor,bakerhailey.1263@example.com,Kuwait,2020-08-26,Standard,1479.65
1264,Tracy Gutierrez,martinezmichelle.1264@example.net,Kiribati,2021-08-03,Standard,366.8
1265,Vanessa Morris,boydjohn.1265@example.com,Saint Martin,2022-12-02,Premium,3200.71
1266,Heather Houston,qperez.1266@example.com,Ecuador,2021-01-02,Standard,1876.08
1267,Adam Robinson,heatherjones.1267@example.com,Svalbard & Jan Mayen Islands,2023-10-25,Basic,734.9
1268,Kevin Rose,glopez.1268@example.com,Togo,2020-01-22,Basic,319.67
1269,Jonathan Sloan,kathleen47.1269@example.net,Cyprus,2020-10-04,Standard,2021.74
1270,James Jones,paul79.1270@example.net,Jamaica,2020-04-25,Standard,1717.62
1271,Bridget Walter,ginalynn.1271@example.net,Samoa,2021-12-22,Premium,18015.64
1272,John Schmidt,allenpatricia.1272@example.org,Guinea,2025-02-04,Standard,2530.69
1273,Chris Shaw,david81.1273@example.com,Malawi,2021-03-08,Basic,159.48
1274,James Reilly,brian45.1274@example.org,Congo,2026-08-07,Standard,2097.12
1275,Katherine Hamilton,jaime29.1275@example.com,Pitcairn Islands,2021-10-20,Standard,2573.01
1276,Steven Johnston,lucassusan.1276@example.org,Dominican Republic,2020-04-19,Standard,2804.7
1277,Jennifer Long,pateljoshua.1277@example.net,Cyprus,2022-03-30,Standard,1851.8
1278,Michele Roberts,tyler23.1278@example.com,Afghanistan,2024-12-31,Basic,140.73
1279,Eric Knox,lopezrebecca.1279@example.net,Dominican Republic,2020-09-17,Basic,446.59
1280,Jesse Rivers,lesliejones.1280@example.org,Papua New Guinea,2020-06-24,Standard,2064.29
1281,Sierra Jackson,bpatterson.1281@example.org,Senegal,2025-09-05,Standard,962.97
1282,Shane Kennedy,wheelertara.1282@example.net,Aruba,2023-12-16,Standard,2924.4
1283,Carol Thomas,bradleyveronica.1283@example.org,Bhutan,2022-04-18,Standard,842.11
1284,Gregory Gardner DDS,torresjill.1284@example.com,El Salvador,2025-01-20,Standard,2751.79
1285,Joseph Beck,stephen54.1285@example.net,Tonga,2025-08-23,Premium,9653.25
1286,Alicia Irwin,rrodriguez.1286@example.net,Togo,2022-05-27,Basic,0.44
1287,Kenneth Dominguez,donnathomas.1287@example.com,Jersey,2023-10-02,Standard,1721.21
1288,Tracie Wiley,jamie13.1288@example.com,Philippines,2020-01-27,Standard,1959.2
1289,Michael Barron,harcher.1289@example.org,India,2022-01-17,Premium,17648.54
1290,Kevin Miles,rlandry.1290@example.com,Syrian Arab Republic,2023-12-24,Basic,432.45
1291,Wayne Porter,hamiltonspencer.1291@example.com,Poland,2021-04-26,Premium,3694.33
1292,Mary Torres,stevenhernandez.1292@example.com,France,2026-08-17,Standard,2795.08
1293,Roger Martinez,marshalexis.1293@example.org,Liechtenstein,2026-06-29,Basic,452.28
1294,Gregory Campbell,adam50.1294@example.org,Togo,2021-09-21,Standard,960.29
1295,Christina Richards MD,stephaniereeves.1295@example.org,Cyprus,2022-08-25,Basic,719.09
1296,Jenny Rasmussen,kennedymichael.1296@example.net,Bolivia,2021-04-07,Standard,538.56
1297,Meghan Morris,samantha94.1297@example.org,Mozambique,2023-05-15,Basic,77.99
1298,Curtis Torres,feliciagonzalez.1298@example.org,French Southern Territories,2020-10-29,Basic,428.01
1299,Joseph Benson,ygardner.1299@example.com,Macao,2022-08-12,Standard,1949.68
1300,Julia Gaines,taylor67.1300@example.com,Anguilla,2023-09-17,Standard,1630.69
1301,Rachel Carpenter,idavis.1301@example.net,Holy See (Vatican City State),2024-02-03,Standard,2801.18
1302,Ryan Martinez,christineyoder.1302@example.com,Paraguay,2023-12-27,Basic,210.26
1303,Anthony Brown,fordkathryn.1303@example.net,Switzerland,2021-06-24,Basic,792.19
1304,Melissa Lin,cookconnor.1304@example.com,British Virgin Islands,2025-04-18,Basic,15.48
1305,Kathleen Walker,mileszachary.1305@example.net,Peru,2024-08-16,Basic,94.83
1306,Loretta Gonzalez,kevincollins.1306@example.org,Bangladesh,2025-01-13,Standard,719.89
1307,Dan Wells,hernandeznichole.1307@example.net,Syrian Arab Republic,2023-02-16,Standard,422.81
1308,William Wilkins,hmyers.1308@example.com,Tajikistan,2025-12-19,Standard,1427.01
1309,Mark Lopez,lorraine79.1309@example.org,Svalbard & Jan Mayen Islands,2022-08-10,Basic,692.3
1310,John Roberts,georgeharmon.1310@example.net,Bolivia,2025-05-21,Basic,656.61
1311,Robert Marshall,rrichardson.1311@example.com,Suriname,2021-05-12,Standard,2285.32
1312,James Carpenter,shernandez.1312@example.com,Antigua and Barbuda,2021-08-26,Standard,220.75
1313,Nathan Hill,wwilliams.1313@example.org,Cayman Islands,2023-07-10,Standard,2623.98
1314,Kelly Palmer,vincent83.1314@example.com,China,2023-09-19,Basic,317.2
1315,Scott Taylor,michaelball.1315@example.com,Slovenia,2024-12-27,Basic,585.31
1316,Lisa White,sandra17.1316@example.com,Russian Federation,2021-12-27,Premium,15084.54
1317,Luis Powell,david59.1317@example.net,Aruba,2025-11-01,Premium,5195.38
1318,Kathryn Shelton,christianerik.1318@example.org,Gibraltar,2022-03-16,Standard,1643.11
1319,Ashley Gilmore,tinastokes.1319@example.net,Saint Lucia,2023-07-28,Premium,18671.26
1320,David Johnson,acampos.1320@example.org,San Marino,2026-03-25,Basic,210.44
1321,Tammy Morris,alexandernicholas.1321@example.net,Qatar,2023-08-10,Standard,2202.08
1322,Christina Henry,ogray.1322@example.net,Philippines,2024-07-23,Standard,2882.54
1323,Cheryl Perkins,jeremiah26.1323@example.net,Norfolk Island,2026-01-27,Standard,1209.77
1324,Jason Payne,harrislisa.1324@example.org,Barbados,2026-07-07,Standard,1285.37
1325,Laura Wells,jacob87.1325@example.org,Guinea,2023-05-04,Basic,362.05
1326,Mario Sawyer,christine82.1326@example.org,Montenegro,2022-10-15,Standard,2465.31
1327,David Guzman,martinezzachary.1327@example.org,Greenland,2021-04-25,Premium,9907.12
1328,Hunter Brennan,walkershelia.1328@example.com,Cayman Islands,2023-08-05,Standard,1561.49
1329,Kathryn Ross,charles93.1329@example.net,Azerbaijan,2026-02-20,Basic,177.85
1330,Amanda Fisher,aguilarsharon.1330@example.com,Cook Islands,2023-04-04,Basic,790.68
1331,Morgan Glass,pamela02.1331@example.org,Panama,2022-04-30,Standard,2698.59
1332,Michele Cannon,youngcharles.1332@example.net,Argentina,2020-09-18,Standard,1880.71
1333,Angela Arnold,tina69.1333@example.net,Yemen,2022-08-09,Premium,19290.08
1334,Danny Bell MD,josephwilliams.1334@example.org,Slovenia,2021-08-01,Standard,2123.59
1335,Shannon Fleming,andrewbrown.1335@example.org,Saint Pierre and Miquelon,2026-07-13,Premium,19263.9
1336,Jessica Simmons,tranbrett.1336@example.com,Burundi,2023-07-12,Basic,129.23
1337,Greg Hull,kimpenny.1337@example.com,Dominica,2020-11-30,Basic,180.37
1338,Stacy Mcguire,christophersmith.1338@example.com,Montenegro,2020-06-13,Premium,17933.28
1339,Anthony Brown,ritteralexis.1339@example.net,Kazakhstan,2025-09-08,Standard,1375.65
1340,Dana Carter,justinedwards.1340@example.net,New Caledonia,2026-03-24,Premium,8680.84
1341,David Stephens,hmendoza.1341@example.net,Lithuania,2025-02-06,Standard,2312.14
1342,Jacob Arnold,priscilla37.1342@example.net,Trinidad and Tobago,2020-10-29,Premium,13345.86
1343,Ashley Reed,alisonadams.1343@example.net,Isle of Man,2020-08-28,Standard,1163.4
1344,Kelly Torres,nramirez.1344@example.org,Micronesia,2021-04-28,Basic,318.29
1345,David Alexander,davidhardy.1345@example.org,Serbia,2025-01-08,Premium,9350.91
1346,Debra Chapman,bbenton.1346@example.com,French Southern Territories,2025-02-11,Basic,101.07
1347,Scott Cruz Jr.,brownmelissa.1347@example.com,Costa Rica,2025-08-08,Premium,6131.97
1348,Eric Weaver,blopez.1348@example.net,Guernsey,2020-08-24,Standard,1705.08
1349,Susan Patrick,kentkaren.1349@example.com,Nauru,2021-01-09,Standard,2389.12
1350,Jeffrey Daniel,katherinepeterson.1350@example.net,Saint Pierre and Miquelon,2026-01-07,Basic,335.24
1351,Donna Ritter,aguirreangela.1351@example.net,Martinique,2026-03-17,Premium,8900.35
1352,Debbie Horne,ucoleman.1352@example.net,Lao People's Democratic Republic,2024-11-07,Premium,13709.29
1353,Angela Wright,davidsmith.1353@example.net,Mauritius,2020-09-15,Basic,125.8
1354,Derrick King,matthew60.1354@example.net,Palau,2020-06-16,Basic,304.6
1355,Sarah Wallace,martinezashley.1355@example.com,Andorra,2020-05-15,Standard,782.78
1356,Dr. Daniel Brown,csmith.1356@example.com,Wallis and Futuna,2024-08-16,Premium,13729.63
1357,Jessica Scott,hillcheryl.1357@example.com,Solomon Islands,2025-08-27,Standard,514.62
1358,Bridget Williamson,jordan72.1358@example.org,Australia,2024-03-22,Basic,358.26
1359,Jessica Stewart,dannyjohnson.1359@example.net,Micronesia,2021-10-02,Standard,1869.31
1360,Alexis Kirk,bruceklein.1360@example.com,Thailand,2025-01-23,Standard,2534.29
1361,Billy Wallace,amber09.1361@example.org,Malawi,2020-05-24,Standard,2228.74
1362,Melanie Jones,youngmark.1362@example.com,Japan,2025-07-15,Standard,2840.02
1363,Jason Pearson,douglas59.1363@example.com,Latvia,2025-12-17,Basic,543.9
1364,Chris Garza,christy25.1364@example.org,Botswana,2024-10-20,Basic,279.35
1365,Lauren Cooper,lindseydixon.1365@example.net,Cuba,2025-11-17,Premium,6171.03
1366,Jane Cuevas,crivas.1366@example.net,Belgium,2023-12-02,Basic,45.27
1367,Laura Kelley,benjaminvictoria.1367@example.net,Italy,2023-02-17,Standard,977.25
1368,Mary Meyer,abbottallison.1368@example.org,Ghana,2022-02-26,Standard,583.18
1369,Robert Madden,james94.1369@example.org,Djibouti,2026-02-28,Standard,1233.83
1370,Nicholas Beard,hedwards.1370@example.net,Guyana,2024-08-29,Basic,562.06
1371,Lisa Cole,bellwilliam.1371@example.com,Italy,2021-04-10,Standard,2137.7
1372,Danielle Blankenship,ashleyserrano.1372@example.org,Peru,2026-05-25,Standard,1090.87
1373,Brad Fisher,catherineflynn.1373@example.com,Cameroon,2020-05-24,Basic,406.84
1374,Sherri Smith,xchen.1374@example.org,British Indian Ocean Territory (Chagos Archipelago),2023-12-05,Premium,5901.89
1375,Natalie Martinez,jbaker.1375@example.net,Antigua and Barbuda,2021-04-10,Basic,402.38
1376,Sean Sellers,kjohnson.1376@example.org,United Kingdom,2024-06-10,Standard,1628.23
1377,Michelle Wilson,zgomez.1377@example.net,Ukraine,2022-10-04,Standard,1043.63
1378,Parker Kelly,brittany91.1378@example.net,Kiribati,2022-12-03,Standard,926.51
1379,John Taylor,vmccoy.1379@example.com,Cocos (Keeling) Islands,2024-06-27,Standard,2942.81
1380,Matthew Gray,hernandezalan.1380@example.net,Kazakhstan,2025-01-20,Standard,1703.95
1381,Johnny Williams,williamchapman.1381@example.org,Maldives,2022-07-17,Standard,1773.81
1382,Tiffany Williams,ymitchell.1382@example.com,Western Sahara,2026-09-02,Basic,6.24
1383,Gregory Martin,russellramirez.1383@example.net,France,2023-05-02,Basic,145.47
1384,Deanna Obrien,tommy32.1384@example.com,Botswana,2021-01-26,Basic,285.3
1385,Katie Jackson,elizabeththomas.1385@example.org,Netherlands Antilles,2020-01-16,Standard,2904.75
1386,Ronnie Johnson,moyeramber.1386@example.org,Costa Rica,2021-05-09,Standard,690.68
1387,Cameron Chavez,shelly96.1387@example.net,Uruguay,2024-08-14,Standard,1049.21
1388,Jeffrey Baker,moransamantha.1388@example.org,Tonga,2023-08-10,Premium,19822.83
1389,Regina Garner,victoriadennis.1389@example.org,Cyprus,2022-04-04,Basic,384.89
1390,Nicolas Powers,murphywilliam.1390@example.com,Barbados,2023-03-21,Standard,1091.54
1391,Rebecca Stewart,patricia06.1391@example.org,Tajikistan,2025-08-08,Standard,1976.2
1392,James Hahn,averycourtney.1392@example.org,Peru,2023-10-27,Standard,1589.65
1393,Diane Gonzalez,josephhernandez.1393@example.org,Turkey,2020-05-21,Standard,2880.86
1394,Jeffrey Henry,tapiamercedes.1394@example.net,New Zealand,2020-04-29,Standard,432.95
1395,James Silva,jenniferwilliams.1395@example.net,Northern Mariana Islands,2023-03-23,Standard,2413.53
1396,Mary Henry,todd24.1396@example.org,Norfolk Island,2022-09-14,Standard,981.44
1397,Daniel Mccarty,iharper.1397@example.com,Ukraine,2025-09-07,Standard,2458.67
1398,Audrey Marshall,robert75.1398@example.org,Ghana,2023-11-24,Standard,2573.62
1399,Karen Ballard,baileyraymond.1399@example.org,Liechtenstein,2025-01-22,Basic,679.38
1400,Daniel Rosales,bmcdaniel.1400@example.com,Ireland,2023-11-30,Premium,17600.52
1401,James Ramos,hartmarcus.1401@example.net,Iran,2022-04-23,Standard,2210.76
1402,Mark Williams,rita47.1402@example.net,Kiribati,2024-05-24,Standard,598.73
1403,Mario Gould,kwalker.1403@example.net,Nicaragua,2024-02-26,Standard,345.33
1404,James Deleon,david80.1404@example.net,Grenada,2024-10-24,Basic,272.61
1405,Daniel Nichols,katie81.1405@example.net,Cayman Islands,2021-04-07,Standard,1586.2
1406,Susan Rivera,oheath.1406@example.com,Cuba,2024-04-15,Basic,242.1
1407,Kelsey Mason,shelbyjohnson.1407@example.org,Somalia,2021-11-28,Basic,593.77
1408,Mark Watts,swilliams.1408@example.com,Antigua and Barbuda,2025-04-13,Standard,2222.84
1409,Sherri Atkins,karen66.1409@example.org,Belarus,2025-05-03,Standard,2921.39
1410,Adrian Greer,wagnerjade.1410@example.net,Netherlands,2024-03-05,Standard,1321.6
1411,Larry Collins,codychapman.1411@example.com,Gibraltar,2026-04-30,Standard,2400.04
1412,Dale Baker,bhunt.1412@example.com,Palau,2023-08-05,Standard,2275.36
1413,Jason Ramirez,bbennett.1413@example.org,Finland,2020-03-02,Standard,2968.5
1414,Jake Payne,patrickkaiser.1414@example.net,Botswana,2024-01-20,Standard,2366.12
1415,Jillian Woods,bwalker.1415@example.com,Botswana,2025-03-14,Standard,994.01
1416,Sean Burns,martin11.1416@example.net,Egypt,2020-09-04,Standard,242.76
1417,Sara Hodges,thomaschristina.1417@example.com,Bahamas,2020-09-12,Standard,2910.87
1418,Chris Morris,tking.1418@example.net,Mongolia,2021-10-29,Basic,572.86
1419,Justin Burns,rsavage.1419@example.net,Luxembourg,2025-08-23,Standard,2475.3
1420,Kayla Trevino,susan35.1420@example.com,Saint Martin,2023-07-11,Standard,2421.08
1421,Peter Martin,morseronald.1421@example.org,San Marino,2026-07-12,Basic,588.61
1422,Jeff Jackson,martinsamuel.1422@example.org,Spain,2025-11-01,Standard,2304.13
1423,Edward Graham,jtaylor.1423@example.com,French Polynesia,2023-09-16,Standard,2802.48
1424,Brenda Mills,alexandra95.1424@example.net,Costa Rica,2024-07-16,Standard,2759.51
1425,Gary Francis,april47.1425@example.com,Timor-Leste,2022-03-19,Premium,8826.08
1426,Jason Hernandez,frankespinoza.1426@example.com,Bangladesh,2020-08-08,Basic,24.77
1427,Jimmy Davis,collinsjacob.1427@example.net,Nigeria,2022-08-31,Standard,308.31
1428,Sophia Cooper,ewheeler.1428@example.com,American Samoa,2023-12-17,Standard,1450.59
1429,Elizabeth Weber,joshuahoover.1429@example.com,Iraq,2021-03-20,Standard,2537.94
1430,Nicholas Ramirez,ann31.1430@example.net,Estonia,2021-06-25,Standard,2573.31
1431,Erin Ingram,martinezalexa.1431@example.net,Nauru,2020-02-06,Standard,1332.29
1432,Richard Hays,tammy97.1432@example.org,Bermuda,2024-11-27,Basic,241.29
1433,Steven Williams,douglasalvarez.1433@example.org,Malawi,2026-01-05,Standard,1618.48
1434,Peter Allen,ecoleman.1434@example.com,India,2025-07-13,Premium,16985.78
1435,Ryan Stewart,tschroeder.1435@example.com,Belgium,2022-07-16,Standard,1982.19
1436,Sara Castro,stephaniedougherty.1436@example.com,Liechtenstein,2023-12-20,Basic,111.84
1437,Alexander Diaz,gina86.1437@example.net,Lao People's Democratic Republic,2026-06-04,Standard,1214.26
1438,Tammie Lee,jessica39.1438@example.net,Holy See (Vatican City State),2023-12-15,Standard,1755.19
1439,Joseph Smith,sarahcowan.1439@example.org,Georgia,2021-12-23,Standard,1707.13
1440,Lisa Johnson,clinton54.1440@example.net,Falkland Islands (Malvinas),2022-04-06,Basic,664.51
1441,Mario Maddox,ssanders.1441@example.net,Swaziland,2024-11-10,Standard,2810.08
1442,Katherine Wells,roysara.1442@example.net,Tunisia,2022-12-25,Basic,80.37
1443,Noah Pitts,johnsonanthony.1443@example.net,Bulgaria,2025-08-06,Premium,6039.34
1444,Michael Edwards,barnesmegan.1444@example.org,Togo,2025-10-11,Basic,313.73
1445,Ryan Charles,tonya39.1445@example.net,Ghana,2020-03-28,Basic,237.12
1446,Teresa Powell,rebeccamatthews.1446@example.com,Taiwan,2024-11-01,Standard,1343.21
1447,Derek Thompson,brownmandy.1447@example.net,Aruba,2022-06-22,Standard,314.02
1448,Sarah Everett,charlotte86.1448@example.org,Georgia,2023-06-23,Standard,384.84
1449,Melissa Knight,ann15.1449@example.com,Kyrgyz Republic,2021-10-08,Standard,2547.41
1450,Evan Sims,wilsonchristopher.1450@example.net,Angola,2022-06-18,Standard,487.23
1451,Shawn Harding,kristinarobinson.1451@example.com,Gambia,2022-03-17,Premium,16833.35
1452,Michael Thompson,julierojas.1452@example.com,Burundi,2020-05-03,Basic,245.21
1453,Edward Wolfe,robert34.1453@example.org,Estonia,2025-03-26,Standard,1065.83
1454,Kelly Gallegos,burnsbeth.1454@example.com,Poland,2020-12-15,Standard,482.09
1455,Keith Chaney,benjamindavenport.1455@example.com,Jordan,2022-07-06,Standard,237.14
1456,Kathy Gallegos,debbie43.1456@example.com,South Africa,2021-04-16,Standard,1194.81
1457,Andre Wilson,christopher34.1457@example.org,Palestinian Territory,2021-01-27,Standard,2539.0
1458,James Chapman,thomasmcdonald.1458@example.com,Antigua and Barbuda,2022-06-30,Standard,2775.88
1459,George Wong,jacqueline50.1459@example.org,Bolivia,2026-02-21,Standard,372.44
1460,Nicole Gonzales,robintorres.1460@example.com,Nicaragua,2026-04-24,Basic,24.73
1461,Kara Sanchez,swatkins.1461@example.com,Saint Kitts and Nevis,2022-07-21,Standard,644.64
1462,Timothy Young,carolyn76.1462@example.com,Vietnam,2023-05-18,Basic,613.03
1463,Allen Hunt,fisherkim.1463@example.net,Uzbekistan,2026-08-04,Standard,773.67
1464,Beverly Cook,olivia83.1464@example.net,Austria,2021-07-27,Standard,846.27
1465,Christopher Smith,parkerkatie.1465@example.com,Cameroon,2026-04-25,Standard,2689.04
1466,Scott Kim,nicoleturner.1466@example.org,Saint Kitts and Nevis,2020-09-15,Premium,17749.08
1467,Christopher Garcia,ericpeters.1467@example.com,Mexico,2021-07-05,Basic,536.23
1468,John Sanchez,ehale.1468@example.net,United States Virgin Islands,2022-04-06,Standard,659.24
1469,Gabriel Campbell,hugheslucas.1469@example.org,Peru,2020-03-31,Standard,1267.22
1470,Michael Cordova,icarlson.1470@example.org,Anguilla,2025-06-15,Basic,188.94
1471,Gerald Morrow,nicolethompson.1471@example.org,New Zealand,2025-09-19,Standard,2081.17
1472,Cole Clark,pmelendez.1472@example.org,Jordan,2022-07-25,Basic,623.94
1473,Eric Leonard,morgandestiny.1473@example.com,Liberia,2025-08-04,Standard,597.97
1474,Michael Flowers,greenstephanie.1474@example.org,Lao People's Democratic Republic,2025-03-01,Basic,718.36
1475,Regina Smith,reedjessica.1475@example.net,Ghana,2025-05-11,Standard,1495.91
1476,Matthew Santiago,autumncruz.1476@example.com,Jamaica,2025-05-14,Premium,16310.11
1477,Robert Odonnell,turnerjonathan.1477@example.net,Macao,2023-11-01,Standard,344.59
1478,Christopher Coleman,kimberly58.1478@example.com,Senegal,2020-09-27,Premium,8490.46
1479,Travis Zimmerman,fberg.1479@example.org,Eritrea,2026-03-05,Basic,11.82
1480,John Williams,zacharymendez.1480@example.com,Trinidad and Tobago,2024-01-26,Standard,2211.76
1481,Darlene Rogers,dstevens.1481@example.net,French Polynesia,2026-01-09,Standard,422.46
1482,Jeremy Evans,danielsguy.1482@example.com,Argentina,2026-05-31,Standard,1147.2
1483,Christopher Nichols,howardbenjamin.1483@example.net,Brunei Darussalam,2021-04-02,Basic,625.4
1484,Jimmy Williamson,cynthiajordan.1484@example.com,Uruguay,2022-09-09,Standard,2297.11
1485,Lee Cummings,uwilliams.1485@example.com,Sudan,2021-04-15,Basic,512.23
1486,Mark Turner,reyestina.1486@example.org,Iran,2020-05-04,Premium,14492.37
1487,Sonya Copeland,whitejulie.1487@example.net,Jersey,2026-06-17,Basic,520.99
1488,Kimberly Leon,leonashley.1488@example.com,Puerto Rico,2026-03-04,Standard,1995.57
1489,Michael Lopez,brooksthomas.1489@example.com,Macao,2026-03-25,Standard,1179.03
1490,Aaron Clark,jacobsrenee.1490@example.net,Slovenia,2025-11-27,Standard,278.86
1491,Richard Reid,rsandoval.1491@example.com,Bhutan,2024-05-03,Premium,9952.87
1492,Dwayne Joseph,jeffreyfletcher.1492@example.org,Sweden,2023-06-29,Basic,36.37
1493,James Spears,omatthews.1493@example.net,American Samoa,2026-08-18,Basic,375.09
1494,Patrick Clark,matthew57.1494@example.org,Qatar,2023-09-10,Standard,1499.42
1495,Laura Miller,emilyscott.1495@example.org,Libyan Arab Jamahiriya,2024-04-17,Basic,142.98
1496,Ethan Craig,christopher85.1496@example.com,Antarctica (the territory South of 60 deg S),2021-06-01,Premium,16116.71
1497,Jennifer Hubbard,colleenjackson.1497@example.com,Sao Tome and Principe,2024-12-28,Premium,14675.77
1498,Bonnie Lawson,angela73.1498@example.com,Thailand,2025-06-24,Premium,12071.71
1499,Cassandra Moore,davisjeffery.1499@example.org,Slovakia (Slovak Republic),2024-07-14,Standard,2792.54
1500,Kyle Flores,wpierce.1500@example.org,Guyana,2023-05-02,Premium,7169.37
1501,Emily Nichols,beckgloria.1501@example.net,India,2021-04-28,Standard,933.69
1502,Tim Moore,michelesimpson.1502@example.com,Tunisia,2020-03-23,Premium,5301.84
1503,Mary Vega,ricardosmith.1503@example.com,Bolivia,2024-03-11,Basic,435.55
1504,Mark Montgomery,acarpenter.1504@example.com,Burundi,2024-07-25,Basic,164.29
1505,David Hudson,greenejessica.1505@example.org,Latvia,2025-03-01,Standard,2632.91
1506,Martha Arnold,craneandrew.1506@example.net,Tonga,2026-05-10,Standard,1052.07
1507,Cynthia Kennedy,melissamartin.1507@example.com,Rwanda,2023-04-29,Basic,392.74
1508,Joel Sanchez,marcuscarter.1508@example.org,Netherlands,2025-07-17,Standard,1682.63
1509,Kathryn Rodriguez,yfritz.1509@example.org,Netherlands,2024-10-15,Basic,246.12
1510,Andrea Goodman,monica23.1510@example.com,Pitcairn Islands,2021-11-07,Standard,2267.57
1511,Jason Green,ecamacho.1511@example.com,Saint Barthelemy,2025-08-25,Standard,2137.8
1512,Jessica Carey,baldwincatherine.1512@example.net,Bahamas,2020-05-10,Premium,15694.6
1513,Kayla Banks,lisa05.1513@example.com,Japan,2024-01-02,Basic,484.74
1514,Ashley Jackson,garciamelanie.1514@example.net,Isle of Man,2026-04-15,Basic,368.15
1515,Gary Benson,donald37.1515@example.org,Kuwait,2024-05-28,Standard,1456.97
1516,Michael Rivera,wgoodwin.1516@example.com,Korea,2026-04-07,Basic,573.23
1517,Dylan Walker,ashley90.1517@example.org,Heard Island and McDonald Islands,2020-05-17,Basic,301.63
1518,Karen Gonzales,jennifer42.1518@example.net,French Polynesia,2023-07-24,Premium,9870.68
1519,Shannon Scott,julianeal.1519@example.org,Denmark,2025-03-21,Basic,130.94
1520,Deanna Griffith,rosalesbrandy.1520@example.org,Samoa,2024-04-17,Standard,2102.97
1521,Laurie Mason,kwoods.1521@example.com,Mali,2025-11-20,Standard,415.39
1522,Mr. James Barnett,nicholas72.1522@example.net,Bahrain,2023-02-03,Premium,19829.22
1523,Richard Mccormick,jeffrey33.1523@example.org,Pakistan,2024-07-24,Basic,114.99
1524,Sara Singleton,michaelstevens.1524@example.net,Slovenia,2022-10-22,Basic,306.38
1525,Brett Rivera,judithcox.1525@example.org,Bangladesh,2025-10-30,Standard,865.79
1526,Amy Knight,angela88.1526@example.org,Egypt,2020-10-18,Standard,1013.84
1527,Shannon Perez,jonathanstevenson.1527@example.net,Saint Barthelemy,2021-09-12,Standard,1102.87
1528,Anna Lee,mthompson.1528@example.com,Switzerland,2020-08-24,Basic,574.67
1529,Darren Willis,escobardavid.1529@example.com,Mozambique,2024-09-10,Basic,141.4
1530,Mark Gonzalez,imarshall.1530@example.org,Brazil,2021-07-22,Standard,938.8
1531,Cindy Freeman,mmiller.1531@example.org,Montenegro,2022-02-13,Standard,483.38
1532,Jessica Day,perkinsmichelle.1532@example.org,Namibia,2025-08-05,Standard,1128.09
1533,Katherine Thompson,qgay.1533@example.com,Madagascar,2022-05-29,Standard,2835.48
1534,Joseph Peterson,ppalmer.1534@example.com,Philippines,2020-12-22,Standard,1264.31
1535,Steven Hicks,connie12.1535@example.com,Lithuania,2020-02-21,Premium,15992.09
1536,Timothy Ramos,haroldhodges.1536@example.net,Northern Mariana Islands,2021-07-07,Premium,10310.67
1537,Jonathan Flores,jamesrodriguez.1537@example.org,Marshall Islands,2026-02-11,Standard,1458.88
1538,Michael Morris,tgarcia.1538@example.net,Congo,2023-09-01,Basic,659.18
1539,Erika Black,kfloyd.1539@example.net,Lebanon,2026-08-26,Standard,275.09
1540,Kaitlyn Chase,rchan.1540@example.org,Gabon,2021-06-09,Standard,2621.68
1541,Eric Elliott,dustin55.1541@example.net,Serbia,2022-05-08,Basic,388.17
1542,Heather Trujillo,zsmith.1542@example.org,Korea,2021-02-02,Basic,280.9
1543,Elizabeth Brooks,andrew33.1543@example.net,Gibraltar,2022-08-30,Standard,2739.14
1544,Christina Lewis,ugibbs.1544@example.net,Macao,2023-10-07,Premium,8117.47
1545,Gabriel Castillo,ggates.1545@example.org,Saint Helena,2025-05-27,Standard,2937.55
1546,Tyler Mccarthy,ccrane.1546@example.net,Egypt,2022-06-17,Standard,2821.8
1547,Mark Hill,valerie96.1547@example.org,Heard Island and McDonald Islands,2025-02-27,Standard,950.18
1548,Paul Nguyen,hmclean.1548@example.com,Singapore,2024-03-09,Standard,1153.69
1549,Curtis Miller,jholloway.1549@example.net,Ecuador,2021-12-13,Premium,16619.02
1550,Melissa Taylor,ashley48.1550@example.net,Sierra Leone,2026-02-05,Standard,747.71
1551,Scott Stein,harrellholly.1551@example.net,Kiribati,2022-11-26,Basic,585.56
1552,Cristian Mata,jackmcdonald.1552@example.com,Eritrea,2021-01-03,Standard,561.62
1553,Jessica Shaffer,cassandra02.1553@example.org,South Georgia and the South Sandwich Islands,2026-06-08,Standard,775.7
1554,Keith Forbes,deckerbrian.1554@example.net,Madagascar,2026-02-08,Standard,1601.42
1555,Austin Jones,kristy74.1555@example.net,Bermuda,2020-04-30,Basic,596.71
1556,Julie Santos,schmidtlauren.1556@example.org,Comoros,2026-01-12,Premium,15309.72
1557,Steve Gamble,wangryan.1557@example.com,Canada,2026-05-02,Standard,1904.98
1558,Melissa Wilkins,charles95.1558@example.com,Jersey,2025-07-17,Standard,961.92
1559,Alicia Perez,moraleskelly.1559@example.net,Japan,2021-09-14,Standard,1363.06
1560,Kim Valdez,jonathanwalker.1560@example.net,Cook Islands,2024-03-21,Basic,196.97
1561,Christine White,patricia92.1561@example.org,Anguilla,2023-08-07,Basic,221.61
1562,Ethan Hall,chanamber.1562@example.org,Cote d'Ivoire,2024-02-23,Standard,1105.03
1563,Thomas Barton,kevincoleman.1563@example.com,Anguilla,2024-02-14,Premium,12779.26
1564,Jaime Wallace,natalieblackburn.1564@example.org,Samoa,2024-04-09,Standard,781.27
1565,Ray Lawrence,omargriffin.1565@example.com,British Virgin Islands,2023-06-09,Standard,319.19
1566,Barbara Sherman,costawilliam.1566@example.net,British Indian Ocean Territory (Chagos Archipelago),2024-08-13,Standard,2138.87
1567,Jennifer Clark MD,wyang.1567@example.net,Madagascar,2023-07-09,Basic,17.45
1568,James Fisher,timothy81.1568@example.com,Togo,2020-02-10,Basic,776.63
1569,Ryan Turner,gomezsonya.1569@example.org,Reunion,2020-03-27,Standard,1180.8
1570,Victor Blair,santoslisa.1570@example.com,Ukraine,2026-05-28,Standard,218.43
1571,Joseph Taylor,brandon32.1571@example.net,Latvia,2026-01-29,Premium,17922.54
1572,Jacqueline Perry,brownleah.1572@example.net,Cayman Islands,2023-12-01,Standard,1879.45
1573,Rita White,hthompson.1573@example.org,Turkmenistan,2021-03-02,Premium,16713.06
1574,Mario Stout,buchanananthony.1574@example.org,Estonia,2025-03-23,Basic,348.02
1575,Amanda Wiggins,anthony05.1575@example.org,United States Minor Outlying Islands,2020-12-15,Basic,283.35
1576,Carolyn Garcia,ywilliams.1576@example.net,Guernsey,2022-07-10,Standard,2034.53
1577,Julie Perry,christophermcneil.1577@example.org,Ukraine,2022-03-16,Standard,1336.8
1578,John Lam,mtaylor.1578@example.net,Equatorial Guinea,2020-01-31,Standard,1757.38
1579,Anne Vasquez,marcusfernandez.1579@example.net,Switzerland,2025-05-24,Basic,222.26
1580,Bradley Davis,davidrobertson.1580@example.org,Iraq,2023-05-29,Standard,1131.41
1581,Nicholas Turner,olivia13.1581@example.org,Russian Federation,2022-02-11,Premium,3479.43
1582,Sophia Wolf,hbarnett.1582@example.net,Bulgaria,2023-05-23,Standard,2387.84
1583,Amanda Bullock,robert29.1583@example.net,Hungary,2020-01-01,Premium,8279.31
1584,Andrew Norton,bauertiffany.1584@example.org,Central African Republic,2022-12-03,Standard,2930.0
1585,Mr. Mark Montoya,kmorris.1585@example.com,Morocco,2023-06-22,Standard,927.32
1586,Kimberly Wilson,nhayes.1586@example.com,Fiji,2022-04-09,Standard,1530.15
1587,Katherine Dunn,matthew24.1587@example.com,Panama,2025-07-20,Basic,244.43
1588,Richard Simmons,barnettmatthew.1588@example.net,Anguilla,2021-09-02,Premium,14490.66
1589,Micheal Martinez,codyhester.1589@example.org,Guatemala,2020-12-02,Standard,2463.42
1590,Robert Blackwell,shaun81.1590@example.net,Malawi,2023-07-12,Basic,389.61
1591,Patrick Fox,donaldbecker.1591@example.org,Slovakia (Slovak Republic),2025-12-06,Premium,8604.7
1592,Heidi Hall,annaschmidt.1592@example.org,Yemen,2022-07-05,Standard,2285.3
1593,Shannon Perez,nicholasgarcia.1593@example.org,Venezuela,2020-04-23,Standard,736.07
1594,Diana Haley,amberfriedman.1594@example.com,Yemen,2026-06-26,Standard,1878.51
1595,Julie Taylor,hphillips.1595@example.com,Wallis and Futuna,2022-12-20,Basic,586.9
1596,Thomas Austin,aaron48.1596@example.net,Bangladesh,2021-02-26,Standard,953.95
1597,Pamela Roman,fischerdonald.1597@example.com,Zambia,2024-02-12,Standard,2035.96
1598,Corey Flowers,petermoore.1598@example.com,Barbados,2022-02-19,Premium,15234.07
1599,Patrick Blackburn,tabithahill.1599@example.com,Canada,2026-04-09,Premium,4113.5
1600,Bruce Collins,scottchambers.1600@example.com,Bosnia and Herzegovina,2021-12-18,Premium,7830.33
1601,Kimberly Bishop,chall.1601@example.com,Cape Verde,2023-09-05,Basic,325.04
1602,Dillon Travis,beardkaren.1602@example.net,Hong Kong,2023-08-19,Basic,620.77
1603,Michael Glenn,daniel76.1603@example.net,Libyan Arab Jamahiriya,2021-08-15,Basic,454.0
1604,Linda Cox,jeffrey11.1604@example.net,Trinidad and Tobago,2023-05-04,Premium,10092.11
1605,Brian Carrillo,bcopeland.1605@example.com,Tajikistan,2020-09-23,Standard,1092.56
1606,Danielle Kelly,rebecca85.1606@example.com,American Samoa,2024-04-21,Basic,3.25
1607,Kevin Wade Jr.,marqueztodd.1607@example.net,Slovakia (Slovak Republic),2025-01-25,Standard,256.62
1608,Sheila Contreras,kcastro.1608@example.com,Armenia,2026-05-08,Premium,6328.03
1609,Autumn Gallagher,garzalaura.1609@example.org,Guyana,2022-03-06,Basic,93.35
1610,Matthew Alexander,tochoa.1610@example.net,Kuwait,2021-11-27,Premium,4152.56
1611,Jessica Odonnell,bentleylisa.1611@example.net,Cuba,2023-09-02,Premium,12849.31
1612,Jason Johnson,andrewbautista.1612@example.org,Korea,2024-08-18,Basic,484.36
1613,Richard Nguyen,michael55.1613@example.org,Qatar,2026-08-20,Standard,325.36
1614,Kimberly Morris,kayla23.1614@example.net,Iran,2020-03-02,Standard,1863.02
1615,Luis Singh,,Taiwan,2021-08-04,Standard,608.29
1616,Jared Howell,leslietorres.1616@example.net,Northern Mariana Islands,2021-10-02,Basic,301.78
1617,Mr. Jeffrey Ward,katherineharris.1617@example.net,Cayman Islands,2021-09-15,Premium,19814.31
1618,Jonathan May,marcusrodriguez.1618@example.net,French Polynesia,2023-02-06,Basic,417.6
1619,Michael Melendez,raymonddominguez.1619@example.org,Panama,2025-11-01,Standard,295.73
1620,Hector Anderson,jphelps.1620@example.net,Hungary,2020-03-16,Premium,8257.85
1621,Tricia Nguyen,kirkjill.1621@example.com,Czech Republic,2025-06-15,Standard,2078.51
1622,Willie Johnson,pmckenzie.1622@example.net,Czech Republic,2024-02-17,Standard,828.87
1623,Brianna Phillips,johnperez.1623@example.net,Angola,2024-02-11,Standard,2900.46
1624,Laura Gutierrez,amassey.1624@example.net,Thailand,2024-07-14,Standard,1390.82
1625,Robert Cox,yburton.1625@example.net,Spain,2020-10-08,Standard,259.04
1626,Angela Steele,ryan53.1626@example.com,Gibraltar,2024-12-28,Standard,1713.59
1627,Dr. Katie Alvarez,laurariley.1627@example.org,Germany,2021-08-28,Basic,540.95
1628,Michael Bray,aguirrecassandra.1628@example.net,Swaziland,2023-06-15,Basic,364.79
1629,Jeffrey Garza,stevenandrews.1629@example.org,Bahrain,2024-07-10,Standard,2798.88
1630,Gregory Dillon,andrewwest.1630@example.net,Cameroon,2024-01-14,Standard,2725.41
1631,David Mosley,flemingcameron.1631@example.net,Antarctica (the territory South of 60 deg S),2022-02-28,Standard,589.09
1632,Mrs. Jodi Ryan,wjordan.1632@example.org,Peru,2022-08-25,Standard,423.85
1633,Joshua Maldonado,mark98.1633@example.com,Germany,2023-03-09,Premium,7621.56
1634,Patricia Jones,arellanobrian.1634@example.com,Bahrain,2020-04-10,Standard,1902.77
1635,Kyle Blake,ucross.1635@example.org,Christmas Island,2024-11-07,Premium,12828.72
1636,Brandon Shah,anthonymcfarland.1636@example.net,Montserrat,2020-09-01,Standard,960.6
1637,Ryan White,yballard.1637@example.net,Georgia,2023-01-24,Basic,760.88
1638,David Gonzalez,gregory64.1638@example.com,Guernsey,2024-05-18,Standard,1060.53
1639,Shawn Brown,morgankaren.1639@example.net,Moldova,2020-07-15,Standard,2451.76
1640,Kendra Smith,flemingcody.1640@example.org,Hungary,2026-08-28,Standard,2529.54
1641,Tina Lopez,anthony99.1641@example.com,Niger,2022-07-10,Standard,475.62
1642,Michael Moore,nwhite.1642@example.com,Holy See (Vatican City State),2020-02-08,Standard,851.15
1643,Robin Wallace,patriciamccarthy.1643@example.org,Nigeria,2024-05-27,Standard,802.54
1644,Emily Carter,mcconnellpamela.1644@example.org,Guernsey,2023-09-23,Basic,735.72
1645,Mr. Zachary Mora DVM,brittanyjackson.1645@example.org,Vanuatu,2024-04-12,Premium,8319.89
1646,Gina Diaz,hbowers.1646@example.net,Dominican Republic,2025-01-07,Standard,2542.12
1647,Thomas Morse,zlopez.1647@example.org,Sudan,2023-03-07,Standard,1538.45
1648,Joseph Andrews,abbottchristopher.1648@example.net,Martinique,2025-07-11,Basic,365.78
1649,Chad Gallagher,psherman.1649@example.org,French Guiana,2022-06-22,Basic,722.74
1650,John Morris MD,ypowell.1650@example.org,Iceland,2023-08-24,Basic,352.72
1651,Chelsea Davis,tyler40.1651@example.net,Uganda,2021-01-22,Standard,2285.59
1652,Walter Cruz,daniellestevenson.1652@example.net,Guinea,2024-02-22,Premium,9638.8
1653,Kelly Thompson,colongabrielle.1653@example.com,Heard Island and McDonald Islands,2021-09-30,Standard,485.24
1654,Michelle Jones,lozanocorey.1654@example.org,Costa Rica,2024-08-28,Basic,42.48
1655,Thomas Harris,oclark.1655@example.net,Portugal,2025-05-10,Basic,166.59
1656,Suzanne Rivera,glassadam.1656@example.org,Christmas Island,2025-09-28,Basic,577.81
1657,Charles Sanchez,xserrano.1657@example.com,Paraguay,2026-03-18,Premium,8725.69
1658,Lori Harris,nicole69.1658@example.net,Turkey,2020-10-25,Basic,363.29
1659,Ryan Lopez,robert06.1659@example.com,Slovakia (Slovak Republic),2020-12-02,Basic,81.5
1660,Amanda Wang,aking.1660@example.net,Brunei Darussalam,2026-03-11,Standard,1944.51
1661,Katherine White,chadwilson.1661@example.org,Greece,2022-07-18,Standard,2449.65
1662,Melissa Mitchell,sherryscott.1662@example.net,France,2020-03-04,Standard,1949.11
1663,Stephen Harris,melissa41.1663@example.org,Benin,2021-12-01,Standard,2956.92
1664,Brian Perez,hgonzalez.1664@example.org,Syrian Arab Republic,2025-08-03,Standard,245.76
1665,Dana Gilbert,wlopez.1665@example.net,Kazakhstan,2022-05-16,Premium,2282.06
1666,Pamela Lopez,scotthammond.1666@example.net,Cote d'Ivoire,2020-07-06,Basic,400.0
1667,Danielle Thompson,bradley02.1667@example.com,Kyrgyz Republic,2024-10-29,Basic,213.13
1668,Edgar Brown,rachelbrown.1668@example.com,Colombia,2021-04-20,Basic,549.21
1669,Andrea Sanchez,matthewgriffith.1669@example.org,Marshall Islands,2022-05-11,Standard,2420.99
1670,Michael Ortiz,angela28.1670@example.com,Martinique,2020-01-10,Premium,3843.85
1671,Charles Garcia,montgomerygeoffrey.1671@example.com,Djibouti,2024-01-10,Standard,2768.55
1672,Barbara Walker,jamesanna.1672@example.com,Niue,2022-12-23,Basic,23.94
1673,Karen Duncan,elliottcharles.1673@example.net,Hungary,2025-10-18,Standard,2127.53
1674,John Wright,gina67.1674@example.net,North Macedonia,2022-03-27,Basic,307.6
1675,Heather Thomas,jmendoza.1675@example.com,Northern Mariana Islands,2021-05-14,Standard,2068.83
1676,Isabel Smith,sylviaprice.1676@example.com,Sri Lanka,2021-02-09,Standard,473.38
1677,Sarah Archer,douglas76.1677@example.net,Brunei Darussalam,2021-05-03,Basic,749.66
1678,Jesse Farley,jared66.1678@example.com,Kyrgyz Republic,2023-01-06,Standard,2824.74
1679,Danielle Marquez,matthew62.1679@example.net,Montenegro,2020-07-31,Basic,415.52
1680,John Huffman,stacydaniel.1680@example.net,Somalia,2022-09-09,Standard,1626.84
1681,John Daniels,tbrooks.1681@example.org,Korea,2025-09-18,Premium,13426.55
1682,George Wu,rebecca96.1682@example.org,Palestinian Territory,2025-02-17,Premium,12441.24
1683,Allison Clark,bgiles.1683@example.org,Montenegro,2024-04-05,Basic,434.84
1684,Margaret Andrews,joshuareese.1684@example.net,Spain,2025-12-21,Standard,1849.74
1685,Bianca Velazquez,edwardstewart.1685@example.org,Germany,2025-03-20,Basic,686.9
1686,Thomas Booth,lowekristin.1686@example.org,Greenland,2024-05-12,Basic,488.85
1687,Tina Parker,edwardsrachel.1687@example.org,Bahrain,2025-10-08,Standard,748.34
1688,Michael Roberts,cindy59.1688@example.com,Bolivia,2020-10-30,Basic,731.13
1689,Thomas Ortiz,rachelhernandez.1689@example.com,Monaco,2025-06-21,Basic,172.77
1690,Danielle Wilson,rgraves.1690@example.net,Yemen,2021-12-22,Premium,4972.91
1691,James Gray,reginadavis.1691@example.org,Chile,2024-11-25,Basic,797.65
1692,Lauren White,willisvanessa.1692@example.com,Uganda,2026-02-08,Standard,797.57
1693,Gerald Miller,wallerstacey.1693@example.net,Heard Island and McDonald Islands,2023-04-26,Standard,480.26
1694,Chase Haney,thompsonclaire.1694@example.net,Somalia,2020-08-04,Standard,1773.62
1695,Rachel Gomez,suzanneflores.1695@example.net,South Georgia and the South Sandwich Islands,2022-06-23,Basic,661.75
1696,Holly King DDS,lsmith.1696@example.com,Mali,2022-09-20,Premium,3093.51
1697,Melody Baker,burnsrebecca.1697@example.org,Jersey,2026-04-06,Standard,1572.29
1698,Bianca Good,billy71.1698@example.com,Nigeria,2026-04-20,Standard,391.81
1699,John Price,navarroandrew.1699@example.com,Puerto Rico,2023-10-20,Premium,9716.44
1700,Rachel Russell,heidi55.1700@example.net,Guam,2026-05-10,Basic,275.17
1701,Douglas Miller,sherriball.1701@example.net,Korea,2022-12-01,Basic,109.7
1702,Allison Anderson,trujillorobin.1702@example.net,Serbia,2022-10-01,Premium,18758.38
1703,Robert Maxwell,sanchezgregory.1703@example.org,Tonga,2025-08-04,Premium,13427.97
1704,Lisa Moore,smithalexander.1704@example.com,Niue,2024-06-17,Basic,674.45
1705,Bryan Padilla,vwelch.1705@example.net,Cook Islands,2023-06-29,Premium,18307.0
1706,Rickey Hall,lopezjennifer.1706@example.org,Australia,2023-01-20,Premium,18743.34
1707,Craig Travis,hughescolleen.1707@example.org,Netherlands,2024-09-19,Basic,598.49
1708,Amy Lopez,taylordennis.1708@example.net,Albania,2025-01-13,Basic,245.56
1709,Laura Lopez,thompsonjames.1709@example.org,British Virgin Islands,2023-04-13,Standard,2521.01
1710,Mark Vargas,lopezmelinda.1710@example.org,Netherlands Antilles,2020-03-18,Standard,1656.51
1711,Roger Moss,shunter.1711@example.org,Marshall Islands,2020-09-05,Basic,217.32
1712,Christopher Brown,penatammy.1712@example.com,Lithuania,2020-12-18,Standard,1280.17
1713,Phillip Moran,raven09.1713@example.com,American Samoa,2023-02-02,Standard,1043.43
1714,Lisa Chung,floreskelsey.1714@example.com,Montenegro,2024-02-08,Basic,372.96
1715,Karen Porter,jessica57.1715@example.com,Serbia,2025-05-16,Standard,2387.74
1716,Christopher Vazquez,vedwards.1716@example.org,Ireland,2021-07-21,Standard,1557.63
1717,Steven Hayes,uhobbs.1717@example.com,Cambodia,2025-04-04,Standard,950.0
1718,Jane Berg,bbarnes.1718@example.org,Canada,2024-06-14,Standard,444.73
1719,Brittany Shah,bdiaz.1719@example.net,Cuba,2020-05-06,Standard,2596.12
1720,Alex Myers,smiththomas.1720@example.com,Gabon,2022-05-07,Standard,1368.63
1721,Mr. Samuel Freeman DDS,jeremy79.1721@example.net,Guinea,2022-01-09,Standard,1437.38
1722,Brenda Stone,jonesmarcus.1722@example.com,Lithuania,2025-12-05,Basic,610.98
1723,Gina Collins,robertsmith.1723@example.com,Niger,2026-02-27,Standard,2579.23
1724,Glenda Brooks,mcarr.1724@example.org,Portugal,2025-06-23,Premium,11200.61
1725,Jacob Sanchez,mikewaller.1725@example.org,Western Sahara,2023-07-13,Standard,1970.63
1726,Laura Rivera,haley57.1726@example.com,Congo,2023-04-18,Standard,869.64
1727,Crystal Watkins,tammyharrington.1727@example.net,Dominica,2022-01-30,Basic,748.05
1728,Spencer Cruz,tracyharrison.1728@example.org,Cameroon,2025-03-02,Standard,1790.18
1729,Theresa Luna,christopher77.1729@example.net,Bangladesh,2020-07-29,Standard,2214.89
1730,Helen Strickland,mprice.1730@example.com,Lebanon,2021-10-24,Basic,91.37
1731,Karen Thomas,jeffreysmith.1731@example.com,Faroe Islands,2020-11-26,Premium,13464.58
1732,Robert Lopez,todd59.1732@example.net,Uzbekistan,2023-04-21,Premium,8641.1
1733,Kathy Wright,phillipsbruce.1733@example.org,Honduras,2022-01-02,Basic,360.05
1734,Charles Johnson,ahaynes.1734@example.com,Pakistan,2021-04-27,Standard,2110.05
1735,James Moore,dmiller.1735@example.org,Kenya,2022-07-08,Basic,637.06
1736,Lawrence Mitchell,daniel47.1736@example.com,Namibia,2025-10-03,Basic,279.49
1737,Kristen Wood,marcussmith.1737@example.org,Germany,2023-09-24,Basic,698.59
1738,Jennifer Nguyen,opierce.1738@example.com,Taiwan,2025-07-02,Premium,5941.83
1739,Jorge Sharp,schneidermario.1739@example.net,Rwanda,2026-02-09,Basic,450.32
1740,Joseph Bentley,tylermcintosh.1740@example.org,Dominica,2026-01-12,Basic,121.01
1741,Greg Jones,fischerteresa.1741@example.com,Iran,2022-05-07,Standard,1009.9
1742,Kimberly Davis,warrendarlene.1742@example.com,Cote d'Ivoire,2025-11-12,Basic,716.33
1743,Anthony Vega,wmoore.1743@example.com,Anguilla,2026-01-29,Standard,232.36
1744,Daniel Hall,dayheidi.1744@example.com,Cape Verde,2026-06-01,Basic,732.49
1745,Alicia Cannon,vincentmorris.1745@example.net,Lithuania,2022-05-07,Standard,1119.53
1746,Curtis Johnson,caldwellheidi.1746@example.net,Denmark,2021-07-11,Standard,2148.23
1747,Isabel Roach,ssmith.1747@example.org,Chad,2023-11-27,Premium,3650.93
1748,Natasha Campbell,ilewis.1748@example.org,Moldova,2026-03-25,Basic,513.02
1749,Craig Hurst,william23.1749@example.net,India,2026-01-08,Standard,2746.49
1750,Marisa Hunt,santosshannon.1750@example.com,Iraq,2023-10-26,Premium,11993.63
1751,Shelly Gonzalez,jackwilliams.1751@example.org,Montenegro,2020-12-30,Premium,8518.19
1752,Anthony Sims,marissa39.1752@example.com,Montenegro,2022-10-28,Basic,634.86
1753,Christopher Cook,jay04.1753@example.org,Luxembourg,2024-10-09,Premium,14829.06
1754,Carmen Vasquez,dcortez.1754@example.com,Monaco,2023-09-30,Standard,529.54
1755,Aaron Johnson,laura31.1755@example.net,Australia,2022-04-23,Standard,2063.96
1756,Nicholas Ali,arroyosarah.1756@example.com,Bhutan,2022-04-16,Standard,2061.04
1757,Jacqueline Ramirez,richardsondebbie.1757@example.com,Palau,2020-05-25,Standard,2305.38
1758,Dennis Conrad,evansaustin.1758@example.org,Tuvalu,2021-12-05,Standard,1085.66
1759,Shirley Frederick,davidfields.1759@example.net,China,2024-06-22,Basic,321.02
1760,Lauren Grant,rodriguezjenny.1760@example.com,Faroe Islands,2021-08-12,Basic,768.03
1761,Cindy Sanders,warnertimothy.1761@example.net,Honduras,2026-08-22,Standard,1805.68
1762,William Ray,johnsonryan.1762@example.com,Aruba,2020-07-20,Standard,1623.81
1763,John Pham,chungnancy.1763@example.net,Anguilla,2023-12-08,Standard,2963.18
1764,Aaron Santos,sylvia33.1764@example.net,Tunisia,2023-04-27,Basic,183.65
1765,Michelle Newton,shansen.1765@example.com,France,2025-07-27,Standard,1314.22
1766,Jacqueline Winters,christopher57.1766@example.com,Saint Kitts and Nevis,2025-12-07,Standard,2327.67
1767,James Mcdonald,malikfowler.1767@example.com,Guatemala,2023-08-20,Basic,570.48
1768,Jeffrey Guzman,dylan78.1768@example.com,Turks and Caicos Islands,2024-03-18,Premium,19400.61
1769,Joshua Becker,marvinhoward.1769@example.com,Tuvalu,2024-09-02,Standard,2032.04
1770,Glenn Chen,coopersamantha.1770@example.net,Samoa,2023-06-26,Premium,7635.71
1771,Jennifer Colon,melissaberry.1771@example.org,Turkmenistan,2021-03-27,Standard,1313.43
1772,Aaron Michael,mooneyamy.1772@example.net,Papua New Guinea,2022-11-12,Standard,451.2
1773,Gabriel Copeland MD,jodisutton.1773@example.com,Vietnam,2021-08-12,Basic,738.98
1774,Nicole Watts,zmills.1774@example.org,Botswana,2023-02-08,Standard,560.27
1775,Chelsea Smith,daniellechavez.1775@example.net,South Africa,2024-02-11,Premium,11822.67
1776,Dana Sullivan,simpsonruth.1776@example.net,Sweden,2021-05-26,Basic,321.12
1777,Andre Martinez,amberdavis.1777@example.org,Colombia,2021-09-01,Basic,107.38
1778,Hunter Powell,jonesshaun.1778@example.org,Qatar,2025-07-02,Standard,1020.38
1779,Kevin Mendoza,matthew53.1779@example.com,Nicaragua,2022-07-11,Basic,506.86
1780,Andre Haynes,sheltontiffany.1780@example.com,Tokelau,2021-04-29,Standard,287.5
1781,Kevin Gilmore,xmullins.1781@example.org,Yemen,2024-10-07,Standard,2904.77
1782,Olivia Miller,yvang.1782@example.org,El Salvador,2024-10-15,Premium,18363.72
1783,Anna James,millerjennifer.1783@example.net,Guadeloupe,2025-07-10,Premium,3522.83
1784,Richard Bond,cassandraharrison.1784@example.com,Cuba,2025-01-29,Basic,694.68
1785,Megan Johnson,rdavis.1785@example.org,Madagascar,2026-08-19,Basic,262.86
1786,Karl Solis,ljones.1786@example.com,Mauritania,2023-11-04,Standard,389.01
1787,Steven Carter Jr.,kingdavid.1787@example.net,French Guiana,2021-12-01,Premium,7510.03
1788,Mr. James Garner,ronald21.1788@example.org,Palau,2025-10-08,Basic,647.11
1789,Sean Silva,kelseywilliams.1789@example.org,Lithuania,2021-10-08,Premium,13984.97
1790,Charles Yang,jenniferstokes.1790@example.org,Yemen,2021-12-11,Standard,867.97
1791,Michael Hurst,kimmichael.1791@example.net,Heard Island and McDonald Islands,2025-07-16,Premium,14945.18
1792,Jennifer Brown,barnesarthur.1792@example.com,Estonia,2025-11-22,Premium,14740.78
1793,Christopher Hudson,thomas83.1793@example.org,Papua New Guinea,2022-04-08,Standard,2280.01
1794,Karen Arellano,seanbarajas.1794@example.com,Palestinian Territory,2024-11-16,Basic,432.53
1795,Charles Anderson,brandiwilson.1795@example.org,Reunion,2026-03-02,Standard,2493.05
1796,Ashley Wade,dsmith.1796@example.net,Myanmar,2025-05-04,Standard,1995.81
1797,Shannon Solis,turnerlisa.1797@example.com,Comoros,2020-01-13,Basic,100.32
1798,Juan Sims,nmendoza.1798@example.org,Togo,2024-06-10,Standard,2468.72
1799,Philip Woods,thomasdavid.1799@example.net,Barbados,2021-02-18,Basic,259.01
1800,Darin Baker,johnmolina.1800@example.net,Bahamas,2025-08-28,Standard,2174.1
1801,Michael Galvan,uwilliams.1801@example.com,India,2020-06-12,Standard,2090.37
1802,Karen Avery,oobrien.1802@example.net,Malawi,2026-08-22,Standard,1140.56
1803,Kyle Roberts,wlucas.1803@example.net,Sierra Leone,2021-03-09,Basic,129.35
1804,Michele Waters,reynoldsanthony.1804@example.org,Sierra Leone,2022-10-23,Basic,555.97
1805,Victoria Peterson,woodphillip.1805@example.com,Taiwan,2021-07-25,Basic,679.22
1806,Seth Barker,samantha78.1806@example.com,Puerto Rico,2025-06-10,Premium,17088.16
1807,Kim Jensen,taylordavis.1807@example.com,Bahrain,2022-08-18,Standard,1954.21
1808,Emily Bullock,crystal44.1808@example.net,United States of America,2024-12-23,Basic,181.93
1809,George Lowe,ashleebailey.1809@example.com,Fiji,2020-06-13,Standard,1085.39
1810,Melissa Lee,carla39.1810@example.org,Poland,2023-01-10,Basic,603.7
1811,Lauren Thompson,jennifer85.1811@example.org,Saint Kitts and Nevis,2026-02-02,Standard,1350.39
1812,Catherine Holland,danielle39.1812@example.net,Luxembourg,2026-03-13,Standard,2250.99
1813,Glenn Scott,john74.1813@example.net,Barbados,2021-05-24,Basic,247.56
1814,Colin Villa,david68.1814@example.com,Vanuatu,2022-08-21,Standard,217.69
1815,Kayla Fisher,jgibson.1815@example.net,Ethiopia,2022-09-26,Standard,1889.77
1816,Karen Hughes,jarviscourtney.1816@example.com,British Indian Ocean Territory (Chagos Archipelago),2023-10-12,Standard,1882.57
1817,Benjamin Rodriguez,herbertward.1817@example.org,Mauritania,2023-08-05,Basic,502.04
1818,Matthew Brown,david16.1818@example.org,Bouvet Island (Bouvetoya),2020-09-15,Standard,950.92
1819,Daniel Munoz,tiffany44.1819@example.com,Sao Tome and Principe,2025-02-05,Standard,2471.0
1820,Kevin Farmer,sarah53.1820@example.org,Chile,2021-07-05,Basic,389.97
1821,Anna Yang,nharris.1821@example.org,Faroe Islands,2022-02-08,Standard,2334.69
1822,Joe Martin,pmartinez.1822@example.com,China,2025-08-14,Basic,488.87
1823,Kevin Greene,joshuasmith.1823@example.net,Hungary,2024-08-11,Basic,332.86
1824,Jeremy Hernandez,glewis.1824@example.org,Tuvalu,2022-08-26,Standard,2102.96
1825,Phillip Harris,wjefferson.1825@example.com,Peru,2026-02-06,Basic,459.98
1826,Jonathan Gilbert,hkim.1826@example.com,Taiwan,2022-08-20,Standard,1629.99
1827,Lindsay Hale,xobrien.1827@example.org,Honduras,2023-10-12,Premium,13674.09
1828,Donald Espinoza,kristinclark.1828@example.com,United Arab Emirates,2021-08-23,Standard,440.63
1829,Kristine Brewer,nicolasrich.1829@example.org,Bahrain,2021-03-23,Standard,2748.73
1830,Heather Smith,bmarquez.1830@example.com,Jordan,2023-04-15,Premium,8031.48
1831,Darryl Richardson,fblankenship.1831@example.com,Eritrea,2023-10-06,Standard,829.14
1832,Linda Patrick,omoore.1832@example.net,Tanzania,2025-05-21,Standard,2361.03
1833,Thomas Davis,wernermichael.1833@example.org,Qatar,2022-08-12,Standard,847.42
1834,Edward Garrison,wrightalicia.1834@example.com,Fiji,2025-12-25,Premium,19923.85
1835,Shane Oliver,jeremycollins.1835@example.net,Montserrat,2024-01-23,Basic,336.39
1836,Cynthia Morton,keithharrison.1836@example.com,Congo,2020-06-20,Standard,1030.55
1837,Peggy Tran,jonescraig.1837@example.org,Heard Island and McDonald Islands,2024-12-09,Premium,3117.17
1838,Erika Jackson,ericfrederick.1838@example.org,Faroe Islands,2023-11-04,Standard,317.05
1839,Anthony Moore,masonpatricia.1839@example.com,Bulgaria,2022-08-08,Standard,466.39
1840,Julia Gibson,michelleflowers.1840@example.net,Russian Federation,2023-02-15,Standard,214.09
1841,Andrea Bennett,reevesfernando.1841@example.net,Afghanistan,2022-01-06,Standard,1115.85
1842,Jennifer Warren,steven76.1842@example.net,Oman,2024-02-09,Premium,7588.18
1843,Jennifer Gordon,kristin96.1843@example.com,Luxembourg,2023-10-16,Basic,344.07
1844,Sarah Wilson DVM,lindaclark.1844@example.net,Hong Kong,2022-12-28,Standard,852.18
1845,Dr. Daniel Hampton,bevans.1845@example.com,Sao Tome and Principe,2021-11-27,Premium,3129.34
1846,Riley Sanders,shannongarza.1846@example.net,Cambodia,2022-08-31,Basic,56.93
1847,Mr. John Khan,lesterrebecca.1847@example.com,Kyrgyz Republic,2023-04-30,Standard,710.01
1848,Tammy Phillips,robertwilliams.1848@example.org,Austria,2023-02-26,Standard,1086.45
1849,Heather Hunt,steven66.1849@example.org,Lesotho,2022-01-25,Standard,614.38
1850,Gary Collins,villamisty.1850@example.com,Madagascar,2023-11-22,Standard,1222.33
1851,Debra Johnson,alexgarcia.1851@example.net,Cuba,2021-07-07,Standard,2782.22
1852,Marc Mitchell,andrew65.1852@example.net,Austria,2023-05-08,Premium,6708.85
1853,Amanda Maxwell,stephensonkatherine.1853@example.com,Saint Lucia,2020-10-23,Standard,671.52
1854,Miguel Simon,lutzeric.1854@example.com,North Macedonia,2023-02-26,Basic,531.82
1855,James Williams,douglas31.1855@example.net,Gabon,2025-03-29,Standard,1574.47
1856,Robert Ware,mckayjames.1856@example.net,Japan,2025-06-20,Standard,332.31
1857,Andrew Acosta,veronica30.1857@example.org,Solomon Islands,2024-08-23,Standard,2405.86
1858,Katherine Miller,robinsonrose.1858@example.org,Kuwait,2024-12-25,Basic,572.27
1859,Kimberly Valenzuela,christina57.1859@example.com,Saint Vincent and the Grenadines,2020-06-10,Standard,2936.44
1860,Sara Lawrence,crystal58.1860@example.org,Pitcairn Islands,2022-04-13,Premium,18889.52
1861,Dillon Case,linda33.1861@example.org,French Southern Territories,2024-05-16,Premium,12516.47
1862,Elizabeth Roy,zkaufman.1862@example.org,Botswana,2025-05-09,Basic,548.82
1863,Danielle Stein,angelarichard.1863@example.org,Vanuatu,2023-11-24,Standard,1346.62
1864,Jennifer Rivera,terrywilliam.1864@example.com,Belgium,2025-09-15,Premium,17992.41
1865,Erik Small,franciscoolson.1865@example.net,Jordan,2021-10-28,Premium,11950.56
1866,Andre Pace,jbriggs.1866@example.com,British Indian Ocean Territory (Chagos Archipelago),2021-01-09,Standard,1111.54
1867,Jeffrey Young,joe76.1867@example.net,Ecuador,2020-07-29,Standard,226.58
1868,Bradley Miller,matthewharper.1868@example.net,South Africa,2023-11-23,Standard,1842.06
1869,Rebecca Terry,hernandezroy.1869@example.org,Canada,2024-06-12,Premium,11457.81
1870,Ryan Shelton,smithgregory.1870@example.org,Uruguay,2021-11-27,Basic,649.5
1871,Erin Williams,elizabeth10.1871@example.org,Myanmar,2025-03-28,Basic,149.6
1872,Stephanie Holloway,mcneilchristina.1872@example.org,Liechtenstein,2024-12-10,Standard,2483.12
1873,Lonnie Taylor,adamskelly.1873@example.net,Kyrgyz Republic,2022-05-29,Premium,2275.1
1874,Melissa Johnson,eric81.1874@example.com,Timor-Leste,2021-08-06,Standard,1844.48
1875,Elizabeth Valdez,elizabeth77.1875@example.com,Suriname,2024-12-17,Standard,1311.19
1876,Christine Murray,pbutler.1876@example.com,Romania,2024-06-27,Premium,7967.37
1877,Zachary Martinez,benjaminbrown.1877@example.org,Saint Kitts and Nevis,2021-02-21,Standard,1413.23
1878,Michelle Graham,campbellmarvin.1878@example.com,British Virgin Islands,2021-09-15,Basic,178.87
1879,Christopher Lee,sharon37.1879@example.net,Bahrain,2023-04-01,Standard,713.59
1880,Robert Ford,johnsonmelissa.1880@example.com,Indonesia,2023-06-02,Basic,644.09
1881,Thomas Knight,shannon56.1881@example.net,Reunion,2021-02-09,Standard,837.72
1882,John Mcneil,adrianlogan.1882@example.com,Cameroon,2026-05-05,Standard,2263.52
1883,Donald Harris Jr.,hensonjohn.1883@example.net,Argentina,2022-08-07,Premium,14804.49
1884,Aaron Webb,welchjennifer.1884@example.net,Sweden,2022-07-20,Standard,293.52
1885,Natasha Hill,jasoncook.1885@example.net,India,2020-05-27,Premium,17859.3
1886,Nathan Payne,ryandodson.1886@example.org,Mauritania,2025-11-08,Standard,2410.19
1887,Mark Conner,vwilliams.1887@example.org,Lebanon,2021-07-28,Standard,2428.99
1888,Ethan Garza,mhickman.1888@example.net,Korea,2026-08-07,Standard,2465.73
1889,Dawn Baker,kevin03.1889@example.net,Marshall Islands,2023-04-26,Standard,1831.15
1890,Aaron Williams,billycrane.1890@example.com,Belarus,2025-11-06,Premium,19880.86
1891,Tiffany Norton,amanda86.1891@example.org,Northern Mariana Islands,2021-03-13,Standard,701.63
1892,Matthew Roberts,kayla07.1892@example.net,Brazil,2021-02-09,Basic,57.87
1893,Joshua Gonzalez,saraprice.1893@example.net,Poland,2025-05-10,Premium,14675.01
1894,Alicia Anderson,pmiller.1894@example.org,San Marino,2025-06-24,Standard,1023.02
1895,Jeffery Daniel,gary44.1895@example.com,Guyana,2023-08-19,Standard,1903.05
1896,Margaret Jones,hubbardkeith.1896@example.net,Cape Verde,2020-03-19,Standard,1296.76
1897,Randy Blake,farrellaaron.1897@example.org,Faroe Islands,2026-04-23,Standard,1133.87
1898,Sandy Nichols,danielhayes.1898@example.org,Malawi,2022-08-18,Standard,2701.1
1899,Brandon Thompson,olsonchristina.1899@example.org,Sri Lanka,2026-04-04,Standard,597.72
1900,Lisa Montes,amywright.1900@example.org,Seychelles,2025-10-27,Standard,729.16
1901,Robert Nichols,gayfrancis.1901@example.com,Lesotho,2025-09-10,Standard,2069.95
1902,Patty Powell,anthony66.1902@example.org,Chad,2024-08-08,Basic,626.08
1903,Andrea Kaiser,christinewebb.1903@example.net,Denmark,2024-07-02,Basic,665.77
1904,Jacob Yoder,dgrant.1904@example.com,Argentina,2023-07-24,Premium,6160.69
1905,Matthew Watson,klopez.1905@example.com,Guadeloupe,2020-03-01,Standard,2669.92
1906,Angela Cameron,abrady.1906@example.com,Nepal,2022-08-05,Standard,1906.74
1907,Molly Peterson DDS,watkinsthomas.1907@example.net,Antigua and Barbuda,2024-11-18,Premium,16817.93
1908,Brian Crosby,john86.1908@example.com,Papua New Guinea,2025-06-06,Standard,391.86
1909,Samuel Zavala,heathercabrera.1909@example.org,Marshall Islands,2023-09-28,Standard,1199.3
1910,William Murphy,charles44.1910@example.com,Rwanda,2024-09-28,Standard,1669.62
1911,Ariel Wilson,kanesarah.1911@example.net,Estonia,2020-02-23,Standard,1815.48
1912,Robert Hall,lucas12.1912@example.net,Falkland Islands (Malvinas),2023-02-17,Standard,477.4
1913,Kimberly Ray,mckenzie88.1913@example.org,Portugal,2023-05-24,Basic,430.93
1914,Amanda Ellison,rebecca41.1914@example.com,Italy,2025-12-19,Basic,532.39
1915,Brandon Duffy,barrettjoseph.1915@example.org,Albania,2022-01-29,Premium,8508.71
1916,Brian Moore,vancebrad.1916@example.com,Wallis and Futuna,2021-07-15,Standard,1602.07
1917,Mercedes Garcia,christopherjackson.1917@example.net,Sudan,2022-05-10,Standard,1019.19
1918,Tyler Shields,ruizjessica.1918@example.org,Malawi,2021-02-20,Standard,2637.4
1919,Laura Blair,veronicasmith.1919@example.net,Tajikistan,2023-09-25,Standard,1877.78
1920,Michael Lee,travisyoung.1920@example.com,Marshall Islands,2024-04-18,Basic,441.02
1921,Donna Wright,max69.1921@example.com,Togo,2025-05-10,Premium,18998.43
1922,Dr. Jared Lee III,mannjonathan.1922@example.net,Brunei Darussalam,2026-07-01,Standard,2061.81
1923,Michael Hall,lisacarpenter.1923@example.net,Egypt,2020-06-28,Basic,223.86
1924,Destiny Rodriguez,simongabriella.1924@example.org,Afghanistan,2021-08-26,Premium,13551.56
1925,Glenn West,jennifergreer.1925@example.org,Cameroon,2022-01-04,Premium,19309.22
1926,Joseph Hill,meltonmark.1926@example.com,Panama,2021-09-01,Basic,18.85
1927,Sergio Hodge,michaelathomas.1927@example.com,Panama,2025-07-13,Basic,501.27
1928,Aaron Ford,tracyavery.1928@example.com,Bahamas,2020-12-06,Standard,639.14
1929,Stanley Taylor,goodmanalice.1929@example.org,Fiji,2020-03-13,Basic,653.17
1930,Jesse Turner,ronaldsmith.1930@example.net,Czech Republic,2025-10-02,Standard,1993.92
1931,Debra Castillo,rharris.1931@example.com,Kazakhstan,2026-06-06,Premium,18865.81
1932,William Arnold,andreyoung.1932@example.com,Norway,2021-07-06,Standard,2074.82
1933,Brett Atkins,danielgriffith.1933@example.net,Maldives,2022-03-23,Basic,13.78
1934,Ashley Roach,julie01.1934@example.net,El Salvador,2023-05-13,Basic,408.28
1935,Laura Middleton,katherinebarnett.1935@example.net,Uruguay,2023-07-08,Standard,2730.27
1936,Alejandro Mack,courtneymadden.1936@example.org,Sierra Leone,2026-08-16,Premium,6181.45
1937,Brian Torres,abradley.1937@example.com,Serbia,2022-09-13,Basic,66.32
1938,Lori Santiago,zking.1938@example.com,Netherlands,2020-01-30,Standard,2215.69
1939,Erika Hodge,cody79.1939@example.org,Guinea-Bissau,2022-10-29,Premium,11045.15
1940,Jeffrey Hart DDS,iblake.1940@example.com,Bosnia and Herzegovina,2023-09-20,Basic,38.08
1941,Joseph Rodgers,jessedelacruz.1941@example.org,Bosnia and Herzegovina,2023-06-16,Standard,983.76
1942,Jacob Johnson,ohiggins.1942@example.net,Algeria,2023-06-05,Standard,1114.9
1943,Joanna Clark,rmartinez.1943@example.net,Guam,2026-03-03,Premium,14021.51
1944,Kimberly Soto,cheryldavis.1944@example.com,Senegal,2025-05-25,Premium,10488.8
1945,Peter Chandler,bradleybarker.1945@example.net,Vanuatu,2021-09-06,Basic,389.75
1946,Ariel Gordon,nmontoya.1946@example.com,Denmark,2022-05-17,Standard,2458.49
1947,Carly Rodgers,aaron55.1947@example.com,Niue,2024-06-18,Premium,7011.51
1948,Andrew White,contrerasjames.1948@example.org,Sweden,2022-09-29,Standard,2083.2
1949,Courtney Taylor,jamesphillips.1949@example.org,British Indian Ocean Territory (Chagos Archipelago),2022-11-12,Premium,8616.03
1950,Jessica Watts,michaelsherman.1950@example.com,Syrian Arab Republic,2021-02-14,Premium,9530.66
1951,Christopher Cameron,thomassmith.1951@example.com,Italy,2021-09-13,Standard,1756.53
1952,Brian Perez,millereric.1952@example.org,Suriname,2024-12-14,Standard,2147.81
1953,Kiara Santana,josephmeyer.1953@example.net,Nauru,2025-08-20,Standard,2846.55
1954,Cindy Cole,olivia29.1954@example.net,China,2025-03-31,Standard,953.23
1955,Nicholas Ingram,qramirez.1955@example.net,Angola,2022-01-21,Standard,490.49
1956,Brandon Perkins,richardbennett.1956@example.net,South Africa,2020-11-29,Standard,1400.62
1957,Shannon Castro,rachelhall.1957@example.net,Indonesia,2021-01-24,Premium,11840.89
1958,Cynthia Williams,brianwhite.1958@example.org,Togo,2022-08-18,Premium,6104.06
1959,Anna Green,allenandrea.1959@example.com,Mexico,2023-06-18,Premium,18028.92
1960,Christine Pratt,mariawilliams.1960@example.com,Cyprus,2025-12-20,Standard,2436.77
1961,Mark Miller,holmescolleen.1961@example.org,Senegal,2026-01-03,Basic,394.93
1962,Adam Johnson,steven45.1962@example.org,Papua New Guinea,2020-01-07,Premium,10101.15
1963,Peter Morton,royjennifer.1963@example.org,Myanmar,2024-09-23,Basic,32.59
1964,Steven Holland,millerjames.1964@example.org,Azerbaijan,2021-12-30,Basic,429.51
1965,Brian Rocha,ballvanessa.1965@example.com,Oman,2021-04-28,Premium,12723.45
1966,Brittany Barnett,karen42.1966@example.org,Mauritius,2023-09-17,Premium,18049.37
1967,Roger Roberts,hmitchell.1967@example.org,Nigeria,2020-03-23,Premium,11019.77
1968,Alexander Greene,edwardstaylor.1968@example.net,Afghanistan,2022-03-26,Premium,4832.79
1969,Isaiah Black,nina65.1969@example.net,Marshall Islands,2023-09-10,Standard,704.16
1970,Robert Hunt,richardhart.1970@example.org,Gibraltar,2021-10-26,Premium,4877.61
1971,Jaime Williams,donna54.1971@example.org,Rwanda,2023-12-20,Basic,750.83
1972,Lance Mendez,weberbrian.1972@example.org,Kuwait,2023-01-28,Standard,2421.49
1973,Savannah Fox,kristin09.1973@example.net,Brunei Darussalam,2025-05-06,Basic,659.81
1974,Dawn Rice,brownlaurie.1974@example.org,Tuvalu,2021-03-19,Basic,672.35
1975,Travis Jimenez,greenjessica.1975@example.net,Venezuela,2020-05-19,Standard,467.78
1976,Amy Adams,zacharygray.1976@example.org,Cape Verde,2023-07-17,Basic,561.74
1977,Christopher Duncan,thomasricardo.1977@example.net,Paraguay,2021-09-19,Basic,563.47
1978,Nicole Anderson,rickey20.1978@example.org,Saint Helena,2024-09-21,Standard,829.5
1979,Shane Short,tlewis.1979@example.com,French Guiana,2020-08-15,Premium,10831.98
1980,Sharon Williams,wmoore.1980@example.com,Iraq,2023-11-05,Standard,2054.81
1981,Elizabeth Chung,jenniferwood.1981@example.net,United States Minor Outlying Islands,2026-08-14,Standard,2712.54
1982,Douglas Roberts,barnettterry.1982@example.com,Morocco,2020-08-15,Standard,509.19
1983,Michael Stone,ingramjessica.1983@example.com,Switzerland,2022-01-07,Standard,2698.14
1984,Amy Watts,martin27.1984@example.net,Argentina,2025-08-24,Standard,2782.76
1985,Daniel Booker,gloria04.1985@example.org,Swaziland,2023-07-26,Basic,738.89
1986,Michael Foster,james84.1986@example.net,Cyprus,2021-03-03,Standard,213.54
1987,Kelsey Griffith,lindadavis.1987@example.net,Solomon Islands,2021-06-04,Standard,818.8
1988,Brandon Shelton,stephenscatherine.1988@example.org,Lithuania,2025-02-10,Standard,2135.49
1989,Jason Johnson,dennisschneider.1989@example.org,Belarus,2025-10-03,Basic,257.39
1990,Vernon Esparza Jr.,hullcheryl.1990@example.net,Macao,2022-05-30,Standard,371.03
1991,Alexandra Lopez,umaxwell.1991@example.net,Swaziland,2023-03-03,Premium,15732.96
1992,Jason Dunn,osbornanthony.1992@example.org,Taiwan,2025-03-26,Standard,280.06
1993,Kathleen Daniel,sancheznicholas.1993@example.com,Swaziland,2021-03-08,Premium,10028.38
1994,Melanie Myers,hornerebecca.1994@example.org,New Zealand,2021-05-18,Basic,758.06
1995,Rhonda Pitts,,Northern Mariana Islands,2025-03-06,Standard,1432.65
1996,John Massey,daniel43.1996@example.org,Namibia,2021-03-31,Standard,2753.28
1997,Brooke Lewis,katherinerussell.1997@example.org,Netherlands,2025-02-25,Standard,1345.21
1998,Billy Scott,charleshayes.1998@example.com,Argentina,2023-04-28,Basic,277.35
1999,Jacob Smith,david86.1999@example.net,Somalia,2026-08-14,Basic,85.91
2000,Natasha Stone,john66.2000@example.com,Bhutan,2020-03-21,Standard,1202.65
2001,Terri Golden,francisronald.2001@example.org,Azerbaijan,2026-04-29,Basic,269.59
2002,Seth Johnson,michaelsanders.2002@example.net,Cape Verde,2021-07-04,Standard,2570.34
2003,Christopher Robinson,vjones.2003@example.org,Ukraine,2020-03-26,Basic,735.93
2004,Kenneth Washington,michael68.2004@example.net,Tanzania,2024-11-03,Basic,17.54
2005,Lisa Riggs,jcoleman.2005@example.net,Switzerland,2023-07-24,Premium,3768.62
2006,Julian Leon,kelly01.2006@example.org,Kiribati,2025-08-06,Standard,2001.04
2007,Nancy Rice,matthewyoung.2007@example.net,Ireland,2020-09-21,Standard,1557.28
2008,Amy Estrada,lewisdeanna.2008@example.net,Korea,2020-07-16,Premium,7343.82
2009,Lauren Brown MD,obrienbrandon.2009@example.com,Montserrat,2023-10-17,Standard,927.74
2010,Lauren Martin PhD,savannahespinoza.2010@example.com,Romania,2025-11-24,Premium,6044.14
2011,Mary Greer,kwang.2011@example.com,Norway,2022-09-17,Standard,1671.26
2012,Richard Riley,hdavis.2012@example.com,Northern Mariana Islands,2025-05-01,Premium,2314.64
2013,Jonathan Collins,dylancunningham.2013@example.com,Niger,2026-01-21,Standard,2268.88
2014,Richard Weiss,stephaniezamora.2014@example.org,French Polynesia,2025-10-24,Standard,1041.09
2015,Teresa Russell,kimberlyjordan.2015@example.net,Reunion,2023-05-27,Standard,1395.13
2016,Joyce Butler,branchthomas.2016@example.com,Uganda,2024-09-01,Standard,1675.75
2017,Tommy Ramsey,maygordon.2017@example.org,Mali,2023-07-07,Basic,169.09
2018,Stephanie Meyer,markbates.2018@example.com,Palestinian Territory,2024-07-04,Basic,706.96
2019,Toni Clay,hufftina.2019@example.org,British Indian Ocean Territory (Chagos Archipelago),2023-10-16,Standard,2109.86
2020,Joshua Sweeney,rachelknight.2020@example.com,Cameroon,2023-07-06,Premium,17665.33
2021,Jessica Adams,wgarza.2021@example.net,Slovenia,2022-12-02,Premium,10558.11
2022,Tammy Robinson,wberry.2022@example.com,Monaco,2024-05-13,Basic,345.97
2023,Sonya Miranda,gstokes.2023@example.net,Sri Lanka,2025-01-08,Standard,864.0
2024,Jennifer Hernandez,ashley14.2024@example.org,Namibia,2026-02-22,Basic,435.87
2025,Carly Goodwin,melissa40.2025@example.org,Afghanistan,2024-02-06,Standard,1860.86
2026,Stephen Brown,contreraswillie.2026@example.net,Azerbaijan,2020-09-02,Premium,9558.62
2027,Brad Lee,basskathryn.2027@example.net,New Zealand,2023-12-05,Standard,607.07
2028,Anthony Wong,madison00.2028@example.org,Belgium,2022-02-10,Basic,218.48
2029,Raymond Roy,crystal15.2029@example.org,Mali,2020-03-06,Basic,11.4
2030,Charles Blair,monicaavery.2030@example.net,Cyprus,2020-06-25,Standard,1093.59
2031,Jeanette Brown,joseph77.2031@example.com,Western Sahara,2023-12-14,Standard,1826.13
2032,Jennifer Anderson,umcclure.2032@example.com,Burundi,2026-04-26,Premium,19202.8
2033,Kara Cruz,andrew17.2033@example.net,Australia,2023-05-19,Basic,142.32
2034,Deborah Sanders,arianarandolph.2034@example.org,Malta,2022-12-23,Standard,355.3
2035,Brandon Anderson,carlos33.2035@example.org,Venezuela,2020-08-04,Basic,237.05
2036,Jennifer Mcdonald,michael23.2036@example.com,Vanuatu,2024-07-07,Standard,639.03
2037,Angela Martin,marshalljamie.2037@example.org,Hong Kong,2020-05-15,Standard,2147.45
2038,Emily Mcdonald,robinsonrobert.2038@example.net,Mayotte,2025-08-16,Standard,216.1
2039,Michael Phillips,nicholas33.2039@example.com,Estonia,2025-06-16,Standard,2946.43
2040,Charles Foster,barbergary.2040@example.net,Malawi,2026-08-17,Basic,684.53
2041,Anthony Hayes,dudleycody.2041@example.com,Pitcairn Islands,2021-11-25,Basic,392.54
2042,Charles Ford,marilyn67.2042@example.net,Somalia,2021-01-30,Basic,736.75
2043,Roy Fowler,kcontreras.2043@example.org,Turkey,2022-01-01,Standard,1958.57
2044,Ashley Lee,lshannon.2044@example.net,Maldives,2025-05-06,Basic,795.01
2045,Katherine Simon,ijackson.2045@example.com,New Caledonia,2021-06-18,Standard,979.26
2046,Kimberly Mcdowell,bhall.2046@example.org,Thailand,2025-12-07,Standard,2991.34
2047,Darryl Christensen,amyferrell.2047@example.com,Saint Vincent and the Grenadines,2021-01-11,Standard,704.69
2048,Jessica Becker,vasquezjacqueline.2048@example.net,British Indian Ocean Territory (Chagos Archipelago),2020-04-29,Standard,1189.57
2049,Kathleen Mccullough,dmendoza.2049@example.com,Maldives,2021-06-19,Premium,18835.83
2050,Charles Hopkins,michellesmith.2050@example.org,Chile,2025-01-15,Standard,1237.52
2051,Willie Shelton,jeffreybailey.2051@example.net,Palestinian Territory,2024-01-10,Premium,5777.05
2052,Melissa Sullivan,alexis58.2052@example.com,Canada,2022-05-16,Standard,366.56
2053,Kenneth Murphy,millskayla.2053@example.org,Indonesia,2024-05-21,Premium,4681.25
2054,Patricia Adams,cfischer.2054@example.net,Jersey,2024-05-02,Standard,1194.63
2055,Amanda Rivera,krista02.2055@example.org,Antigua and Barbuda,2023-09-16,Basic,336.99
2056,Melissa Romero,eileendaniels.2056@example.net,French Guiana,2023-06-09,Standard,1718.86
2057,Kristen Jones,kennethjacobs.2057@example.net,Belize,2020-09-04,Premium,16644.58
2058,Nicole Johnson,michael88.2058@example.com,Palau,2021-09-26,Basic,10.73
2059,Jennifer Myers,ldavis.2059@example.org,Congo,2023-07-12,Basic,672.89
2060,Blake Mendez,,Saint Helena,2020-11-26,Basic,461.8
2061,Chris Hanson,isimpson.2061@example.com,United States Virgin Islands,2023-03-07,Basic,605.18
2062,Beverly Black,twagner.2062@example.org,Congo,2020-10-12,Basic,605.58
2063,Melanie Smith,cgamble.2063@example.net,Norway,2025-04-06,Standard,2728.97
2064,Derrick Johnson,faithsparks.2064@example.com,Ukraine,2020-09-09,Basic,74.7
2065,Melissa Carroll,karla66.2065@example.net,Antarctica (the territory South of 60 deg S),2020-08-13,Basic,457.21
2066,Grace Brooks,jacksonrachel.2066@example.org,El Salvador,2024-04-06,Standard,2745.28
2067,Charles Serrano,sarahlong.2067@example.net,New Zealand,2021-06-22,Basic,575.37
2068,Laura Adams,jacob32.2068@example.net,India,2022-05-08,Basic,77.27
2069,Gina Martin,michellelee.2069@example.net,Belgium,2022-02-06,Basic,491.17
2070,Gwendolyn Jackson,jacob57.2070@example.org,Morocco,2021-06-13,Basic,639.9
2071,Joseph Harrington,richardlawrence.2071@example.net,Heard Island and McDonald Islands,2025-02-03,Standard,969.61
2072,Michael Wood,walkervictoria.2072@example.net,Anguilla,2024-08-16,Standard,1970.98
2073,Leonard Avila,ystone.2073@example.net,Sierra Leone,2021-08-06,Standard,2553.15
2074,Marcus Rich,mallory30.2074@example.org,Uganda,2024-08-04,Basic,419.09
2075,Carmen Gonzalez,housedaniel.2075@example.com,Syrian Arab Republic,2024-10-08,Basic,155.35
2076,Christine Parker,brandi40.2076@example.org,Greece,2023-08-09,Basic,439.75
2077,Nicholas Diaz,shawn55.2077@example.org,Turks and Caicos Islands,2023-11-13,Basic,470.4
2078,Robert West,lisaalvarez.2078@example.net,Ghana,2026-04-02,Basic,322.28
2079,Maria Rodriguez,smithchristine.2079@example.org,Zambia,2023-01-13,Premium,14233.1
2080,Joseph Bright,johnsonmichael.2080@example.com,Qatar,2022-07-30,Basic,346.67
2081,Norma Smith,mhoffman.2081@example.net,Guyana,2023-08-09,Premium,17793.29
2082,Hannah Martin,jimmypalmer.2082@example.net,Burundi,2025-08-03,Standard,2416.55
2083,Sharon Silva,angela66.2083@example.org,Israel,2024-09-28,Premium,16485.89
2084,Brenda Mccarthy,rryan.2084@example.com,Malawi,2020-07-02,Standard,1673.01
2085,Kevin Oconnell,tonya48.2085@example.net,South Africa,2023-01-26,Standard,749.77
2086,Elizabeth Mendez,kristin94.2086@example.org,British Indian Ocean Territory (Chagos Archipelago),2024-12-11,Premium,15039.59
2087,Timothy Smith,burnettronnie.2087@example.com,Armenia,2021-06-30,Standard,392.98
2088,Matthew Hall,moorekurt.2088@example.net,Dominica,2026-08-10,Basic,414.06
2089,Sheena Jones,dawnpetersen.2089@example.org,Albania,2025-05-27,Premium,2953.62
2090,Jessica Rojas,matthew08.2090@example.org,Pitcairn Islands,2025-08-29,Standard,1679.57
2091,Janet Willis,campbelljustin.2091@example.net,Saint Barthelemy,2020-07-18,Premium,14346.6
2092,Steven Mccormick,sthomas.2092@example.org,Saint Helena,2023-11-16,Premium,9545.57
2093,Jose Rodgers,dawn20.2093@example.org,Chad,2023-07-12,Premium,9504.26
2094,Carrie Daniels,keith18.2094@example.org,Suriname,2024-03-10,Standard,543.82
2095,Lawrence Johns,mclaughlinjames.2095@example.org,Oman,2025-09-07,Basic,241.48
2096,Adam Davis,simsclaire.2096@example.org,Ecuador,2022-05-12,Standard,1443.97
2097,Julie Johnson,kbaker.2097@example.org,Chad,2023-07-27,Basic,690.85
2098,Cassandra White,tpowell.2098@example.org,Guernsey,2024-07-17,Standard,2714.34
2099,Kristina Baker,qmarshall.2099@example.net,Burkina Faso,2025-01-13,Basic,762.86
2100,Luke Dixon,kmoore.2100@example.org,Singapore,2025-02-24,Basic,80.21
2101,Brian Brown,qreyes.2101@example.net,Trinidad and Tobago,2022-04-02,Standard,1029.39
2102,Arthur Mcdaniel,jenniferhorne.2102@example.net,Congo,2026-09-03,Premium,10332.43
2103,Mary Levy,ucobb.2103@example.org,Zimbabwe,2020-01-24,Premium,13551.39
2104,Susan Lewis,nguyengerald.2104@example.net,Isle of Man,2023-04-17,Standard,2167.84
2105,Lauren Bowman,stephanieoconnor.2105@example.com,Dominica,2024-01-26,Standard,2400.85
2106,Victor Clarke,joeljackson.2106@example.net,Togo,2020-05-29,Premium,10925.73
2107,John Newman,lukecase.2107@example.com,Saint Pierre and Miquelon,2023-01-06,Basic,445.27
2108,Tom Duncan,zrobinson.2108@example.com,Eritrea,2023-12-26,Basic,768.46
2109,Catherine Griffin,becky79.2109@example.net,Sweden,2024-01-23,Standard,872.08
2110,Christopher Rivera,ksmith.2110@example.org,Papua New Guinea,2020-10-17,Standard,2450.53
2111,John Woodard,fwolf.2111@example.net,Greece,2021-11-08,Standard,2193.09
2112,Chase Burnett,bethanygrant.2112@example.net,Sao Tome and Principe,2021-08-20,Standard,592.25
2113,Shari Kelley,taylormichael.2113@example.net,China,2024-04-11,Basic,741.19
2114,Robert Parks MD,warejoseph.2114@example.net,Macao,2022-03-13,Standard,2595.0
2115,Michele Watson,nbailey.2115@example.net,Malaysia,2023-10-27,Premium,16031.08
2116,Tammy Tyler,jack86.2116@example.org,Suriname,2024-11-20,Standard,554.97
2117,James Miller,harrisjoshua.2117@example.com,Montserrat,2025-04-30,Premium,4514.07
2118,Shelby Duncan,daniel15.2118@example.org,Vanuatu,2021-03-24,Standard,2112.96
2119,Timothy Mcmahon,johnsonedward.2119@example.net,San Marino,2026-01-15,Standard,500.36
2120,Matthew Moss,elizabeth14.2120@example.org,Congo,2021-02-08,Standard,517.28
2121,Wendy Miller,salazarjames.2121@example.org,Poland,2020-02-23,Standard,1320.78
2122,Mark Dennis,hdavis.2122@example.org,Brazil,2020-04-19,Basic,4.3
2123,Jennifer Goodwin,ericdelacruz.2123@example.net,Burundi,2021-05-05,Premium,14986.7
2124,Brian Powell,wilsonkelsey.2124@example.net,Bulgaria,2025-11-02,Basic,432.17
2125,Nathan Stanley,bobbywilliamson.2125@example.org,Uzbekistan,2021-05-22,Premium,3407.13
2126,Cindy Carter,mrandolph.2126@example.net,Congo,2024-08-20,Standard,1722.03
2127,Christopher Curtis,njames.2127@example.net,Papua New Guinea,2022-10-18,Basic,43.27
2128,Brandon Johnson,kimberly12.2128@example.com,Moldova,2020-04-07,Standard,397.95
2129,Laura Nguyen,igarrett.2129@example.com,Burkina Faso,2022-12-20,Premium,10738.39
2130,Leslie Haynes,caitlynbennett.2130@example.org,Haiti,2020-03-10,Standard,1599.51
2131,Laura Reed,jennifer10.2131@example.org,Slovakia (Slovak Republic),2023-03-08,Basic,271.2
2132,Jesse Thomas,xcolon.2132@example.org,Comoros,2023-09-26,Basic,497.42
2133,Jasmine Farmer,jmcconnell.2133@example.com,Bulgaria,2023-06-27,Standard,1284.6
2134,Paula Johnson,meghangreen.2134@example.org,Liberia,2021-11-20,Premium,12565.29
2135,Justin Ramirez,hendersonmichael.2135@example.org,Chad,2025-02-14,Standard,1179.4
2136,Scott Johnson,ramosjennifer.2136@example.org,Denmark,2023-12-28,Premium,14869.41
2137,Ashley Flores,davidcampbell.2137@example.net,Zambia,2021-09-14,Premium,12427.15
2138,Michael Delacruz,mariacohen.2138@example.net,Antigua and Barbuda,2022-11-27,Standard,648.12
2139,Jennifer Crawford,briansmith.2139@example.com,United States Virgin Islands,2020-09-21,Basic,549.02
2140,Jacqueline Lawrence,yrichardson.2140@example.com,Slovakia (Slovak Republic),2026-03-04,Premium,16110.85
2141,Ryan Taylor,nathan62.2141@example.org,Sudan,2025-01-12,Basic,52.7
2142,Patricia Robles,steven01.2142@example.org,Malaysia,2021-12-03,Basic,487.97
2143,Kristen Garcia,williamsanthony.2143@example.net,Iran,2024-07-06,Basic,632.34
2144,Andrew Smith,kathryn17.2144@example.org,Bhutan,2024-07-16,Standard,521.03
2145,Ashley Cooper,seth29.2145@example.org,Bahamas,2024-01-28,Standard,2724.63
2146,Brian Brown,gmiller.2146@example.org,Rwanda,2020-05-12,Premium,9466.38
2147,Joseph Hill,martinnovak.2147@example.com,French Southern Territories,2025-11-15,Standard,2265.95
2148,Alan Graham,lauriethompson.2148@example.net,Guernsey,2026-05-23,Standard,2717.34
2149,Daniel Hoffman MD,sean69.2149@example.com,Paraguay,2026-07-06,Standard,2970.98
2150,Sara Preston,catherinemoore.2150@example.com,Jordan,2026-07-23,Premium,12510.65
2151,Charles Nash,christianrichards.2151@example.net,Andorra,2026-03-18,Premium,14676.93
2152,Eric Rivera,brownjoseph.2152@example.com,Namibia,2024-12-09,Basic,201.36
2153,John Mcdonald,fischerlaura.2153@example.org,United States Minor Outlying Islands,2020-05-18,Basic,232.04
2154,Teresa Jones,benjamin49.2154@example.org,Saint Barthelemy,2023-02-10,Standard,2582.15
2155,Andrea Mueller MD,audrey53.2155@example.net,New Zealand,2021-08-21,Basic,318.6
2156,Tanya Foster,mortonkenneth.2156@example.net,New Caledonia,2021-06-21,Standard,2502.82
2157,Kevin Jennings,pfowler.2157@example.org,Suriname,2025-07-21,Standard,341.67
2158,Jason Reyes,jreyes.2158@example.net,Bolivia,2025-06-07,Basic,174.6
2159,Mr. David Rivas,javiermitchell.2159@example.org,Serbia,2023-06-28,Standard,676.26
2160,Donna Carroll,samuel38.2160@example.net,Brazil,2024-12-03,Standard,1675.79
2161,Deborah Stephenson,eroman.2161@example.net,Thailand,2020-11-11,Standard,425.49
2162,Stuart Richard,anthonymcdonald.2162@example.net,Botswana,2021-06-26,Standard,1162.84
2163,Alyssa Pratt,jenkinsmary.2163@example.net,Niue,2025-10-02,Standard,2961.49
2164,Michael Gilbert,cody81.2164@example.org,Malaysia,2023-01-06,Standard,2423.81
2165,Tonya Simon,hlester.2165@example.org,Mauritania,2023-08-27,Standard,2329.66
2166,Tanya Shannon,sarah80.2166@example.org,Gabon,2023-02-04,Standard,578.32
2167,Nancy Hall,eugenemartinez.2167@example.com,Kazakhstan,2021-05-08,Standard,1220.77
2168,Alexander Fernandez,samuel08.2168@example.org,Italy,2025-07-11,Standard,2105.65
2169,Catherine Lopez,qflores.2169@example.org,Mongolia,2025-01-25,Basic,17.3
2170,Taylor Dixon,evansrichard.2170@example.net,Luxembourg,2024-07-27,Basic,347.18
2171,Brittany Barber,lacey96.2171@example.net,India,2022-05-12,Standard,2800.05
2172,Henry Reeves,dbeck.2172@example.com,Eritrea,2024-04-19,Basic,65.87
2173,Johnny Arnold,tylerrodney.2173@example.com,Egypt,2026-05-16,Premium,18312.67
2174,Courtney Sharp,tonycraig.2174@example.net,Guinea,2024-05-05,Standard,744.66
2175,Jennifer Carter,maxwellsteve.2175@example.net,Aruba,2023-04-22,Standard,729.5
2176,Joshua Le,smiles.2176@example.net,Vietnam,2021-10-22,Standard,747.22
2177,Austin Smith,cjohnson.2177@example.net,Monaco,2023-06-30,Basic,745.0
2178,Dana Mccoy,curtis22.2178@example.com,Falkland Islands (Malvinas),2022-06-26,Basic,483.0
2179,James Horton,aaronponce.2179@example.org,Denmark,2024-02-01,Standard,2302.21
2180,Christian Archer,beardderrick.2180@example.com,Malta,2020-04-21,Standard,1225.94
2181,Roy Davis,eguzman.2181@example.com,Barbados,2021-04-09,Standard,2645.1
2182,Matthew Benitez,yolandarodriguez.2182@example.net,Northern Mariana Islands,2025-04-05,Standard,1829.42
2183,David Alvarez,yolandamarks.2183@example.net,Ireland,2022-07-18,Premium,12797.03
2184,Erica Dixon,petersontina.2184@example.org,Iran,2022-11-23,Basic,601.86
2185,Diana Turner,kimberly02.2185@example.com,Cameroon,2023-08-21,Basic,618.91
2186,Shelley Terry,david16.2186@example.com,Falkland Islands (Malvinas),2022-12-06,Basic,545.49
2187,Patrick Mosley,frenchrobert.2187@example.org,Venezuela,2025-01-26,Standard,532.95
2188,Laura Payne,bartondavid.2188@example.com,Armenia,2021-08-22,Premium,17601.08
2189,Devon Ramos,clinesteven.2189@example.net,Isle of Man,2025-01-26,Standard,930.52
2190,James Bennett,cobbmary.2190@example.net,Estonia,2021-05-26,Basic,796.96
2191,Danielle Hester,ijensen.2191@example.net,Indonesia,2022-06-23,Premium,8939.14
2192,Melissa Delacruz,gcollins.2192@example.com,Greece,2023-12-06,Premium,4159.95
2193,Chad George,brianna50.2193@example.org,Cocos (Keeling) Islands,2025-12-03,Premium,7689.56
2194,Timothy Small,kirkkimberly.2194@example.com,Aruba,2021-07-21,Basic,458.83
2195,Amy Wall,daniel71.2195@example.com,Mauritania,2023-12-05,Basic,313.16
2196,Michael Martinez,uclark.2196@example.org,Malaysia,2020-06-05,Standard,2520.31
2197,Mr. Kristopher Curtis,mark90.2197@example.com,Gabon,2020-07-03,Premium,14279.71
2198,Edward Bennett,kennethmata.2198@example.com,Honduras,2025-02-17,Basic,170.76
2199,Jason Murphy,kristen89.2199@example.com,Jordan,2024-10-21,Standard,1708.79
2200,Katherine Ramos,evan45.2200@example.com,Mauritania,2022-07-08,Premium,16175.58
2201,Traci Lee,duncankimberly.2201@example.com,Madagascar,2024-03-01,Standard,2695.45
2202,Jared James,colemanjohn.2202@example.com,Bulgaria,2022-07-17,Standard,1305.84
2203,James Cook,kayleerogers.2203@example.com,New Caledonia,2021-11-08,Standard,2788.5
2204,Jessica Foley,jeremy00.2204@example.net,British Indian Ocean Territory (Chagos Archipelago),2022-11-19,Basic,28.78
2205,Stanley Benson,edwinwhite.2205@example.com,Lebanon,2022-01-31,Standard,2094.74
2206,Brian Thompson,richard59.2206@example.org,Russian Federation,2025-06-13,Standard,2389.56
2207,Danielle Robles,davisrenee.2207@example.net,Northern Mariana Islands,2022-10-02,Standard,1390.4
2208,John Black,aholder.2208@example.net,Indonesia,2022-02-22,Standard,230.73
2209,Bob Lane,jdawson.2209@example.org,Turkmenistan,2023-08-02,Premium,14366.63
2210,Nathan Sparks,scott04.2210@example.com,Timor-Leste,2025-01-25,Standard,1159.18
2211,Tamara Brown,daniellecoleman.2211@example.org,Marshall Islands,2021-10-30,Standard,625.08
2212,Michael Blair,jeremy75.2212@example.org,Tonga,2026-04-13,Standard,639.9
2213,William Gould,murraymichael.2213@example.net,China,2023-02-05,Basic,615.33
2214,David Robles,david83.2214@example.net,Zambia,2024-06-01,Standard,724.69
2215,Dominique Mcdonald,brandon64.2215@example.com,Saint Vincent and the Grenadines,2026-05-26,Standard,1555.48
2216,Tony Moore,mollybruce.2216@example.org,Rwanda,2022-11-20,Premium,19467.01
2217,Monica Henry,imitchell.2217@example.net,Wallis and Futuna,2021-05-02,Standard,2324.69
2218,Dana Carter,hayesrachel.2218@example.com,Norway,2024-12-31,Standard,1732.14
2219,Melinda Weiss,tracyjohnson.2219@example.net,Ukraine,2020-01-17,Basic,422.62
2220,Rebecca Jones,agomez.2220@example.net,Slovenia,2023-01-23,Standard,668.52
2221,Mark Johnson,crivers.2221@example.com,New Caledonia,2026-07-21,Basic,357.14
2222,Steven Rivera,markgardner.2222@example.org,Denmark,2022-10-09,Standard,605.72
2223,Jennifer Wells,alexander18.2223@example.org,France,2024-07-28,Basic,66.87
2224,David Santiago,kirbymichael.2224@example.org,Guyana,2023-07-06,Premium,3964.47
2225,Sherry Barker,jose08.2225@example.org,Lebanon,2021-06-08,Standard,1898.51
2226,Michael Campos,shannonmueller.2226@example.org,South Georgia and the South Sandwich Islands,2022-02-14,Premium,5483.95
2227,Toni Hunt,john91.2227@example.org,Equatorial Guinea,2023-07-02,Premium,4688.22
2228,Kevin Robertson,klara.2228@example.net,Cape Verde,2020-09-11,Basic,693.7
2229,Brandi Mendoza,torrestricia.2229@example.com,Falkland Islands (Malvinas),2022-10-10,Basic,97.61
2230,Robert Hensley,qbecker.2230@example.com,Netherlands Antilles,2022-10-10,Standard,2175.78
2231,Dalton Hawkins,lpage.2231@example.com,Czech Republic,2025-07-31,Standard,1367.6
2232,Ashley Daugherty,pmartin.2232@example.org,Oman,2020-10-29,Standard,1821.42
2233,Christopher Camacho,kjohnson.2233@example.net,Uzbekistan,2025-08-19,Standard,265.4
2234,Bryan Velasquez,josephangela.2234@example.org,American Samoa,2022-09-29,Basic,0.02
2235,Joseph Murray,jerrysmall.2235@example.org,Hong Kong,2024-05-09,Standard,2488.3
2236,Shawna Gillespie,williamsanthony.2236@example.net,Philippines,2023-09-22,Basic,380.35
2237,Sabrina Lopez,hespinoza.2237@example.org,Hungary,2022-01-02,Standard,399.66
2238,Donna Flores,robertssamantha.2238@example.org,Ecuador,2026-03-22,Basic,274.76
2239,Richard Miranda,lawrencekari.2239@example.com,Mexico,2021-07-02,Premium,11114.38
2240,Michael Davis,jamesparker.2240@example.net,Afghanistan,2020-03-29,Standard,579.38
2241,Jennifer White,jessicavang.2241@example.com,Heard Island and McDonald Islands,2025-01-05,Basic,437.07
2242,Erin Leach,sherry96.2242@example.com,Aruba,2024-02-26,Premium,11517.51
2243,Brandon Smith,qreynolds.2243@example.com,Oman,2025-12-14,Premium,12851.03
2244,Michele Snow,thendricks.2244@example.org,Western Sahara,2023-01-22,Standard,2468.73
2245,Ashlee Mendez,valeriesmith.2245@example.com,Uzbekistan,2020-02-11,Standard,1355.78
2246,Holly Hoffman,kelsey70.2246@example.net,Congo,2020-02-19,Basic,710.85
2247,Jamie Swanson,mbarnes.2247@example.com,Mongolia,2022-11-24,Basic,379.74
2248,Kelsey Fernandez,mmoore.2248@example.com,Moldova,2021-09-01,Standard,1480.02
2249,Rachael Jones,kennedywanda.2249@example.net,Antarctica (the territory South of 60 deg S),2026-03-01,Basic,524.55
2250,Billy Gibson,leah62.2250@example.com,Honduras,2020-10-16,Standard,1929.06
2251,Brandi Ibarra,steelejoel.2251@example.org,Serbia,2025-11-20,Basic,9.15
2252,Chelsea Smith,shawn89.2252@example.net,Belgium,2021-06-13,Standard,2950.81
2253,Charles Jones,juareztina.2253@example.net,Kyrgyz Republic,2020-10-18,Standard,2839.54
2254,Mr. Brandon Adkins,matthew51.2254@example.com,Libyan Arab Jamahiriya,2021-11-01,Premium,7063.15
2255,Rebecca Newman,paul21.2255@example.org,Cameroon,2020-12-17,Premium,12054.5
2256,Christopher Thomas,christopher96.2256@example.org,Western Sahara,2022-09-06,Basic,616.39
2257,Robert Keith,lcook.2257@example.org,United States Minor Outlying Islands,2022-03-17,Premium,18568.42
2258,Juan Becker,jennifer54.2258@example.org,Holy See (Vatican City State),2023-07-15,Standard,1840.54
2259,Jonathan Smith,cbass.2259@example.com,Morocco,2023-08-04,Standard,253.03
2260,Michelle Smith,davidkane.2260@example.com,Saint Martin,2020-01-03,Premium,14252.2
2261,Jennifer Sampson,brownreginald.2261@example.net,Kuwait,2020-10-31,Standard,460.62
2262,Kathy Calhoun DDS,jasontaylor.2262@example.com,Tuvalu,2021-01-30,Standard,2079.3
2263,Susan Black,adam17.2263@example.net,Central African Republic,2021-04-20,Basic,469.94
2264,Andrea David DDS,jennifer31.2264@example.org,Venezuela,2020-08-16,Standard,1993.87
2265,Margaret Mullins,adam10.2265@example.com,Bahamas,2022-02-07,Basic,151.41
2266,Sarah Blackwell,wilsonnathan.2266@example.org,Botswana,2023-09-04,Basic,394.89
2267,Natasha Perez,edwardsronald.2267@example.net,Svalbard & Jan Mayen Islands,2022-01-24,Standard,1930.28
2268,Andrew Jones,kbrown.2268@example.org,Jersey,2022-03-14,Standard,1040.82
2269,Sandra Valdez,erin07.2269@example.com,Turkey,2023-02-20,Basic,145.3
2270,Brenda Bradley,anna54.2270@example.org,Lao People's Democratic Republic,2023-09-01,Basic,178.14
2271,Jennifer Anderson,kwatkins.2271@example.org,Equatorial Guinea,2022-03-19,Standard,2602.45
2272,Marcus Le,sue16.2272@example.net,Uzbekistan,2021-06-25,Basic,371.63
2273,Angela Winters,tiffanyharris.2273@example.com,Saint Kitts and Nevis,2022-09-26,Basic,528.86
2274,Justin Bishop,johnsonmartin.2274@example.org,Cyprus,2020-02-29,Standard,1641.69
2275,Rachel Chandler,caseystafford.2275@example.org,Kazakhstan,2023-04-17,Basic,667.3
2276,Antonio Atkins,alexandria35.2276@example.org,Mayotte,2026-04-17,Standard,1623.79
2277,Joshua Fritz,bwilliams.2277@example.com,El Salvador,2022-08-29,Basic,74.66
2278,Christopher Mcbride,sarah83.2278@example.net,Hong Kong,2020-09-21,Basic,158.39
2279,Anthony Velasquez,richard28.2279@example.org,Vanuatu,2024-09-22,Premium,2238.78
2280,Heather Diaz,janet65.2280@example.com,Indonesia,2020-11-05,Premium,16967.44
2281,Kimberly Cook,jamiewhite.2281@example.org,Seychelles,2021-04-17,Standard,2057.16
2282,William Garcia,daniel74.2282@example.net,Djibouti,2020-12-23,Basic,607.36
2283,Teresa Davis,tapiawendy.2283@example.com,Poland,2025-11-27,Standard,2202.06
2284,Melanie Brown,thomaslinda.2284@example.net,Reunion,2026-07-24,Basic,659.58
2285,Tamara Edwards,garyjohnson.2285@example.net,Uruguay,2023-10-23,Standard,2963.51
2286,Mary White,holly12.2286@example.org,United Arab Emirates,2024-02-17,Standard,2029.72
2287,Scott Malone,kristen95.2287@example.org,Reunion,2024-04-25,Basic,201.81
2288,Tara Knox,millerdaniel.2288@example.org,Guatemala,2024-01-30,Standard,483.89
2289,Andrew Davenport,scott95.2289@example.org,Bolivia,2023-08-21,Standard,1851.29
2290,Amber Gomez,ipadilla.2290@example.com,Samoa,2026-08-06,Premium,15873.63
2291,James Bernard,dawn31.2291@example.org,Nigeria,2024-11-25,Premium,12108.29
2292,Steven Wilson,taramejia.2292@example.org,Fiji,2020-08-03,Premium,7463.99
2293,Logan Compton,david03.2293@example.com,Finland,2022-08-15,Standard,2215.26
2294,Tina Mooney,joneskevin.2294@example.net,Guadeloupe,2026-07-07,Standard,1454.32
2295,Melissa Peterson,susanhoward.2295@example.org,Aruba,2022-09-12,Standard,1002.45
2296,Laura Lane,paul00.2296@example.com,Norway,2021-05-13,Premium,17139.52
2297,Joshua Love,sandersroy.2297@example.net,Lesotho,2025-10-21,Standard,1814.25
2298,Michael Moran,bradley37.2298@example.net,Zimbabwe,2024-03-01,Standard,993.65
2299,Michael Downs,eileenhudson.2299@example.com,Tokelau,2023-10-05,Basic,262.88
2300,Ryan Moore,andrewlong.2300@example.com,Greece,2022-10-22,Standard,1800.66
2301,Daniel Gray,robinsoncynthia.2301@example.org,Equatorial Guinea,2020-10-30,Premium,9612.62
2302,David Perkins,rachelwhite.2302@example.org,Niue,2022-07-26,Standard,649.45
2303,Daniel Rivera,dorisarmstrong.2303@example.org,Bhutan,2022-12-04,Basic,488.38
2304,Steven Fisher,smithkristin.2304@example.net,Philippines,2026-03-24,Basic,551.29
2305,Jennifer King,kellyadam.2305@example.net,American Samoa,2022-01-20,Basic,0.09
2306,Daniel Taylor,oliviawilson.2306@example.com,Vanuatu,2020-12-30,Basic,429.5
2307,Shawn Hart,campbellerika.2307@example.com,Somalia,2022-11-10,Standard,1816.05
2308,Kevin Watkins,kmorris.2308@example.org,Jamaica,2026-08-31,Basic,265.65
2309,Robert White,gary03.2309@example.org,Algeria,2023-03-23,Premium,8097.16
2310,Joel Ford,stephengomez.2310@example.org,Anguilla,2022-07-14,Basic,254.13
2311,Sarah Perez,aaronwallace.2311@example.org,Sao Tome and Principe,2024-06-16,Basic,356.26
2312,Robert Swanson,whiteryan.2312@example.org,Chile,2024-05-03,Basic,649.55
2313,Susan Sharp,gomezrenee.2313@example.org,Poland,2021-12-31,Standard,1513.27
2314,Christine Watson,ariana61.2314@example.org,Mexico,2026-06-21,Basic,794.92
2315,Melissa Ruiz,crossnicole.2315@example.net,Romania,2023-12-18,Premium,8770.86
2316,Willie Morgan,jameszachary.2316@example.net,Dominica,2020-05-20,Standard,2157.93
2317,Cindy Kelley,znichols.2317@example.net,Honduras,2022-09-22,Standard,1737.1
2318,Desiree Ali,williamperkins.2318@example.org,Georgia,2026-03-03,Standard,2334.41
2319,Paul Martin,sandovalwendy.2319@example.org,Austria,2022-08-18,Standard,2687.42
2320,Timothy Krause,andreagilbert.2320@example.net,Burkina Faso,2023-10-18,Standard,1632.71
2321,Mr. Daniel Anderson,briandavis.2321@example.com,San Marino,2024-02-05,Standard,1584.54
2322,Michelle Haynes,jonesterri.2322@example.com,Peru,2024-09-16,Standard,2839.61
2323,Daniel Williams,jillnavarro.2323@example.org,Vietnam,2025-10-31,Standard,2814.25
2324,Ian Arias,jefferyanderson.2324@example.net,Qatar,2020-12-30,Standard,2991.59
2325,Olivia Gordon,sanchezjennifer.2325@example.org,Israel,2023-06-15,Basic,125.18
2326,Michael Summers,olivia64.2326@example.com,Guatemala,2023-07-26,Premium,2064.24
2327,Steven Davis,sarahgonzales.2327@example.com,Mauritania,2021-01-07,Basic,349.85
2328,Wanda Davis,davidjones.2328@example.org,Pitcairn Islands,2024-07-02,Standard,2253.35
2329,Tony Perkins,harrisonnicholas.2329@example.net,Zimbabwe,2020-10-15,Premium,3311.41
2330,Vincent Weaver,davidglover.2330@example.com,Falkland Islands (Malvinas),2023-01-19,Standard,1246.08
2331,Rebecca Harris,harveyphilip.2331@example.org,British Indian Ocean Territory (Chagos Archipelago),2022-03-17,Standard,1828.09
2332,Justin Richardson,gtucker.2332@example.org,Tajikistan,2021-01-13,Standard,795.13
2333,Sherri Williams,zskinner.2333@example.com,Djibouti,2025-07-01,Premium,15160.56
2334,Jennifer Ward,fspears.2334@example.net,Gabon,2021-08-19,Standard,842.71
2335,Vincent Myers,kimberly44.2335@example.net,Congo,2021-09-15,Premium,17132.1
2336,Adam Holland,cassandra33.2336@example.net,Honduras,2025-09-17,Premium,8268.92
2337,Jeffrey Flowers,shawnanderson.2337@example.org,Benin,2025-11-12,Standard,1876.22
2338,Tamara Rodgers,tanya43.2338@example.com,Wallis and Futuna,2020-03-25,Basic,435.32
2339,Kayla Mercado,joseph21.2339@example.net,Armenia,2021-11-09,Standard,1030.05
2340,Natalie Conrad,mavery.2340@example.net,Cameroon,2024-09-27,Standard,1429.4
2341,Kyle Fleming,jennifersolomon.2341@example.net,Estonia,2025-03-15,Standard,2568.72
2342,Michelle Rivers,jamesmorgan.2342@example.org,Finland,2026-09-06,Standard,1735.36
2343,Holly Young,ldickson.2343@example.com,Ecuador,2023-09-16,Premium,3000.57
2344,Ruben Charles,stacy03.2344@example.org,Marshall Islands,2020-01-19,Standard,2196.49
2345,Scott Osborne,xsullivan.2345@example.net,Iceland,2025-11-03,Standard,710.87
2346,Michelle Mooney,victor76.2346@example.net,Saint Helena,2021-01-28,Standard,1560.98
2347,John Vincent,stacey53.2347@example.com,India,2020-10-21,Standard,1511.91
2348,Robert Jordan,mvelazquez.2348@example.net,United Kingdom,2024-07-04,Standard,1562.16
2349,Joseph Odonnell,david25.2349@example.com,Montserrat,2024-01-14,Standard,286.84
2350,Glenn Hodges,sara94.2350@example.net,Nepal,2020-05-26,Basic,217.91
2351,Eric Griffin,marcuscase.2351@example.net,Bouvet Island (Bouvetoya),2021-02-17,Standard,342.06
2352,Jacob Love,alexanderberg.2352@example.com,British Indian Ocean Territory (Chagos Archipelago),2023-12-11,Standard,1361.88
2353,Dr. Marie Silva MD,hunter14.2353@example.org,Ukraine,2021-09-15,Standard,1939.74
2354,Stacey Lewis,shelleyvelasquez.2354@example.com,Sudan,2024-07-28,Basic,523.26
2355,Courtney Woodward,chavezrobert.2355@example.net,Pitcairn Islands,2022-10-02,Basic,51.64
2356,Todd Short,johnsondebbie.2356@example.net,Uruguay,2023-12-07,Basic,95.11
2357,Jillian Hendricks,douglasmartinez.2357@example.com,Moldova,2023-03-05,Standard,2052.22
2358,Steven Hamilton,lucas35.2358@example.net,United Kingdom,2022-06-10,Standard,1687.33
2359,Kathleen Rodriguez,rgreen.2359@example.net,Congo,2022-04-16,Basic,666.73
2360,Joseph Hogan,mollypeck.2360@example.net,Turkey,2024-08-29,Standard,774.4
2361,Jeffrey Fleming,jeffreywallace.2361@example.com,Ireland,2023-06-10,Basic,96.27
2362,Maria Williams,jamessmith.2362@example.com,Serbia,2023-12-22,Standard,1213.67
2363,Timothy Nguyen,lisa78.2363@example.org,Maldives,2023-11-10,Standard,1983.79
2364,Cassandra Anderson,johnsonsamantha.2364@example.com,Georgia,2021-05-22,Standard,1560.71
2365,Alexander Turner,luisbates.2365@example.org,Montserrat,2026-02-08,Standard,476.06
2366,Lori Miller,hammondjeff.2366@example.com,Chad,2023-10-07,Basic,57.03
2367,Michael Holmes,gonzalezjames.2367@example.net,India,2024-10-19,Premium,14198.49
2368,Nicholas Chase,rebeccajohnson.2368@example.net,Slovenia,2025-11-23,Standard,1031.51
2369,Steven Hopkins,mauriceball.2369@example.net,Croatia,2026-03-08,Standard,2074.55
2370,Jessica Lyons,eddiehernandez.2370@example.net,Comoros,2024-06-16,Basic,235.93
2371,Sandra Harrington,aaroncox.2371@example.com,Cyprus,2025-04-06,Standard,1081.42
2372,Gregory Johnson,jeremiah36.2372@example.com,Indonesia,2023-02-26,Basic,167.85
2373,Cody Lawson,solomonandrea.2373@example.com,Solomon Islands,2024-12-06,Basic,786.97
2374,Brett Henry,duranlindsay.2374@example.org,Cape Verde,2022-02-24,Standard,245.0
2375,Victor Byrd,pgarcia.2375@example.net,Norfolk Island,2024-10-04,Basic,101.8
2376,Sarah Graham,janicestuart.2376@example.com,Russian Federation,2020-07-28,Basic,669.03
2377,Jeremy Baker,amanda46.2377@example.com,Cameroon,2026-02-10,Standard,586.85
2378,Mrs. Candice Joseph,tinabrandt.2378@example.net,Andorra,2021-08-20,Standard,985.95
2379,William Hodge,websterkelly.2379@example.org,Mongolia,2024-05-22,Standard,935.8
2380,Cathy Navarro,jenniferortega.2380@example.net,Guinea,2020-01-28,Standard,2151.56
2381,Gail Watson MD,lbrown.2381@example.net,Iceland,2021-01-15,Premium,9401.62
2382,Robert Jones,marissareid.2382@example.net,Oman,2026-08-06,Basic,672.47
2383,Desiree Carey,schmidtjoseph.2383@example.net,Albania,2025-07-28,Standard,2292.8
2384,Patricia Delgado,ocaldwell.2384@example.net,Gibraltar,2021-06-27,Standard,1687.08
2385,Carrie Guerrero,alexanderkeller.2385@example.org,Malawi,2020-11-15,Premium,6483.11
2386,Jacob Brown,elizabeth39.2386@example.net,Saint Martin,2025-06-12,Standard,2418.77
2387,Benjamin Thompson,krystal05.2387@example.com,Niue,2026-08-14,Standard,2624.77
2388,Billy Miranda,richardsonronnie.2388@example.net,Peru,2021-02-15,Standard,2541.59
2389,Anna Le,mark40.2389@example.net,Nauru,2024-06-09,Standard,344.8
2390,Cody Woods,brittanyhayes.2390@example.com,Afghanistan,2021-11-23,Premium,14563.26
2391,Andrea Camacho,andrewjackson.2391@example.org,Luxembourg,2024-12-22,Standard,2171.03
2392,Todd Duncan,taylordorothy.2392@example.org,Sao Tome and Principe,2022-10-18,Basic,754.46
2393,Keith Gibson,nbullock.2393@example.com,Argentina,2020-11-02,Standard,937.74
2394,John Miller DDS,klewis.2394@example.com,Sierra Leone,2022-03-03,Standard,2401.77
2395,Julia Morgan,davidpearson.2395@example.net,Morocco,2023-08-08,Premium,14403.74
2396,Mark Clark,awong.2396@example.com,Norfolk Island,2025-05-03,Basic,702.98
2397,Erin Lopez,james91.2397@example.net,Zimbabwe,2020-02-21,Standard,2141.26
2398,Kevin Bell,hunter12.2398@example.org,Anguilla,2026-05-27,Standard,2586.87
2399,Joy Dorsey,tom64.2399@example.com,Lesotho,2024-05-05,Standard,1206.81
2400,Julie Torres,dawsonaaron.2400@example.com,Mayotte,2025-11-07,Premium,4837.24
2401,Jerry Collins,tcrawford.2401@example.net,Wallis and Futuna,2026-03-21,Standard,1217.39
2402,William Scott,barnesjames.2402@example.com,Greenland,2021-01-10,Standard,2482.14
2403,Julie Johnson,johnsonjohn.2403@example.com,Saint Vincent and the Grenadines,2020-08-16,Standard,568.62
2404,Tonya Alexander,kproctor.2404@example.com,Bouvet Island (Bouvetoya),2025-03-11,Basic,510.36
2405,Michael Watkins,derrick63.2405@example.com,Saint Helena,2021-04-03,Standard,2965.16
2406,Julie Craig,whitemichael.2406@example.org,Japan,2020-12-27,Basic,716.01
2407,Joseph Horn,jimmy15.2407@example.net,Tajikistan,2023-02-18,Standard,2079.31
2408,Danielle Compton,cheryl54.2408@example.com,Sao Tome and Principe,2026-02-08,Premium,16267.35
2409,Rachel Conner,nancy43.2409@example.com,Gambia,2025-04-26,Standard,526.13
2410,Lawrence Bass,fostersarah.2410@example.net,Western Sahara,2023-06-18,Standard,1596.73
2411,Debra Ortiz,joshua74.2411@example.org,Andorra,2021-04-24,Standard,1689.35
2412,Bethany Sharp,dustinwilliams.2412@example.com,Saint Kitts and Nevis,2022-04-01,Basic,626.16
2413,Sonya Aguilar,vanessacaldwell.2413@example.net,Vietnam,2024-08-08,Standard,991.26
2414,Dr. Jill Brown MD,cory21.2414@example.org,Tokelau,2021-01-18,Standard,498.16
2415,Samuel Bailey,egill.2415@example.com,France,2023-07-04,Standard,2154.72
2416,Richard Johnson,ewood.2416@example.net,Algeria,2020-01-29,Standard,1579.26
2417,Austin Cummings,turnerashley.2417@example.com,Czech Republic,2022-03-04,Standard,2558.42
2418,Ashley Maxwell,morrowdonald.2418@example.net,Costa Rica,2021-08-28,Premium,10666.81
2419,Linda Lee,zcook.2419@example.com,Myanmar,2024-07-21,Premium,17232.87
2420,Tricia Miller,courtney70.2420@example.net,Montserrat,2026-02-10,Standard,1621.94
2421,Chelsea Dominguez,sherylgreen.2421@example.com,Indonesia,2020-12-23,Premium,16088.57
2422,Krista Williams,ewalker.2422@example.org,Costa Rica,2025-04-30,Standard,2218.09
2423,Natalie Johnson,pamela36.2423@example.org,Egypt,2024-05-20,Premium,6789.49
2424,Matthew Smith,kylecarter.2424@example.com,Djibouti,2026-06-26,Premium,7569.17
2425,Megan Barrett,aklein.2425@example.net,Slovenia,2026-02-03,Basic,719.36
2426,Michael Thomas,johnsonlacey.2426@example.net,Tokelau,2020-09-03,Basic,184.81
2427,Martha Lucas,patrick90.2427@example.org,Libyan Arab Jamahiriya,2024-12-19,Standard,2153.0
2428,Wyatt Turner,esmall.2428@example.com,Tajikistan,2023-12-17,Standard,606.34
2429,Carla Briggs,brian38.2429@example.com,New Zealand,2020-10-03,Basic,604.13
2430,Monica Molina,robert52.2430@example.com,Senegal,2021-09-19,Premium,6019.22
2431,Cynthia Taylor,jamesanderson.2431@example.org,Burkina Faso,2026-03-13,Standard,1863.38
2432,Crystal Robinson,richard13.2432@example.org,El Salvador,2023-08-18,Premium,12156.38
2433,Meagan Patterson,emcdonald.2433@example.net,Korea,2022-04-06,Standard,769.84
2434,John Bishop,sarah07.2434@example.com,Sao Tome and Principe,2022-02-21,Basic,393.12
2435,Christine Miller,john02.2435@example.com,United Kingdom,2025-08-08,Basic,703.4
2436,Rose Jackson,reneenavarro.2436@example.net,Antarctica (the territory South of 60 deg S),2021-11-23,Basic,544.42
2437,Joshua Ellis,josephhardin.2437@example.org,Yemen,2021-01-23,Basic,794.12
2438,Brandi Williams,davisjennifer.2438@example.org,Holy See (Vatican City State),2023-11-02,Standard,2396.75
2439,Deanna Ware,gonzalesnatasha.2439@example.com,Kyrgyz Republic,2026-08-20,Basic,514.76
2440,Erica Green,deckerthomas.2440@example.net,Botswana,2021-03-23,Standard,1776.97
2441,Crystal Brennan,sarawilliams.2441@example.com,Kazakhstan,2021-09-15,Standard,2824.8
2442,Shane Brown,kristinaharrison.2442@example.org,Cape Verde,2023-02-19,Standard,1675.64
2443,Joseph Marquez,carol95.2443@example.com,United States Virgin Islands,2021-05-02,Standard,1327.48
2444,Kenneth Shepard,staceywashington.2444@example.net,South Africa,2024-05-08,Standard,2536.58
2445,Jimmy Palmer,corymiller.2445@example.org,Dominica,2021-09-11,Standard,2832.68
2446,Mckenzie Macdonald,toni86.2446@example.net,United Arab Emirates,2020-11-09,Premium,10620.5
2447,Andrew Soto,gibsonbrandon.2447@example.com,Czech Republic,2021-09-30,Standard,584.27
2448,Melissa Thompson,michaelmatthews.2448@example.net,Ghana,2026-03-22,Standard,1903.44
2449,Theresa Goodman,snydergerald.2449@example.org,Egypt,2026-04-02,Standard,2274.47
2450,Dylan Thomas,angelawhite.2450@example.org,Honduras,2023-05-19,Standard,1246.18
2451,Maria Horn,nicholasflores.2451@example.com,Congo,2022-09-04,Premium,15461.82
2452,Christina Roberts,jodysmith.2452@example.net,Gabon,2025-06-24,Basic,424.84
2453,Kelly Romero,bwiley.2453@example.com,Mozambique,2021-04-19,Standard,1043.8
2454,James Vega,alexander70.2454@example.org,Seychelles,2024-05-15,Standard,1962.66
2455,David Miles,charles53.2455@example.net,Cocos (Keeling) Islands,2024-07-18,Premium,9001.06
2456,Shawn Figueroa,qsimmons.2456@example.org,Israel,2024-09-29,Basic,629.46
2457,Robert Moore,josephchavez.2457@example.com,Guinea-Bissau,2021-06-16,Standard,208.62
2458,Bradley Pacheco,andresmiller.2458@example.com,Burkina Faso,2024-10-14,Standard,2490.9
2459,Dustin Jones,valdezashley.2459@example.org,Uzbekistan,2024-02-03,Standard,1058.41
2460,Peter Haynes,jrobinson.2460@example.net,Iran,2025-11-06,Basic,767.7
2461,Maria Jackson,ryanford.2461@example.net,Nigeria,2021-03-01,Basic,607.33
2462,George Green,elizabeth20.2462@example.com,Malaysia,2024-02-07,Standard,874.91
2463,Nathaniel Walker,lucasandrea.2463@example.org,Mauritania,2025-07-18,Premium,19618.38
2464,Brooke Fuentes,williamsaudrey.2464@example.org,Belize,2021-11-10,Premium,10992.45
2465,Jacqueline Phillips,melissadavis.2465@example.org,Panama,2024-12-21,Premium,11412.63
2466,Kimberly Esparza,dawsonamanda.2466@example.com,French Southern Territories,2020-08-31,Basic,727.61
2467,Justin Brown,garciabrandi.2467@example.net,Georgia,2024-10-19,Basic,734.72
2468,Timothy Sexton,karen00.2468@example.com,Luxembourg,2024-01-20,Basic,557.51
2469,Kelly Parsons,elittle.2469@example.org,Iceland,2021-04-15,Basic,782.76
2470,Patrick Larson,zcampbell.2470@example.net,Saint Kitts and Nevis,2020-06-11,Premium,7919.67
2471,Michelle Graham,jeffbarrett.2471@example.org,Cameroon,2024-12-25,Basic,185.87
2472,Amber Martin,charleswhite.2472@example.com,El Salvador,2021-08-12,Standard,281.92
2473,Mr. Spencer Barton,laurarodriguez.2473@example.net,Reunion,2023-04-29,Standard,1169.77
2474,Philip Chapman,davismichelle.2474@example.com,Nepal,2020-05-28,Standard,1887.37
2475,Michael Rodriguez,barbara81.2475@example.net,Mexico,2026-06-10,Premium,7496.82
2476,Omar Mcgee,brownnancy.2476@example.com,Romania,2023-09-02,Basic,463.7
2477,Kimberly Lee,brownmichael.2477@example.org,Indonesia,2026-03-24,Basic,38.71
2478,Robert Nelson,moniquesmith.2478@example.net,Turks and Caicos Islands,2021-01-26,Basic,283.27
2479,Candice Butler,andreasmith.2479@example.com,Sudan,2021-05-17,Basic,598.4
2480,Jerry Ferguson,donnacunningham.2480@example.net,Jersey,2024-01-30,Standard,492.12
2481,Cassandra Peters,lynnavila.2481@example.org,Tuvalu,2024-01-16,Premium,14867.07
2482,Sonya Harris,nicolemason.2482@example.com,Suriname,2025-04-15,Basic,610.65
2483,Madison Ware,vrussell.2483@example.org,Mauritius,2026-03-16,Standard,1792.53
2484,Juan Sanford,dthompson.2484@example.org,Botswana,2025-06-30,Basic,708.87
2485,Brooke Mccullough,dudleyjames.2485@example.net,Saint Barthelemy,2020-12-08,Premium,19182.14
2486,Courtney Hurst,coryfernandez.2486@example.net,Kyrgyz Republic,2022-01-25,Standard,297.1
2487,Alicia Cisneros,ricemark.2487@example.net,Liberia,2026-02-09,Standard,2101.43
2488,Mark Wood,pcruz.2488@example.org,Mozambique,2023-09-02,Standard,864.09
2489,Selena Li,adamnolan.2489@example.net,Egypt,2025-10-18,Basic,326.55
2490,Audrey Hull,howellstuart.2490@example.com,Puerto Rico,2023-10-06,Basic,498.52
2491,Maria Weaver,gomezbrittney.2491@example.net,French Southern Territories,2020-05-01,Standard,2194.36
2492,Brittany Myers,donna20.2492@example.net,Heard Island and McDonald Islands,2023-02-28,Standard,2552.53
2493,Heather Gallegos,wferguson.2493@example.org,Burundi,2025-07-06,Premium,14696.96
2494,Stephanie Martin,shane49.2494@example.net,Greece,2024-05-18,Standard,2376.72
2495,Pamela Rojas,carrielambert.2495@example.net,Turks and Caicos Islands,2020-11-20,Standard,1877.4
2496,John Hubbard,bethfranklin.2496@example.com,Isle of Man,2021-05-28,Standard,527.77
2497,Laura Sanders,tgarza.2497@example.org,Angola,2025-09-17,Standard,260.0
2498,Kathleen Hansen,trancaitlin.2498@example.com,Poland,2026-07-19,Standard,1683.39
2499,Rebecca Boone,richard18.2499@example.org,Bouvet Island (Bouvetoya),2025-01-12,Standard,2203.51
2500,Lori Clark,smurray.2500@example.com,Saint Martin,2020-08-27,Basic,87.09
2501,Deborah Stewart,osbornkelly.2501@example.net,Somalia,2024-02-21,Standard,1402.03
2502,Erin Jackson,elizabethrobertson.2502@example.com,Syrian Arab Republic,2025-07-17,Standard,917.3
2503,James Tran,martindonald.2503@example.com,United Arab Emirates,2024-04-12,Basic,453.67
2504,Dawn Meyer,smithamy.2504@example.com,Sierra Leone,2023-12-21,Basic,312.4
2505,Sheri Ballard,aaronwiley.2505@example.net,Greenland,2023-02-15,Basic,161.17
2506,Kurt Wells,itorres.2506@example.net,Syrian Arab Republic,2021-08-20,Standard,212.3
2507,Timothy West,tranrobert.2507@example.org,Heard Island and McDonald Islands,2021-11-16,Standard,1100.27
2508,James Shelton,williamsjason.2508@example.net,Bosnia and Herzegovina,2024-12-25,Basic,412.93
2509,Justin Saunders,deanna05.2509@example.com,Congo,2020-06-19,Standard,2801.79
2510,Keith Shaw,qirwin.2510@example.com,Lesotho,2020-07-25,Standard,836.93
2511,Marvin Johnson,valdezalyssa.2511@example.org,Bouvet Island (Bouvetoya),2022-08-26,Basic,409.8
2512,Devon Phillips,ronaldoneal.2512@example.org,Zambia,2025-03-06,Premium,12196.94
2513,Mr. Troy Hansen,david90.2513@example.com,Vanuatu,2024-05-23,Basic,519.38
2514,Andrew Thomas,xcardenas.2514@example.org,Slovakia (Slovak Republic),2023-12-11,Basic,262.85
2515,Shelby Taylor,darrylkent.2515@example.net,Venezuela,2023-07-28,Premium,3790.67
2516,Adam Young,ltate.2516@example.org,Venezuela,2020-09-27,Basic,737.08
2517,Steven Torres,scott04.2517@example.com,France,2022-03-21,Standard,2867.72
2518,Brent Holloway,nathan39.2518@example.com,Djibouti,2020-07-13,Basic,350.58
2519,Donna Chandler,larryburns.2519@example.org,Cuba,2025-01-25,Basic,464.46
2520,Patrick Foster,martinmaria.2520@example.net,Palestinian Territory,2025-01-07,Basic,23.22
2521,Peggy Young,staceyarias.2521@example.org,Slovakia (Slovak Republic),2021-09-22,Premium,2849.88
2522,Devin Day,cynthiaford.2522@example.org,Saint Martin,2021-12-16,Basic,61.33
2523,Kristen Jackson,christinapeters.2523@example.net,Myanmar,2022-02-14,Basic,591.0
2524,Ashley Wilson,george52.2524@example.net,Macao,2025-12-11,Standard,836.26
2525,George Williams,tracy91.2525@example.com,Timor-Leste,2023-04-07,Standard,716.45
2526,Eric Ruiz,coxcarol.2526@example.com,Serbia,2025-02-03,Premium,2150.04
2527,Joseph Paul,danielle52.2527@example.com,Saint Martin,2023-01-01,Basic,18.32
2528,Michaela Whitney,daniel71.2528@example.com,Kuwait,2024-08-31,Premium,9296.91
2529,Gavin Freeman,jordanboone.2529@example.net,Martinique,2023-07-14,Standard,1716.7
2530,Shane Jones,walkerdavid.2530@example.org,Cook Islands,2021-11-11,Basic,463.25
2531,Mrs. Amanda Wells,margaretboyd.2531@example.net,Martinique,2025-11-09,Basic,366.33
2532,Karen Alvarez,lisahawkins.2532@example.com,Algeria,2024-09-27,Basic,367.65
2533,Emily Martinez,margaret62.2533@example.com,Puerto Rico,2025-02-21,Standard,2308.8
2534,Robert Mueller,ricky35.2534@example.net,Australia,2026-05-04,Premium,7212.26
2535,John Carter,huntmichelle.2535@example.com,Trinidad and Tobago,2021-08-30,Standard,865.61
2536,James Martin,vcrawford.2536@example.com,Sudan,2020-08-11,Premium,17377.84
2537,Robert Taylor,echapman.2537@example.com,Netherlands,2023-11-22,Basic,551.41
2538,Kevin Willis,pamela64.2538@example.com,Antarctica (the territory South of 60 deg S),2022-03-07,Standard,1535.23
2539,Darren Smith,,United Kingdom,2022-11-30,Standard,971.13
2540,Michael Fernandez,marissasutton.2540@example.com,Ireland,2021-07-27,Premium,4458.47
2541,Todd Frank,rebecca24.2541@example.com,French Southern Territories,2022-08-31,Standard,304.78
2542,Sherri Colon,caguilar.2542@example.org,Tuvalu,2022-08-18,Basic,681.89
2543,Joseph Dougherty,tmurphy.2543@example.net,Saint Vincent and the Grenadines,2022-05-06,Basic,474.71
2544,Patrick Ford,kirbybrett.2544@example.org,Mauritania,2024-12-17,Premium,2824.93
2545,Lee Heath,wilkinskevin.2545@example.net,United Arab Emirates,2023-12-18,Premium,4854.57
2546,Sydney Baker,murraysara.2546@example.net,Greenland,2023-03-04,Standard,982.78
2547,Philip Moore,tylerlaura.2547@example.org,India,2020-10-02,Premium,6735.29
2548,Joseph Peterson,millerjessica.2548@example.net,Jordan,2023-10-25,Basic,438.71
2549,Mrs. Kimberly Hill,rowebelinda.2549@example.net,United States Virgin Islands,2021-03-03,Standard,1318.44
2550,Tracy Cortez,barbara09.2550@example.net,Norfolk Island,2022-02-06,Premium,17879.9
2551,Ethan Castro,marthagriffin.2551@example.net,Jamaica,2022-10-10,Basic,575.53
2552,Ronald Edwards,orichards.2552@example.com,Madagascar,2020-12-11,Standard,2750.05
2553,Russell Flores,webstersteven.2553@example.net,Brunei Darussalam,2022-08-09,Standard,2615.89
2554,David Silva,vsmith.2554@example.org,Algeria,2021-10-13,Standard,2779.83
2555,Mrs. Maria Edwards,susanpatel.2555@example.net,British Virgin Islands,2025-09-06,Premium,19640.21
2556,Erin Nichols,jenniferwilliams.2556@example.org,Bolivia,2025-09-30,Standard,1072.75
2557,Miguel Clark,williamsmark.2557@example.org,Bangladesh,2020-01-12,Basic,167.74
2558,James Herman,sarah87.2558@example.org,Belgium,2024-01-11,Basic,132.12
2559,David Gomez,hannahhicks.2559@example.net,South Georgia and the South Sandwich Islands,2024-04-13,Standard,1958.65
2560,Shane Potter,bushcourtney.2560@example.net,Jersey,2022-07-12,Standard,2106.71
2561,Angelica Cook,richardsonstephanie.2561@example.com,Hungary,2023-02-19,Standard,445.94
2562,Gregory Wiley,fallen.2562@example.net,Bolivia,2025-04-12,Standard,2499.0
2563,Mary Massey,zroberts.2563@example.net,United States Minor Outlying Islands,2022-07-11,Standard,2392.59
2564,Kimberly Fisher,thomaswhite.2564@example.org,Seychelles,2020-06-06,Standard,1959.73
2565,Joseph Gray,vortiz.2565@example.org,Equatorial Guinea,2022-06-28,Premium,9841.02
2566,Loretta Horton,casey61.2566@example.org,Yemen,2021-09-12,Basic,122.93
2567,Madison Evans,cynthia35.2567@example.net,Switzerland,2022-07-23,Basic,404.47
2568,Justin Smith,brad51.2568@example.org,Liechtenstein,2021-07-15,Standard,645.67
2569,Chad Vincent,alanthomas.2569@example.com,Tunisia,2020-12-31,Basic,483.98
2570,Joseph Riley,bakerjonathon.2570@example.com,Nauru,2026-08-03,Premium,7579.37
2571,Amanda Simpson,laura09.2571@example.com,Eritrea,2020-11-10,Basic,197.85
2572,Diana Austin,hudsonglen.2572@example.net,Korea,2024-09-20,Standard,1434.94
2573,Ronald Murphy,monica51.2573@example.net,San Marino,2024-10-18,Premium,12452.83
2574,Stephen Smith,ftaylor.2574@example.org,Jamaica,2024-02-17,Standard,1228.9
2575,Pamela Johnson,mccormickkatherine.2575@example.com,Gambia,2026-02-03,Standard,2898.09
2576,Christine Harrison,brittanywolf.2576@example.org,Pakistan,2020-01-13,Standard,216.51
2577,Philip Cole,suzanne33.2577@example.org,Switzerland,2022-01-06,Standard,2756.01
2578,Ashley Lynn,clinton09.2578@example.org,Congo,2021-03-26,Premium,2012.31
2579,Casey Baker,lcosta.2579@example.net,Chad,2023-11-09,Premium,5900.81
2580,Crystal Miller,bradshawcarlos.2580@example.org,Antigua and Barbuda,2024-03-31,Standard,2989.78
2581,Andrea Brown,shannon20.2581@example.com,Portugal,2026-01-01,Standard,2238.67
2582,Daniel Nelson,tnorris.2582@example.com,Slovakia (Slovak Republic),2022-07-16,Premium,13600.97
2583,Michelle Collins,maryday.2583@example.org,Zimbabwe,2021-07-30,Standard,2233.06
2584,Nicholas Grant,douglashill.2584@example.com,Canada,2026-03-07,Standard,1343.23
2585,Christopher Miller,kbird.2585@example.com,Lithuania,2024-07-01,Standard,2395.79
2586,Steve Brewer,laura24.2586@example.org,Croatia,2025-02-10,Basic,123.89
2587,Corey Reyes,robertrodriguez.2587@example.net,Jersey,2022-12-22,Standard,2422.9
2588,Joshua West,wattsjason.2588@example.com,Palau,2022-12-28,Standard,2830.67
2589,George Sparks,brianconrad.2589@example.org,India,2022-08-08,Standard,2601.52
2590,Jason Stephens,egriffith.2590@example.net,Antarctica (the territory South of 60 deg S),2025-01-04,Standard,2271.05
2591,Brendan Sanchez,morganthomas.2591@example.com,Grenada,2021-05-29,Premium,13724.79
2592,Collin Osborne,johnsonsteven.2592@example.net,Palau,2026-07-09,Premium,11379.66
2593,Robert Knight,fjackson.2593@example.org,Samoa,2021-03-05,Basic,316.18
2594,Cody Johnson PhD,pwilkerson.2594@example.com,Germany,2023-01-30,Standard,2623.83
2595,Kimberly Haney,julia17.2595@example.org,Bangladesh,2022-02-07,Standard,2012.88
2596,Jason Lucero,dflowers.2596@example.com,Cameroon,2024-04-18,Standard,1417.72
2597,Charles Wong,katherinecarter.2597@example.org,American Samoa,2024-07-20,Standard,2397.42
2598,Bradley Best,matthewlewis.2598@example.net,United States Minor Outlying Islands,2026-02-21,Basic,43.28
2599,Kara White,,Nicaragua,2025-04-11,Standard,2476.73
2600,Emily Walker,clarkian.2600@example.net,Bulgaria,2021-08-30,Premium,16592.64
2601,Elizabeth Grant,portiz.2601@example.com,Philippines,2021-05-19,Basic,182.82
2602,Joshua Rodriguez,josephcooper.2602@example.net,Argentina,2025-12-04,Standard,305.48
2603,Timothy Perkins,danielandrews.2603@example.org,Tajikistan,2023-04-06,Standard,2198.38
2604,Michele Oconnor PhD,jacksonrussell.2604@example.com,Turks and Caicos Islands,2020-08-26,Basic,159.9
2605,Susan Palmer,jscott.2605@example.com,Italy,2025-07-07,Standard,2988.86
2606,Kathryn Adams,jasongray.2606@example.org,Korea,2024-05-02,Standard,225.71
2607,Ann Cunningham,andrew37.2607@example.net,Montserrat,2020-03-03,Basic,183.83
2608,Jeffrey Williams,henrychristine.2608@example.net,Iraq,2025-03-26,Standard,317.77
2609,Craig Nguyen,philliphayden.2609@example.net,Denmark,2024-01-23,Standard,2391.44
2610,Trevor Gordon,amber86.2610@example.com,British Indian Ocean Territory (Chagos Archipelago),2024-02-09,Premium,12416.52
2611,Cody Klein,audreyrose.2611@example.com,Algeria,2025-10-13,Standard,2575.62
2612,Melissa Newton,cameronjackson.2612@example.net,Tonga,2023-04-25,Standard,2895.32
2613,April Smith,howardmark.2613@example.org,Mexico,2023-01-31,Standard,1908.32
2614,Jennifer Allen,swright.2614@example.net,Bouvet Island (Bouvetoya),2024-02-16,Standard,848.91
2615,Mrs. Barbara Yates MD,smithadriana.2615@example.net,Zimbabwe,2021-04-27,Basic,74.12
2616,David Jennings,cruzkaren.2616@example.net,Cook Islands,2021-01-05,Standard,2625.53
2617,Patricia Acosta,lharmon.2617@example.net,Saint Vincent and the Grenadines,2025-08-22,Basic,196.09
2618,Joshua Kirby,priceamber.2618@example.net,Belize,2021-06-10,Basic,714.81
2619,Anthony Morse,qcastillo.2619@example.com,Suriname,2023-05-16,Basic,702.63
2620,Miranda Sanchez,gabrielle36.2620@example.org,Kiribati,2021-10-21,Basic,502.25
2621,Matthew Peters,noblealexandra.2621@example.org,Heard Island and McDonald Islands,2021-07-16,Basic,483.2
2622,Albert Fields,mark29.2622@example.com,Sri Lanka,2023-12-30,Premium,19114.88
2623,Jason Griffin,jonesjames.2623@example.org,Honduras,2025-05-13,Standard,2316.84
2624,Mike Davis,justin46.2624@example.com,Mexico,2022-12-15,Basic,546.63
2625,Michelle Ryan,josephschneider.2625@example.org,Bermuda,2020-12-04,Standard,1420.07
2626,Thomas Roberts,samanthadelgado.2626@example.net,Afghanistan,2021-08-20,Standard,1555.2
2627,Kathryn Jones,susanmyers.2627@example.org,Estonia,2021-02-05,Basic,311.14
2628,Cheryl Collins,rebecca73.2628@example.com,Zambia,2025-11-25,Premium,19033.78
2629,Christopher Davis,,Sierra Leone,2022-02-19,Standard,1986.73
2630,Jason Jones,andrearivera.2630@example.net,Christmas Island,2022-07-02,Premium,16046.54
2631,Jennifer Ware,michael04.2631@example.net,Bahamas,2020-06-22,Standard,304.16
2632,Jason Brown,oguzman.2632@example.org,Brunei Darussalam,2022-12-25,Standard,2586.79
2633,Shawn Solomon,alexandraellis.2633@example.org,Cook Islands,2026-02-09,Standard,1369.39
2634,Gregory Martinez,ashleybranch.2634@example.net,Palau,2022-09-27,Basic,589.73
2635,Jessica Nguyen,stacey50.2635@example.com,Zimbabwe,2024-05-09,Standard,312.07
2636,Charles Gonzales,larry04.2636@example.net,Cyprus,2021-03-20,Standard,2702.84
2637,David Diaz,patrick01.2637@example.net,Saint Helena,2020-12-15,Basic,527.88
2638,Gregory Woodward,tamaraparker.2638@example.org,Belize,2024-11-21,Basic,366.0
2639,Evan Garcia,ikidd.2639@example.org,Philippines,2020-06-09,Standard,1049.96
2640,William Hicks,margaretbarnett.2640@example.org,Tanzania,2022-12-31,Premium,7598.43
2641,Rachel Cisneros,ypadilla.2641@example.com,Togo,2022-02-12,Standard,1049.51
2642,Stacey Ortiz,joshuajones.2642@example.net,Mayotte,2020-02-09,Basic,104.82
2643,John Miller,rdixon.2643@example.net,Cayman Islands,2023-07-21,Standard,1498.67
2644,Timothy Drake,fowlermichael.2644@example.org,Gabon,2026-06-12,Standard,1469.76
2645,Sean Cain,jholder.2645@example.org,Gambia,2020-06-17,Basic,329.55
2646,Kimberly Meza,parkerrobert.2646@example.net,Canada,2025-06-15,Standard,2168.66
2647,Nicole Martin,rogersdana.2647@example.com,Equatorial Guinea,2023-08-09,Standard,1375.48
2648,Douglas Cardenas,andreross.2648@example.net,Seychelles,2024-11-01,Basic,71.2
2649,Kimberly Miller,garciajennifer.2649@example.com,Cameroon,2020-08-23,Basic,681.65
2650,Darin Byrd,qwright.2650@example.com,Solomon Islands,2025-10-23,Standard,1390.28
2651,Jose Willis,vincent82.2651@example.net,Italy,2020-01-28,Standard,2034.8
2652,Brett Garcia,kaiserrichard.2652@example.org,Aruba,2026-01-23,Standard,2803.71
2653,Matthew Ramirez,christopherochoa.2653@example.com,Spain,2024-05-25,Standard,2348.76
2654,Eric Manning,johnjohnson.2654@example.net,Marshall Islands,2022-04-04,Standard,1708.64
2655,Micheal May,psmith.2655@example.com,Madagascar,2020-01-18,Basic,436.02
2656,Zachary Harris,dbrown.2656@example.org,Nepal,2024-01-31,Standard,2578.69
2657,Tina Miller,lpierce.2657@example.net,Sri Lanka,2020-08-01,Standard,2506.17
2658,Karen Wilson,antonio03.2658@example.com,Botswana,2024-01-26,Premium,5215.75
2659,Kristen Williams,ladkins.2659@example.com,San Marino,2025-03-03,Basic,501.2
2660,Teresa Sutton,wilkersonkatherine.2660@example.org,Nicaragua,2021-10-14,Standard,2624.0
2661,Sarah Fields,bowenjonathan.2661@example.net,Swaziland,2021-08-05,Standard,2449.26
2662,Jeffrey Walker,michelle01.2662@example.org,Marshall Islands,2021-06-26,Standard,549.2
2663,Megan Hood,jasminjohnson.2663@example.org,Mali,2021-07-03,Standard,1419.94
2664,Michelle Mcdonald,ruizkimberly.2664@example.net,Yemen,2020-10-05,Basic,414.59
2665,Ashley Gilbert,brodriguez.2665@example.net,Syrian Arab Republic,2021-09-01,Basic,206.25
2666,Leah Travis,davidharris.2666@example.net,El Salvador,2024-05-29,Standard,2102.6
2667,Gerald Perez,hhenry.2667@example.net,Kiribati,2022-01-08,Standard,1533.43
2668,Dustin Smith,gcastro.2668@example.org,Saint Kitts and Nevis,2025-03-22,Basic,238.01
2669,Matthew Caldwell,kristen78.2669@example.org,French Polynesia,2025-06-23,Standard,1143.22
2670,Carla Holloway,laurentaylor.2670@example.com,India,2025-02-01,Basic,685.33
2671,Kristen Bradford,clarkepatrick.2671@example.net,Eritrea,2023-08-10,Premium,17591.6
2672,Melanie Kelly,bestrada.2672@example.com,Jordan,2022-02-11,Premium,16622.76
2673,Teresa Harding,sanchezmelissa.2673@example.com,Benin,2026-03-20,Standard,2758.83
2674,Jasmine Smith,brian16.2674@example.com,Vanuatu,2021-05-16,Standard,2866.46
2675,Deanna Casey,robinsonmichael.2675@example.net,Finland,2023-02-08,Standard,1577.12
2676,Courtney Taylor,jacquelineneal.2676@example.net,Mauritius,2023-01-12,Basic,77.36
2677,Brian Coleman,wesley30.2677@example.org,Sudan,2024-12-25,Premium,16401.28
2678,Brian Buck,cervantesleslie.2678@example.org,Honduras,2023-08-28,Standard,1973.61
2679,Jasmine Carter,wcortez.2679@example.net,Rwanda,2025-05-06,Standard,1265.45
2680,Crystal Pierce,jerryparrish.2680@example.net,Bermuda,2026-02-22,Basic,780.43
2681,Jennifer Mack,nguyenlori.2681@example.com,Cape Verde,2022-08-11,Standard,1148.32
2682,Savannah Martinez,zwagner.2682@example.net,Latvia,2025-11-06,Standard,2741.38
2683,Randy Bullock,andreaflores.2683@example.org,United States of America,2021-02-18,Standard,1859.24
2684,Jacob Hart,grivera.2684@example.org,Madagascar,2026-02-15,Standard,302.6
2685,Margaret Farmer,petersonjordan.2685@example.com,Sudan,2021-03-10,Basic,688.27
2686,Edward Carter,umartin.2686@example.com,Senegal,2025-09-07,Standard,2334.19
2687,Hunter Alexander,kelsey67.2687@example.com,Anguilla,2022-08-10,Standard,1998.97
2688,James Baker,gharris.2688@example.com,Pakistan,2026-06-13,Basic,491.67
2689,Dr. Daniel Tucker,pschmidt.2689@example.org,Gambia,2020-11-11,Standard,812.74
2690,Benjamin Turner,alyssaparsons.2690@example.com,Tanzania,2023-02-10,Premium,5860.75
2691,Christopher Green,janice26.2691@example.org,Sao Tome and Principe,2026-01-11,Standard,281.68
2692,Charlene Black,zjennings.2692@example.org,French Southern Territories,2020-04-25,Basic,123.31
2693,Matthew Bennett,westroy.2693@example.org,Costa Rica,2021-10-09,Basic,269.19
2694,George Barber,timothyjones.2694@example.net,Uruguay,2020-07-23,Standard,1714.03
2695,Calvin Barry,salvarez.2695@example.org,Jersey,2022-02-23,Basic,104.65
2696,Rebecca Holmes,alawson.2696@example.net,Vietnam,2022-08-11,Standard,1761.2
2697,George Wood,ogarza.2697@example.org,Dominica,2024-02-20,Standard,937.3
2698,Kara Lane,adam08.2698@example.net,Samoa,2021-09-21,Standard,911.09
2699,David Smith,kruegermark.2699@example.com,Congo,2021-01-22,Standard,2854.24
2700,Julie Page,robert07.2700@example.net,Guatemala,2021-02-18,Standard,2978.56
2701,Daisy Harrington,erik19.2701@example.net,Eritrea,2026-04-10,Basic,649.15
2702,Bianca Chandler,meganwoods.2702@example.com,Cocos (Keeling) Islands,2026-05-16,Standard,352.3
2703,Brian Juarez,mccarthygregory.2703@example.net,Syrian Arab Republic,2021-06-24,Basic,582.91
2704,Bryan Vasquez,pgreer.2704@example.com,Jamaica,2021-04-22,Standard,699.59
2705,Jacqueline Roberts,brianphillips.2705@example.net,Taiwan,2020-05-12,Standard,1793.82
2706,Todd Houston,oray.2706@example.org,Zimbabwe,2026-05-31,Premium,18086.85
2707,Steven Burgess,clarkmelissa.2707@example.org,Montenegro,2024-09-20,Standard,1264.55
2708,James Simpson,davistiffany.2708@example.com,Belarus,2025-01-31,Premium,18719.15
2709,Stephen Malone,hendersonanthony.2709@example.org,Uruguay,2021-12-10,Standard,2183.44
2710,Richard Beasley,lindamiller.2710@example.org,Poland,2024-04-14,Basic,240.81
2711,Jason Ellis,pughkelly.2711@example.org,El Salvador,2020-05-26,Basic,75.93
2712,Donald Wallace,nicholas31.2712@example.com,Dominican Republic,2024-07-08,Premium,16676.32
2713,Nicole Nguyen,fernandezsusan.2713@example.org,Bahamas,2023-11-16,Standard,1482.57
2714,Krista Rodriguez,nicolegilbert.2714@example.net,Netherlands,2022-03-20,Premium,3308.48
2715,Wendy Snyder,joannawalker.2715@example.com,Mauritius,2024-09-30,Basic,82.5
2716,Matthew Evans,mooreashley.2716@example.com,Sierra Leone,2024-04-27,Standard,2907.49
2717,James Rivera,bbrown.2717@example.net,Chile,2022-12-08,Standard,880.41
2718,William Chapman,jroy.2718@example.net,Estonia,2021-03-31,Standard,2906.46
2719,Robert Barnes,andrew08.2719@example.net,Lithuania,2020-02-27,Standard,2107.25
2720,Mary Nielsen,karen02.2720@example.org,Mongolia,2026-04-08,Standard,1041.38
2721,Paula Blackburn,brookemartin.2721@example.org,Turkmenistan,2021-11-18,Standard,1274.44
2722,Amanda Perez,christineramirez.2722@example.net,United Arab Emirates,2022-01-06,Premium,15986.69
2723,Tyler Sanchez,michaellee.2723@example.org,Bangladesh,2024-07-21,Premium,9837.47
2724,Hailey Mcpherson,moorenicholas.2724@example.net,Brazil,2021-09-15,Premium,3345.51
2725,Amanda Wyatt,veronicacampbell.2725@example.net,Mozambique,2022-07-06,Standard,843.48
2726,Danielle Golden,heather39.2726@example.org,French Polynesia,2024-10-02,Basic,688.28
2727,Robert Johnson,phillipmartin.2727@example.com,Mongolia,2023-12-24,Standard,2149.29
2728,Ann Hobbs,daviddecker.2728@example.com,Azerbaijan,2024-05-22,Basic,400.81
2729,Terry Carr,wdeleon.2729@example.net,Nicaragua,2020-01-12,Standard,887.39
2730,Jennifer Jones,stephaniewilson.2730@example.org,Kuwait,2023-01-07,Basic,379.67
2731,Janet Larson,brianna42.2731@example.org,Tonga,2023-03-06,Basic,631.08
2732,William Davis,danielle93.2732@example.com,Bulgaria,2024-03-24,Standard,428.32
2733,Jaime Sharp,randalljones.2733@example.org,Brunei Darussalam,2021-01-04,Basic,795.81
2734,Michael Romero,rwyatt.2734@example.com,United States Virgin Islands,2021-01-24,Standard,2607.34
2735,Stefanie Simmons,gking.2735@example.org,Kiribati,2025-02-04,Basic,254.37
2736,Sherry Barrera,anthonyduncan.2736@example.org,Germany,2024-07-02,Standard,2637.61
2737,Hector Hall,josephlee.2737@example.net,Greenland,2025-06-03,Standard,2108.8
2738,Brenda Perkins,alejandro14.2738@example.org,Bosnia and Herzegovina,2021-10-22,Standard,2065.79
2739,Mr. Mark Green,john08.2739@example.com,Netherlands,2026-09-02,Basic,111.77
2740,Brandon Gardner,nicholasfigueroa.2740@example.org,Russian Federation,2021-10-28,Basic,724.72
2741,Nancy Costa,courtney58.2741@example.org,Gabon,2024-05-08,Standard,1460.96
2742,Sandra Gonzalez,bvasquez.2742@example.com,Cote d'Ivoire,2021-01-31,Basic,642.58
2743,Brandon Salas,katherinechapman.2743@example.net,Western Sahara,2026-02-20,Basic,239.62
2744,Toni Hill,martintanner.2744@example.net,Turks and Caicos Islands,2022-03-22,Standard,1062.41
2745,Patrick Jackson,dana58.2745@example.net,Singapore,2025-05-13,Premium,19364.41
2746,Alicia Romero,holly72.2746@example.com,Indonesia,2022-03-19,Premium,10939.88
2747,Thomas Atkins,lmartinez.2747@example.org,Northern Mariana Islands,2025-04-15,Premium,3078.03
2748,Christopher White,jillian19.2748@example.com,Guernsey,2023-01-14,Premium,17042.72
2749,Mary Reid,fischeramanda.2749@example.com,Chile,2020-06-01,Basic,181.78
2750,Darlene White,seth86.2750@example.org,American Samoa,2021-04-10,Standard,2660.51
2751,Donald Roberts,rosalesgavin.2751@example.org,Montserrat,2024-07-26,Standard,2766.03
2752,Jennifer Jackson,brookefrench.2752@example.net,Puerto Rico,2021-04-16,Standard,403.74
2753,Thomas Snow,awilliams.2753@example.com,Sweden,2021-11-03,Standard,1830.8
2754,John Mitchell,mccartymichael.2754@example.org,Armenia,2023-08-15,Standard,2948.27
2755,Angela Robinson,lovechristina.2755@example.org,Heard Island and McDonald Islands,2021-09-09,Standard,2806.57
2756,John Miller,amberthompson.2756@example.org,Nauru,2020-11-10,Standard,1670.68
2757,Alex Rice,patricksmith.2757@example.org,Kyrgyz Republic,2024-03-04,Standard,2105.38
2758,Brian Cohen,uhopkins.2758@example.com,Italy,2024-08-09,Premium,12876.72
2759,Daniel Fox,wellsryan.2759@example.org,Wallis and Futuna,2024-11-25,Basic,162.6
2760,Curtis Henderson,alex95.2760@example.org,Kenya,2026-04-24,Premium,13753.96
2761,William Mercado,ohopkins.2761@example.net,Solomon Islands,2020-10-31,Standard,1132.8
2762,Micheal Hanna,pwilson.2762@example.net,French Southern Territories,2022-11-08,Standard,1146.32
2763,Steven Roberts,sheilabaldwin.2763@example.com,United States Virgin Islands,2021-07-25,Standard,1375.97
2764,Kelly Woods,stevemarshall.2764@example.net,Italy,2026-01-09,Basic,681.74
2765,Catherine Villegas,hendersonheather.2765@example.com,Svalbard & Jan Mayen Islands,2023-08-11,Premium,6290.22
2766,Ariel Pierce,nichole17.2766@example.com,Angola,2020-08-28,Basic,200.63
2767,Carrie Terry,hufftroy.2767@example.net,Armenia,2024-08-17,Basic,5.87
2768,Derek Mack,justinrobinson.2768@example.com,Chile,2020-04-14,Standard,634.02
2769,Kathryn Price,josephpatterson.2769@example.com,Equatorial Guinea,2021-10-31,Standard,2940.3
2770,Edward Herrera,ahudson.2770@example.org,Samoa,2024-10-27,Premium,9809.66
2771,Amanda Watts,nicholasjuarez.2771@example.com,China,2023-05-20,Basic,156.13
2772,Adam Bernard,zacharygross.2772@example.com,Nepal,2025-02-01,Standard,2903.91
2773,Debra Davis,jeremy55.2773@example.com,Saint Kitts and Nevis,2023-10-26,Premium,2488.12
2774,Amanda Norman,jimmy99.2774@example.org,Lesotho,2025-08-20,Standard,1555.67
2775,Matthew Jenkins Jr.,greenronald.2775@example.com,Cyprus,2023-10-05,Premium,16482.84
2776,Jim Foster,hwagner.2776@example.com,Honduras,2020-05-18,Standard,2363.91
2777,Heather Perry,danielsshannon.2777@example.net,Ukraine,2020-06-23,Standard,729.81
2778,Nicole Powell,isweeney.2778@example.net,Uzbekistan,2025-03-12,Premium,14740.21
2779,Jake Holmes,richardsonkenneth.2779@example.net,New Caledonia,2020-04-04,Basic,497.83
2780,Carol Cameron,maysedward.2780@example.com,Algeria,2022-07-08,Standard,2090.77
2781,William Cox,matthew78.2781@example.com,Sao Tome and Principe,2020-02-09,Standard,945.09
2782,Jill Melendez,cjohnson.2782@example.org,Nauru,2022-01-10,Standard,2470.06
2783,Daniel Roth,jasonsanders.2783@example.net,Latvia,2023-12-24,Basic,447.39
2784,Jason Mathews,kelleyderek.2784@example.net,United States Minor Outlying Islands,2021-02-26,Standard,2230.22
2785,Matthew Jordan,kimberly90.2785@example.net,Cuba,2023-02-12,Basic,751.66
2786,Laura Harris,erica06.2786@example.com,Pitcairn Islands,2026-08-29,Standard,2595.39
2787,Victoria Johnson,heathersteele.2787@example.net,Tanzania,2020-06-21,Basic,625.87
2788,Laura Taylor,lauren50.2788@example.net,British Indian Ocean Territory (Chagos Archipelago),2020-06-04,Standard,1011.02
2789,Michael Jones,pbrown.2789@example.net,Tonga,2021-10-24,Basic,43.27
2790,Daniel Combs,cvega.2790@example.org,Serbia,2025-07-12,Premium,12343.6
2791,Alexis Lee,moralesfrancisco.2791@example.net,Sudan,2022-09-17,Basic,27.61
2792,Zachary Velasquez,katiehicks.2792@example.net,Venezuela,2024-04-10,Basic,571.35
2793,Tracy Hammond,tracyhoffman.2793@example.com,Sierra Leone,2020-03-23,Standard,2263.1
2794,Samantha Parker,stevenellis.2794@example.org,Estonia,2024-11-30,Standard,1776.15
2795,Michael Nichols,richardcarter.2795@example.org,Zimbabwe,2020-06-13,Standard,670.83
2796,Elizabeth Mayo,teresamiller.2796@example.org,Netherlands Antilles,2024-10-04,Standard,2652.02
2797,Jennifer Johnson,rodriguezmichael.2797@example.net,Hong Kong,2020-12-27,Standard,1868.58
2798,Aaron Green,bryanmorgan.2798@example.net,New Caledonia,2025-09-27,Standard,1641.7
2799,Natalie Ramirez,susannelson.2799@example.net,Solomon Islands,2021-12-24,Standard,1789.26
2800,Natalie Owens,lisaterry.2800@example.net,Mauritania,2021-03-24,Premium,3491.97
2801,James Davidson,perrywayne.2801@example.org,Panama,2022-04-02,Basic,592.35
2802,Sharon Blake,ericacooper.2802@example.net,Uruguay,2020-01-03,Premium,3093.96
2803,Lauren Sharp,garciadebra.2803@example.com,Cambodia,2021-02-07,Standard,1819.49
2804,Ashley Brown,murphyjames.2804@example.com,Netherlands Antilles,2024-01-01,Premium,5046.63
2805,Christina Palmer,robertevans.2805@example.com,Mauritius,2022-01-04,Premium,5738.63
2806,James Rice,holmesrachel.2806@example.org,Netherlands Antilles,2022-05-14,Premium,6198.58
2807,Sarah Nguyen,ppierce.2807@example.com,Yemen,2025-05-25,Standard,240.06
2808,Mary Church,guerreroandrew.2808@example.org,Zambia,2020-10-29,Standard,2697.15
2809,Jason Smith,darleneowens.2809@example.com,Vietnam,2022-08-24,Standard,2451.86
2810,Carolyn Kennedy,ballnicole.2810@example.com,India,2021-03-30,Standard,287.6
2811,Cynthia Wilson,alexisjohnson.2811@example.org,Azerbaijan,2023-03-25,Standard,359.56
2812,Deborah Adams,virginiafisher.2812@example.net,Greece,2022-03-21,Premium,16091.78
2813,Zachary Becker,lmccoy.2813@example.net,Turkey,2020-04-22,Premium,2122.46
2814,Paul Cochran,fyoder.2814@example.org,Venezuela,2020-06-20,Standard,1513.2
2815,Kyle Richards,kennethsandoval.2815@example.com,Wallis and Futuna,2025-09-12,Standard,500.43
2816,Juan Adams,summerellis.2816@example.org,Korea,2020-05-18,Standard,1856.57
2817,James Juarez,tmorrow.2817@example.org,Afghanistan,2025-03-26,Standard,2995.35
2818,Ryan Vance,samanthacarter.2818@example.com,Gambia,2026-02-14,Basic,137.62
2819,Paul Graves,belljeffrey.2819@example.com,Suriname,2023-02-11,Premium,19220.31
2820,Tricia Russo,xclarke.2820@example.com,Sweden,2022-02-01,Standard,2623.34
2821,Shannon Hudson,mary88.2821@example.org,Luxembourg,2025-03-10,Premium,19745.39
2822,Christian Gonzalez,aprilhill.2822@example.net,Brunei Darussalam,2026-07-26,Standard,2345.33
2823,Lori Rice,ronniejames.2823@example.com,Finland,2020-10-21,Standard,2599.58
2824,Tracy Wyatt,andersonbonnie.2824@example.net,Papua New Guinea,2026-06-12,Basic,475.68
2825,Joseph Lopez,denniswilliams.2825@example.com,Isle of Man,2026-04-23,Premium,17611.11
2826,Tiffany Carroll,alexbutler.2826@example.org,Ireland,2020-12-14,Standard,512.23
2827,Dr. Theresa Sandoval,jaimecooper.2827@example.net,Cape Verde,2020-05-13,Premium,15349.78
2828,William Hawkins,jasonwalton.2828@example.net,Kyrgyz Republic,2024-10-11,Standard,1960.43
2829,Jessica Turner,lhayes.2829@example.com,Egypt,2020-07-08,Premium,3077.24
2830,Robin Davis,alicia08.2830@example.com,Cook Islands,2024-01-07,Premium,7248.63
2831,Jennifer Johnson DVM,theresagreene.2831@example.org,French Guiana,2020-06-07,Basic,172.89
2832,Misty Acevedo,brandon76.2832@example.org,Zimbabwe,2024-08-13,Premium,9293.16
2833,Kristy Robinson,joyce30.2833@example.com,British Indian Ocean Territory (Chagos Archipelago),2021-07-19,Standard,755.39
2834,Steven Bridges,harrislisa.2834@example.com,Latvia,2020-08-22,Basic,219.86
2835,Sandra Reyes,antoniosalazar.2835@example.com,Cayman Islands,2020-06-11,Basic,236.82
2836,Mariah Brown,kennethsmith.2836@example.net,Cocos (Keeling) Islands,2021-04-05,Basic,479.85
2837,Wendy Patterson,matthewhall.2837@example.net,Western Sahara,2023-08-13,Standard,577.65
2838,Thomas Carroll,deanjose.2838@example.net,Sweden,2020-07-06,Standard,875.08
2839,Sherry Miller,banksmeredith.2839@example.com,Palestinian Territory,2025-05-13,Basic,253.72
2840,Brian Fox,john07.2840@example.net,Montserrat,2024-01-15,Premium,10083.22
2841,Robert Parker,tiffany24.2841@example.org,Equatorial Guinea,2021-12-27,Basic,30.47
2842,Karen Montgomery,pagelouis.2842@example.org,Thailand,2026-08-06,Premium,19985.81
2843,Craig Jackson MD,ddavis.2843@example.com,Guernsey,2024-05-27,Basic,240.31
2844,Cassie Williams,perezchristopher.2844@example.net,Puerto Rico,2024-06-28,Standard,1004.57
2845,Craig Washington,martha99.2845@example.net,Cote d'Ivoire,2021-02-28,Standard,1753.64
2846,Edward Davies,twilliams.2846@example.net,Falkland Islands (Malvinas),2024-10-01,Standard,2591.29
2847,Katherine Johnson,mmitchell.2847@example.org,San Marino,2023-09-27,Premium,10222.57
2848,Austin Schmitt,xcline.2848@example.org,Albania,2026-08-01,Standard,896.75
2849,John Johnson,egutierrez.2849@example.net,Uruguay,2023-03-13,Basic,452.7
2850,Angela Bell,christopher32.2850@example.net,Congo,2024-07-13,Standard,1552.24
2851,Hailey Stephens,benjamin18.2851@example.com,Belgium,2022-04-13,Standard,1384.61
2852,Robert Long,morrismary.2852@example.com,Haiti,2020-04-08,Premium,19709.89
2853,John Kennedy,carriewilson.2853@example.com,Australia,2020-11-08,Standard,2988.66
2854,Steven Wilson,alex30.2854@example.net,Falkland Islands (Malvinas),2025-10-18,Standard,1773.44
2855,Cassandra Brock,vangjohn.2855@example.net,Anguilla,2024-12-07,Premium,3224.07
2856,Nancy Williams,briannalong.2856@example.org,Malaysia,2022-06-09,Basic,453.53
2857,Diana Stanton,rose88.2857@example.com,Samoa,2024-08-31,Standard,2866.92
2858,Frank Franklin,kelleramanda.2858@example.org,Guadeloupe,2020-01-11,Standard,2791.94
2859,Kyle Camacho,arellanopatrick.2859@example.net,Saint Helena,2020-03-31,Basic,172.4
2860,Colton Duke,matthewbutler.2860@example.org,French Southern Territories,2023-05-23,Standard,732.33
2861,Sara Freeman,melissa88.2861@example.org,Madagascar,2024-03-06,Basic,121.8
2862,William Baldwin,criddle.2862@example.net,Netherlands Antilles,2026-04-07,Standard,2495.4
2863,Veronica Glenn,fernandezjennifer.2863@example.net,Belgium,2025-01-29,Standard,1572.15
2864,Jamie Davis,gonzalezmelissa.2864@example.org,Mauritania,2021-09-20,Standard,1146.53
2865,James Lopez,angela80.2865@example.com,British Indian Ocean Territory (Chagos Archipelago),2025-06-13,Premium,7846.53
2866,Rebecca Chambers MD,wheelerrichard.2866@example.com,Andorra,2023-04-15,Standard,971.16
2867,Dominic Dawson,jeremiah70.2867@example.com,French Polynesia,2025-07-10,Premium,17887.16
2868,Meghan Shelton,ybarber.2868@example.org,Burundi,2021-02-28,Premium,9374.24
2869,Benjamin Williamson,christopherchristensen.2869@example.com,Guadeloupe,2020-03-05,Standard,883.25
2870,Yolanda Anderson,barbarafisher.2870@example.com,Ireland,2020-05-20,Basic,568.32
2871,Aaron Hall,johnwarner.2871@example.net,American Samoa,2026-08-16,Premium,13438.18
2872,Carlos Tucker,kaitlynjones.2872@example.net,Moldova,2020-07-15,Basic,572.29
2873,Gary Hess,ysmith.2873@example.net,India,2026-04-12,Basic,657.56
2874,Jacqueline Anderson,bobfoster.2874@example.com,Marshall Islands,2024-11-10,Basic,80.99
2875,Laurie Smith,hollandroy.2875@example.org,Cuba,2020-12-22,Basic,1.59
2876,Cynthia Johnson,vargasvanessa.2876@example.org,Haiti,2025-10-11,Basic,40.45
2877,Pamela Stevens,andrewbaker.2877@example.org,Heard Island and McDonald Islands,2020-12-18,Standard,2179.02
2878,Laura Holloway,xhorton.2878@example.org,India,2020-12-15,Standard,2816.59
2879,Scott Ford,williamsjennifer.2879@example.com,United States Virgin Islands,2023-11-06,Basic,264.88
2880,Donald Mccoy,qmichael.2880@example.com,Zambia,2021-12-05,Standard,2387.34
2881,Diane Mitchell,bradleymitchell.2881@example.net,Greenland,2021-12-11,Basic,583.35
2882,Barbara Kelley,williemartinez.2882@example.org,Iceland,2021-04-21,Basic,782.45
2883,Sarah Gill,crystal83.2883@example.com,Indonesia,2024-01-23,Standard,1518.22
2884,Jacqueline Martinez,kmoore.2884@example.net,Nicaragua,2020-03-06,Standard,665.0
2885,David Cain,swilliams.2885@example.com,Bosnia and Herzegovina,2021-08-21,Standard,2342.65
2886,Jermaine Phillips,tpittman.2886@example.net,Tonga,2023-09-13,Premium,16738.74
2887,Craig Marsh,katherinewinters.2887@example.com,Bahrain,2023-04-03,Standard,2180.44
2888,Melanie Jones,william01.2888@example.com,Denmark,2024-09-05,Basic,690.55
2889,Gregory Alexander,hendersonlisa.2889@example.com,Bahamas,2021-06-12,Standard,1239.31
2890,Kevin Parker,david44.2890@example.org,Montenegro,2024-05-01,Standard,2132.88
2891,Cindy Frazier,brian64.2891@example.net,Ghana,2025-01-29,Basic,211.08
2892,Kenneth Moss,usilva.2892@example.net,Senegal,2022-08-05,Premium,10035.92
2893,Jennifer Lewis,vgraham.2893@example.com,Greenland,2021-09-19,Basic,193.99
2894,Frank Lawson,jmcclure.2894@example.org,Estonia,2023-09-17,Premium,4781.61
2895,Amber Lopez,afoster.2895@example.com,Ecuador,2023-11-14,Basic,28.76
2896,Derek Foley,zabbott.2896@example.net,Sri Lanka,2020-08-17,Standard,2079.99
2897,John Robinson,elliottfrank.2897@example.net,Thailand,2023-10-12,Standard,2650.76
2898,Michael Clark,hannahmunoz.2898@example.com,Tokelau,2021-01-11,Standard,1080.37
2899,Tammy Morris,croberts.2899@example.org,Serbia,2023-10-21,Standard,1401.86
2900,Scott Delgado,lisadonovan.2900@example.com,Eritrea,2026-03-25,Standard,209.93
2901,Caitlin Le,scottsellers.2901@example.net,Trinidad and Tobago,2023-08-04,Basic,330.28
2902,Alison Davis,denise02.2902@example.org,Portugal,2025-02-02,Basic,225.06
2903,Casey Ramirez,brownchristina.2903@example.org,Burundi,2022-01-26,Premium,12335.6
2904,Kelly Preston,suzannesimpson.2904@example.org,Algeria,2026-03-03,Standard,2743.85
2905,Derrick Peterson,urivera.2905@example.org,Ukraine,2025-06-07,Basic,404.92
2906,Michael Dean,cbrown.2906@example.com,Cook Islands,2026-02-16,Basic,540.43
2907,Victoria Lewis,davidsmith.2907@example.com,Cape Verde,2024-12-15,Standard,2175.35
2908,Brittany Anderson,kiarareynolds.2908@example.net,Korea,2024-05-04,Premium,4743.77
2909,Nicholas Graves,nowens.2909@example.org,Antigua and Barbuda,2023-07-06,Basic,277.26
2910,Timothy Ramos,tmorales.2910@example.net,Cote d'Ivoire,2026-03-16,Standard,516.81
2911,Caroline Gordon,brian60.2911@example.com,Gabon,2025-09-02,Standard,1434.09
2912,Raven Evans,crystalmiller.2912@example.org,Austria,2022-10-14,Basic,709.83
2913,Jessica Harrington,rachaelnelson.2913@example.net,Haiti,2020-07-28,Standard,1546.62
2914,April Howe,ronniefisher.2914@example.com,Switzerland,2020-01-09,Basic,364.92
2915,Robert Bates,alexanderwilliams.2915@example.net,Guinea-Bissau,2021-07-24,Premium,5767.82
2916,Monica Campbell,yware.2916@example.com,Kiribati,2020-06-01,Basic,248.17
2917,Timothy Pollard,leslie79.2917@example.org,Qatar,2021-05-31,Basic,749.28
2918,Zachary Clarke,igoodman.2918@example.net,Equatorial Guinea,2020-09-24,Basic,242.4
2919,Robin Smith,vjohnson.2919@example.net,Finland,2026-07-23,Basic,585.11
2920,Cameron Mcgee,douglasbutler.2920@example.com,Nauru,2020-08-20,Basic,33.71
2921,Joshua Padilla,patricia12.2921@example.org,Turkmenistan,2024-03-10,Standard,559.28
2922,Kristina Morgan,guerrerorenee.2922@example.com,El Salvador,2022-05-08,Basic,249.18
2923,Patrick Huerta,smithcharles.2923@example.net,Turkey,2021-03-01,Basic,721.14
2924,Michele Torres,derricklee.2924@example.net,Luxembourg,2024-09-08,Standard,814.02
2925,Nicole Horton,gerald25.2925@example.com,Bahrain,2026-06-28,Standard,2234.88
2926,Kimberly Webb,reginaanderson.2926@example.com,Greenland,2025-04-14,Premium,5015.44
2927,Victoria Gonzalez,carlos80.2927@example.com,Saint Kitts and Nevis,2026-07-09,Standard,1915.96
2928,William Greene,barbara56.2928@example.com,Trinidad and Tobago,2023-12-12,Basic,469.46
2929,Loretta Bradley,peter58.2929@example.com,South Africa,2024-07-02,Standard,1941.45
2930,Aaron Oliver,rlee.2930@example.net,Uruguay,2020-12-23,Standard,1001.57
2931,Joshua Berry,zmoore.2931@example.org,Cambodia,2025-09-12,Standard,653.89
2932,Jason Kelly,zmiller.2932@example.org,Ghana,2024-12-31,Premium,17956.74
2933,Max Mills,acohen.2933@example.com,Iran,2021-09-12,Basic,455.56
2934,Vincent Scott,mark57.2934@example.com,Jersey,2022-05-16,Standard,793.72
2935,Joseph Lamb,adam06.2935@example.net,Sri Lanka,2024-01-31,Premium,9439.92
2936,Harry Nguyen,kellybrown.2936@example.org,Cape Verde,2020-02-01,Premium,3207.65
2937,Jose Carr,patriciahensley.2937@example.com,Venezuela,2025-06-20,Basic,380.3
2938,Joseph Simmons,adam33.2938@example.net,Malaysia,2021-11-16,Basic,339.11
2939,Jodi Mullen,maryhoover.2939@example.org,Ireland,2020-07-02,Premium,4389.07
2940,Daniel Day,brandondean.2940@example.com,Bahamas,2022-03-18,Premium,9998.7
2941,Logan Nichols,brandonsteele.2941@example.net,Antarctica (the territory South of 60 deg S),2025-08-02,Standard,1990.69
2942,Lauren Hamilton,julie34.2942@example.net,Bahrain,2021-10-31,Premium,18712.83
2943,Don Branch,kcarlson.2943@example.com,Moldova,2023-08-09,Basic,562.55
2944,Adam Stewart,daniel56.2944@example.net,Armenia,2025-06-05,Premium,11043.84
2945,Katherine Travis,wharris.2945@example.com,American Samoa,2020-03-23,Standard,2356.14
2946,Stacy Silva,tyrone39.2946@example.com,Niue,2025-01-29,Standard,983.82
2947,Luis Nelson,taylortoni.2947@example.org,Pakistan,2021-12-05,Standard,2072.59
2948,Lindsay Farmer,solistara.2948@example.com,Grenada,2024-08-25,Standard,214.17
2949,Brittany Perez,cheryl07.2949@example.org,Mongolia,2021-04-04,Premium,3305.92
2950,Julia Lynch,eortega.2950@example.com,Zimbabwe,2020-12-05,Standard,1947.94
2951,Wendy Mcdaniel,douglascarl.2951@example.com,Saint Helena,2025-04-09,Premium,5465.89
2952,Larry Buchanan,jamesmason.2952@example.net,Mali,2025-05-26,Premium,14397.13
2953,Jason Sanchez,zhorton.2953@example.com,Seychelles,2026-07-24,Basic,509.4
2954,Heather Dunn,garysnow.2954@example.org,Saint Barthelemy,2024-07-11,Standard,378.27
2955,Christine Sweeney,gabriel67.2955@example.com,Kenya,2023-02-11,Standard,1298.99
2956,Cindy Levy,hollycruz.2956@example.org,United States Virgin Islands,2021-04-20,Premium,13034.04
2957,Rebecca Davis,watsontina.2957@example.net,Mauritius,2021-12-21,Basic,570.79
2958,Samantha Hart,kenneththomas.2958@example.com,Israel,2024-05-01,Basic,652.87
2959,Nathaniel Robinson,mahoneysarah.2959@example.org,Lebanon,2022-04-25,Basic,264.35
2960,Christian Jackson,colewayne.2960@example.net,Latvia,2023-03-26,Standard,2542.8
2961,Don Lloyd,johnsonlisa.2961@example.com,Mauritius,2021-02-14,Basic,283.4
2962,Victoria Carpenter,jbrown.2962@example.com,Romania,2022-12-08,Standard,219.56
2963,Dale Warren,chad76.2963@example.com,Svalbard & Jan Mayen Islands,2021-08-04,Basic,488.0
2964,Heather Brown,cameronkaitlyn.2964@example.com,Lithuania,2020-09-30,Basic,193.33
2965,Dr. Lori Jackson,grantkevin.2965@example.net,Sweden,2020-11-18,Premium,4238.86
2966,Joseph Callahan,williampierce.2966@example.com,Andorra,2023-06-19,Standard,923.4
2967,Melanie White,jross.2967@example.org,Vietnam,2022-06-13,Standard,2518.16
2968,Renee Garcia,chenmatthew.2968@example.org,Vanuatu,2020-09-01,Premium,18452.02
2969,Brandi Stokes,yboone.2969@example.org,Pakistan,2023-06-09,Basic,769.36
2970,Sarah Carlson,zsmith.2970@example.com,Tunisia,2021-02-05,Premium,7450.95
2971,Mr. Justin Hughes,williamsbrenda.2971@example.org,New Caledonia,2020-02-07,Basic,364.74
2972,Sarah Stanley,jeffreywhitehead.2972@example.net,New Caledonia,2020-11-19,Basic,642.02
2973,Jason Murphy,pmorse.2973@example.net,Malawi,2022-12-31,Standard,1090.13
2974,Whitney Lee,yatkins.2974@example.net,Guinea,2026-05-18,Standard,1278.4
2975,Brian Jackson,fsmith.2975@example.com,Sri Lanka,2021-08-13,Standard,864.37
2976,Ryan Flores,craigmurphy.2976@example.net,Philippines,2021-11-26,Basic,457.89
2977,Larry Wiley,howarddawn.2977@example.net,Cyprus,2021-08-15,Standard,2045.95
2978,William Medina,jennifer44.2978@example.org,Bosnia and Herzegovina,2022-05-17,Standard,1091.63
2979,Marisa Miles,collinskyle.2979@example.com,Sao Tome and Principe,2024-10-17,Standard,267.85
2980,Christina Nichols,sharonlevine.2980@example.com,Kenya,2022-02-25,Basic,588.73
2981,Natasha Aguilar,nguyenkaren.2981@example.net,Kazakhstan,2024-05-24,Standard,1926.47
2982,Brenda Fowler,iwilliamson.2982@example.org,Gabon,2026-01-02,Standard,813.2
2983,John Patrick,michael84.2983@example.com,Anguilla,2026-04-29,Basic,251.72
2984,Robin Jones,lorihenderson.2984@example.com,Cuba,2023-10-06,Premium,19228.04
2985,Christine Wilson,christiecastillo.2985@example.com,Myanmar,2024-10-07,Premium,13343.66
2986,Michele Thomas,tdiaz.2986@example.org,Kazakhstan,2026-02-22,Standard,1867.34
2987,Christine Johnson,danlong.2987@example.net,Mongolia,2025-04-05,Premium,13514.43
2988,Maria Ferrell,riveramicheal.2988@example.net,Denmark,2022-01-02,Premium,19180.0
2989,Joshua Sims,gregorydavis.2989@example.net,Equatorial Guinea,2020-11-18,Standard,1151.61
2990,Susan Evans,brandyrobles.2990@example.org,South Africa,2020-10-07,Standard,986.56
2991,Nicholas Reed,tbradford.2991@example.com,Norfolk Island,2025-11-23,Standard,1254.88
2992,Tammy Lynch,amy17.2992@example.com,Jamaica,2023-09-20,Standard,2442.66
2993,Angela Beck,ramosmatthew.2993@example.org,Iraq,2021-12-24,Standard,538.68
2994,Phillip Monroe,brewersherri.2994@example.org,Papua New Guinea,2022-04-23,Standard,779.11
2995,Ruth Harris,dhughes.2995@example.net,Libyan Arab Jamahiriya,2021-11-18,Basic,182.6
2996,Michelle Martinez,vroberts.2996@example.org,Iraq,2025-05-12,Basic,509.1
2997,Jessica Farrell,elizabeth33.2997@example.org,Guernsey,2024-02-04,Standard,1996.43
2998,Chelsea Grant,andrewsdebbie.2998@example.com,Comoros,2025-11-17,Basic,297.51
2999,Jamie Perry,dbennett.2999@example.org,Jordan,2022-01-06,Basic,220.95
3000,David Thompson,smithwendy.3000@example.net,Zambia,2023-02-28,Premium,15583.73
3001,Michael Robinson,taylormelinda.3001@example.org,Nicaragua,2020-10-24,Basic,25.38
3002,Jay Walker,jonesvanessa.3002@example.net,Italy,2026-06-30,Basic,590.99
3003,Sean Mendez,vhoward.3003@example.org,Greece,2023-06-03,Standard,788.77
3004,Edward Jensen,cynthiahill.3004@example.com,Croatia,2023-09-12,Premium,18249.99
3005,James Ward,kimberlybell.3005@example.com,Turkmenistan,2022-10-07,Standard,1358.34
3006,Danielle Walton,donald60.3006@example.org,Hong Kong,2021-10-23,Standard,1998.43
3007,Maria English,carlrichards.3007@example.com,North Macedonia,2026-05-05,Basic,96.78
3008,Jaime Gilmore,michael22.3008@example.com,Sudan,2023-04-09,Standard,910.88
3009,Tracy Calhoun,evansbrady.3009@example.org,Mexico,2024-07-05,Premium,14610.95
3010,Nathan Clark,aaron25.3010@example.com,Vietnam,2020-04-01,Standard,1741.0
3011,Mr. Thomas Perez,kimberly48.3011@example.com,Afghanistan,2021-11-04,Basic,616.38
3012,Isaiah Gray,taylor33.3012@example.org,Saint Vincent and the Grenadines,2025-05-17,Premium,12141.24
3013,Brittany Davis,brookstimothy.3013@example.net,Eritrea,2020-08-02,Basic,455.46
3014,Cindy Anderson,dfox.3014@example.net,Portugal,2020-09-04,Standard,2603.13
3015,Jon Graham,robertsbrandy.3015@example.com,Bhutan,2025-05-31,Standard,1389.13
3016,Amy Sharp,brettrice.3016@example.com,Mauritania,2022-01-23,Standard,2706.13
3017,Bradley Davis,fhanna.3017@example.com,Bahrain,2021-10-30,Standard,1242.2
3018,Brian Mcbride,jeremy78.3018@example.com,Libyan Arab Jamahiriya,2023-10-12,Standard,1120.06
3019,Lynn Flores,dunnconnor.3019@example.net,Gabon,2021-04-20,Standard,2382.38
3020,Joshua Monroe,markgibson.3020@example.org,Cambodia,2020-04-14,Premium,2207.84
3021,Robert Jones,qshort.3021@example.org,Western Sahara,2020-01-11,Standard,682.14
3022,Cody Brown,harold30.3022@example.com,Macao,2020-07-12,Basic,57.41
3023,Susan Smith,psawyer.3023@example.net,Greece,2021-01-22,Basic,409.68
3024,Christian Powell,garyyang.3024@example.org,Lesotho,2024-08-26,Standard,1958.6
3025,Lacey Smith,garciacharles.3025@example.com,Tokelau,2021-12-28,Basic,8.3
3026,Kelly Anderson,pcoleman.3026@example.org,Timor-Leste,2020-06-24,Premium,4906.34
3027,William Anderson,joshuajohnson.3027@example.com,Papua New Guinea,2020-02-05,Premium,7445.74
3028,Tyler Stevenson,brandongray.3028@example.net,Saudi Arabia,2023-03-11,Standard,1023.83
3029,Eric Walker,jeffersondaniel.3029@example.org,Bolivia,2025-08-13,Standard,471.97
3030,Tina Wilson,jeremythompson.3030@example.org,Croatia,2022-04-07,Basic,138.28
3031,Jennifer Campbell,johnharper.3031@example.com,Brunei Darussalam,2020-06-04,Premium,17246.93
3032,Elizabeth Ramos,kevinmason.3032@example.com,South Africa,2021-07-10,Standard,2161.63
3033,Derek Mcgee,thompsonbrandy.3033@example.com,Saint Lucia,2023-05-04,Standard,1029.06
3034,Samantha Hill,john77.3034@example.net,Montserrat,2021-04-05,Standard,937.54
3035,Raymond Cook,gregory73.3035@example.com,Christmas Island,2026-07-17,Standard,424.56
3036,Kristine Jones,zholden.3036@example.com,Libyan Arab Jamahiriya,2025-02-07,Standard,1176.94
3037,Kayla Harvey,xhorne.3037@example.org,Israel,2022-04-21,Standard,1314.59
3038,Jaclyn Wright,revans.3038@example.com,Thailand,2026-05-12,Standard,2731.71
3039,Evan Hall,erik74.3039@example.com,Cote d'Ivoire,2022-03-04,Standard,2280.72
3040,Gina Wright,omartinez.3040@example.net,French Guiana,2020-12-08,Basic,383.32
3041,Kevin Evans MD,nataliemann.3041@example.com,Belgium,2026-04-10,Standard,577.6
3042,Tiffany Mcgee,danielleboyer.3042@example.net,Mexico,2026-06-01,Premium,13810.91
3043,Joshua Porter,mariolewis.3043@example.net,Japan,2022-02-02,Premium,18848.22
3044,Joshua Phillips,elizabethjohnson.3044@example.org,Latvia,2023-12-23,Premium,3404.81
3045,Angela Davis,christinagoodwin.3045@example.net,Tokelau,2021-02-27,Premium,17274.94
3046,Richard Rios,emilyporter.3046@example.org,Puerto Rico,2024-04-15,Standard,704.32
3047,Daniel Anderson Jr.,pdavis.3047@example.org,Portugal,2024-08-12,Premium,14623.06
3048,Louis Olsen,kimberlymejia.3048@example.org,Micronesia,2024-09-29,Standard,714.8
3049,Daniel Anderson,petersdonald.3049@example.net,British Virgin Islands,2023-10-20,Premium,12800.24
3050,Jessica White,raymond39.3050@example.com,Norway,2024-09-15,Standard,865.35
3051,Elizabeth Christensen,mary92.3051@example.com,Costa Rica,2023-09-17,Premium,11750.57
3052,Shannon Chapman,carlastevens.3052@example.net,United Arab Emirates,2025-06-24,Standard,1880.44
3053,Mary Holder,alexander69.3053@example.com,Bouvet Island (Bouvetoya),2021-03-14,Standard,1931.86
3054,Latoya Davis,dawnpark.3054@example.com,Ireland,2023-03-26,Basic,546.24
3055,Krista Robinson,bmayo.3055@example.com,Cyprus,2022-10-13,Standard,393.28
3056,Richard Duncan,johnsonstephanie.3056@example.org,Brazil,2023-07-26,Basic,562.71
3057,Monique Johnson,pparsons.3057@example.net,Saudi Arabia,2020-12-12,Standard,632.87
3058,Thomas Barnes,leejesse.3058@example.com,Liberia,2022-03-01,Premium,14186.58
3059,Roger Gardner,susanhill.3059@example.org,Portugal,2026-05-19,Standard,547.31
3060,Daniel Jones III,christopher01.3060@example.com,Mayotte,2020-09-14,Basic,383.53
3061,Michelle Alvarado,garciaalex.3061@example.com,Belize,2024-03-31,Standard,1282.95
3062,Amanda Moreno,williamslarry.3062@example.org,Switzerland,2024-06-11,Standard,2908.57
3063,Yvonne Adkins,hcastaneda.3063@example.com,Barbados,2023-03-04,Standard,1966.27
3064,Steven Michael,wrightdrew.3064@example.org,Gabon,2020-03-23,Premium,3587.71
3065,Jeffery Dominguez,pamela03.3065@example.com,Mongolia,2020-03-24,Basic,560.71
3066,Thomas Reyes,tuckersheila.3066@example.net,Belgium,2021-11-04,Premium,5494.49
3067,Shawn Patton,kristin11.3067@example.com,Bolivia,2020-09-07,Premium,7150.71
3068,Maureen Smith,sara02.3068@example.com,Venezuela,2020-08-18,Premium,8811.97
3069,Mark Stewart,robertsdavid.3069@example.net,United States of America,2021-01-26,Standard,2373.43
3070,Jeffrey Sweeney,epeck.3070@example.net,Heard Island and McDonald Islands,2021-04-10,Basic,755.26
3071,Cynthia Kramer,bjames.3071@example.org,Belgium,2025-08-09,Basic,739.47
3072,Mary Gray,hardinvictor.3072@example.net,Slovenia,2024-04-08,Basic,136.55
3073,Anthony Mckinney,gary21.3073@example.com,Belize,2020-03-15,Standard,369.16
3074,Tracy Lopez,jeff06.3074@example.net,Bangladesh,2024-03-14,Standard,2519.89
3075,Frank Todd,wkelley.3075@example.com,Luxembourg,2020-11-29,Standard,1007.01
3076,John Stokes,patricia02.3076@example.net,Vietnam,2022-10-25,Premium,12490.87
3077,Kelly Melendez,msilva.3077@example.net,Guinea-Bissau,2020-04-02,Basic,782.9
3078,Tiffany Walker,smyers.3078@example.net,Azerbaijan,2020-08-08,Standard,721.98
3079,Gina Hayes,woodbrittany.3079@example.net,Wallis and Futuna,2020-11-19,Standard,1249.6
3080,Charles Mooney,xclark.3080@example.net,Kiribati,2022-11-24,Standard,2629.28
3081,Heidi Richardson,bryantpeter.3081@example.org,Eritrea,2023-02-04,Basic,519.98
3082,Angela Trevino,esawyer.3082@example.org,Palau,2022-05-11,Standard,2825.15
3083,Tina Fisher,daniel30.3083@example.com,Cocos (Keeling) Islands,2024-02-23,Basic,505.38
3084,April Little,billy87.3084@example.org,Suriname,2024-10-25,Basic,242.86
3085,Virginia Brock,mortiz.3085@example.org,Bolivia,2024-11-14,Basic,644.09
3086,Christopher Mason,jtaylor.3086@example.org,Bouvet Island (Bouvetoya),2023-11-14,Premium,15666.75
3087,Charles Hernandez,belllaura.3087@example.org,China,2023-08-25,Premium,18805.14
3088,Christopher Lee,justinherrera.3088@example.com,New Caledonia,2023-04-15,Standard,1533.27
3089,Kristen Chavez,anthony41.3089@example.org,Spain,2021-08-04,Basic,402.27
3090,Taylor Reed,perezpamela.3090@example.org,Antarctica (the territory South of 60 deg S),2023-04-04,Basic,259.06
3091,Kerry Anderson,james72.3091@example.org,Sweden,2020-01-25,Standard,952.52
3092,Taylor Howard,moodysamuel.3092@example.org,Liechtenstein,2026-06-17,Standard,2990.28
3093,Timothy Smith,georgesteven.3093@example.org,Barbados,2022-06-22,Premium,19590.6
3094,Michelle Rivera,jacobsoncurtis.3094@example.com,Gabon,2025-01-20,Standard,1683.01
3095,Kayla Escobar,austinmonica.3095@example.org,Venezuela,2026-05-25,Standard,2874.24
3096,Stephen Anderson,keith86.3096@example.com,Argentina,2023-04-28,Standard,1197.24
3097,Courtney Cruz,christopherhicks.3097@example.net,Saudi Arabia,2025-10-05,Basic,680.0
3098,Julie Richards MD,tyler80.3098@example.net,Cameroon,2023-03-16,Standard,1977.63
3099,Jill Velazquez,walkerdonna.3099@example.net,United Kingdom,2020-11-19,Standard,2207.79
3100,Robert Tran,lynnpowell.3100@example.net,Guatemala,2020-03-05,Premium,14927.65
3101,Randy Gardner,lmueller.3101@example.net,Fiji,2020-11-27,Standard,1980.32
3102,Jessica Walsh,barbaradoyle.3102@example.com,Portugal,2026-04-20,Standard,2586.52
3103,Jessica Bennett,michael28.3103@example.net,Saint Lucia,2023-03-06,Standard,1297.64
3104,Peter Watson,pricerobert.3104@example.org,Uganda,2022-02-18,Premium,17285.4
3105,Timothy Barnes,millerlucas.3105@example.com,Monaco,2022-12-25,Premium,5301.47
3106,Daniel Smith,evansrachel.3106@example.org,Fiji,2021-09-17,Premium,5599.27
3107,Louis Sanders,timothyross.3107@example.net,Ethiopia,2025-10-26,Standard,2208.56
3108,Robin Schmidt,steve72.3108@example.com,Peru,2026-09-06,Standard,2300.36
3109,Eric Smith,johntaylor.3109@example.com,Antigua and Barbuda,2020-07-26,Standard,2726.44
3110,Gloria Dunlap,christopher24.3110@example.org,Indonesia,2024-10-21,Standard,969.11
3111,Tyler Hebert,murphymatthew.3111@example.com,Hungary,2022-03-30,Premium,3009.25
3112,Donald Wood,maryhart.3112@example.com,Bahamas,2020-04-25,Standard,1620.92
3113,Robert Lowe,wendylewis.3113@example.net,French Guiana,2026-03-02,Premium,17756.13
3114,Tammy Taylor,howard31.3114@example.com,Iceland,2020-05-31,Basic,777.17
3115,Jenna Conway,brandonsmith.3115@example.org,Portugal,2021-05-17,Premium,17440.87
3116,Lindsay Calderon,ramoscory.3116@example.com,Anguilla,2020-03-03,Standard,1571.88
3117,Heather Allen,christopher78.3117@example.org,Christmas Island,2023-02-24,Premium,17540.88
3118,Sandra Foster,nreyes.3118@example.com,Brunei Darussalam,2024-01-04,Basic,171.18
3119,Kathryn Turner,karen31.3119@example.org,Slovakia (Slovak Republic),2022-02-22,Premium,18581.05
3120,Kevin Rodriguez,adrian20.3120@example.com,Dominican Republic,2020-06-23,Basic,453.48
3121,Angela Brown,jasonmontgomery.3121@example.com,Azerbaijan,2020-10-10,Premium,9008.54
3122,James Lopez,whitebonnie.3122@example.com,Guam,2026-03-29,Basic,465.31
3123,Amy Singh,rbaldwin.3123@example.com,Guinea,2025-05-22,Standard,2395.22
3124,Brenda Smith,aaron79.3124@example.net,South Africa,2026-04-06,Standard,872.34
3125,Victor Curtis,jessica32.3125@example.net,Lao People's Democratic Republic,2023-07-20,Standard,485.26
3126,James Alexander,imoon.3126@example.org,France,2023-08-26,Standard,2252.74
3127,Theresa Gomez,scottpatton.3127@example.org,Philippines,2025-04-03,Basic,761.98
3128,Jason Patterson,moraelizabeth.3128@example.com,Azerbaijan,2024-02-14,Basic,509.58
3129,Richard Moore,gregory76.3129@example.org,Benin,2022-12-01,Premium,4566.5
3130,Nathan Brown,thomas06.3130@example.net,Bulgaria,2021-12-13,Standard,2001.48
3131,Meghan Ramos,chadwilson.3131@example.com,Hungary,2023-03-31,Standard,526.57
3132,Chris Sutton,nchen.3132@example.com,British Virgin Islands,2020-06-05,Premium,7463.45
3133,Kellie Mitchell,brenda12.3133@example.com,Malaysia,2021-04-14,Standard,288.47
3134,Christian Collins,robert71.3134@example.org,Angola,2024-12-05,Standard,1565.0
3135,Patricia Sanchez,johnsonjulie.3135@example.com,Sao Tome and Principe,2025-10-20,Standard,1099.79
3136,David Cooper,morganwarner.3136@example.org,Palestinian Territory,2020-09-05,Basic,78.02
3137,Nicole Nichols,njames.3137@example.org,Eritrea,2020-08-24,Basic,247.22
3138,Grant Jones DVM,henryangela.3138@example.net,Ukraine,2020-07-27,Basic,518.06
3139,Donald Harrell,samanthataylor.3139@example.org,Suriname,2025-04-17,Premium,7203.47
3140,Edward Jordan,klara.3140@example.net,Tonga,2022-01-30,Basic,114.46
3141,Wyatt Stewart MD,monicawood.3141@example.org,Sri Lanka,2022-03-08,Standard,1725.43
3142,Timothy Cruz,tracydavenport.3142@example.net,Latvia,2020-01-31,Standard,2309.04
3143,Jeffery Martin,cgreen.3143@example.net,Suriname,2026-07-03,Premium,16942.54
3144,Charles Smith,jean10.3144@example.com,Isle of Man,2022-11-25,Basic,377.68
3145,Felicia Rodriguez,tarabarnes.3145@example.com,Svalbard & Jan Mayen Islands,2025-05-01,Standard,2191.0
3146,Michelle White,clinekatie.3146@example.com,Western Sahara,2024-09-24,Basic,666.66
3147,Richard Scott,jodipark.3147@example.net,Turkey,2020-12-12,Standard,2084.09
3148,Jeffrey Patton,michelle12.3148@example.net,Holy See (Vatican City State),2025-05-10,Basic,421.82
3149,Julia Riggs,lopezkristin.3149@example.com,Portugal,2023-09-05,Standard,367.83
3150,Julie Wiley,mitchellmichael.3150@example.com,Holy See (Vatican City State),2024-01-15,Basic,232.03
3151,Alexander Hall,shieldskelly.3151@example.net,New Zealand,2021-05-04,Standard,1095.48
3152,Terri Meza,claytonchavez.3152@example.net,Singapore,2025-08-30,Standard,1306.03
3153,Tammy Hale,jamesbrewer.3153@example.org,Faroe Islands,2026-03-25,Basic,760.71
3154,Jill Foster,caleb67.3154@example.com,Ireland,2022-09-19,Standard,784.85
3155,Aaron Jones,emilyallison.3155@example.net,Burundi,2020-08-13,Standard,1716.35
3156,Michelle Holmes,anthonyavery.3156@example.org,Macao,2025-09-03,Basic,792.97
3157,Paul Henderson,david48.3157@example.org,Korea,2025-12-07,Standard,1932.62
3158,William Fernandez,yjohnson.3158@example.net,Iraq,2023-05-21,Basic,167.13
3159,Jane Christian,ocummings.3159@example.org,Northern Mariana Islands,2023-11-15,Standard,2888.53
3160,Justin Wood,catherine46.3160@example.net,Italy,2021-06-28,Basic,269.03
3161,Marc Gallagher,ashley01.3161@example.org,Bermuda,2020-06-13,Premium,2861.67
3162,Steven Carter,neilsummers.3162@example.org,Bouvet Island (Bouvetoya),2026-04-24,Standard,1407.81
3163,Michelle Brown,hcooper.3163@example.net,Turkey,2023-03-25,Basic,192.52
3164,Nicole Moss,robinsonalexandria.3164@example.net,France,2021-11-02,Standard,2492.82
3165,Austin Sullivan,danielle04.3165@example.org,Uganda,2024-08-19,Standard,815.88
3166,Mary Hill,charles35.3166@example.org,Oman,2020-03-04,Standard,2495.59
3167,Christina Weber,thomasellis.3167@example.com,American Samoa,2020-07-14,Standard,301.28
3168,Jermaine Tucker,weekszachary.3168@example.com,Suriname,2021-08-15,Standard,2801.64
3169,Lisa Moore,cdunn.3169@example.org,Kyrgyz Republic,2023-01-05,Premium,2759.48
3170,Michele Webb,sullivancatherine.3170@example.net,Bosnia and Herzegovina,2022-06-14,Basic,750.83
3171,Jessica Lindsey,xdavis.3171@example.net,Jamaica,2021-04-02,Standard,406.34
3172,Kerry Marquez,millerashley.3172@example.com,Cook Islands,2022-05-07,Standard,2643.23
3173,Sharon Cook,ernestjones.3173@example.org,Mauritania,2022-03-26,Standard,2527.73
3174,Leah Henderson,nicholasscott.3174@example.net,Kazakhstan,2023-07-05,Premium,12699.63
3175,Ms. Leslie Juarez,amywright.3175@example.org,Central African Republic,2023-10-06,Premium,2647.75
3176,Ricardo Olson,erik62.3176@example.org,Monaco,2025-11-26,Basic,496.91
3177,Jessica Washington,jonesmark.3177@example.com,Trinidad and Tobago,2025-05-24,Standard,1929.97
3178,Richard Peterson,adamgolden.3178@example.org,Cayman Islands,2021-12-14,Premium,12029.55
3179,Justin Holland,wwhite.3179@example.com,Equatorial Guinea,2026-01-13,Basic,505.22
3180,Shaun Wood,chad50.3180@example.org,French Southern Territories,2023-06-25,Standard,2910.7
3181,Julie Lee,prodriguez.3181@example.org,United States Virgin Islands,2021-04-03,Premium,19919.13
3182,Nathan Smith,nicholsanne.3182@example.com,Korea,2022-04-10,Standard,1657.39
3183,Rebecca Harrison,angelaespinoza.3183@example.org,Uruguay,2024-12-16,Standard,457.04
3184,Carl Oconnor,martinezkathleen.3184@example.com,Palau,2025-06-29,Standard,575.11
3185,Jeremy Miller,xgonzalez.3185@example.net,Barbados,2022-07-02,Basic,576.28
3186,Edward Roberts,wilcoxjennifer.3186@example.com,Cuba,2021-01-19,Standard,2949.5
3187,Victoria Davis,baileydonna.3187@example.net,Niger,2021-04-13,Standard,1420.95
3188,Karen Bennett,rmichael.3188@example.net,Russian Federation,2020-09-09,Standard,474.51
3189,Jennifer Williams,zbailey.3189@example.com,New Zealand,2024-09-02,Basic,282.44
3190,Derek Smith,pwarren.3190@example.org,Rwanda,2023-05-13,Basic,308.01
3191,Micheal Gonzalez,,Kuwait,2023-01-06,Basic,797.28
3192,Paige Sanchez,susanwhite.3192@example.org,Nigeria,2024-06-28,Standard,2122.43
3193,David Williams,ellismichael.3193@example.com,Brazil,2025-07-16,Basic,94.29
3194,Erin Mcgee,trevor91.3194@example.org,Bhutan,2025-04-26,Standard,1143.81
3195,Andre Johnson,jonesjeanne.3195@example.org,Iran,2020-11-30,Standard,335.96
3196,Linda Boyer,ann34.3196@example.com,Uruguay,2023-12-10,Premium,13755.09
3197,Heather Kline,jeffreyroberts.3197@example.net,Netherlands Antilles,2025-11-25,Basic,538.19
3198,Sabrina Cruz,danielduncan.3198@example.com,Ukraine,2025-03-04,Standard,360.99
3199,Cynthia Moore,ymercer.3199@example.com,Turkey,2022-03-15,Standard,1139.46
3200,Ruth Russell,christophercooley.3200@example.com,Haiti,2022-08-16,Standard,2727.95
3201,Deborah Small,kimberlythomas.3201@example.com,United Arab Emirates,2025-12-13,Premium,16882.69
3202,Andrew Johnson,vanessajimenez.3202@example.org,Turkmenistan,2020-03-21,Basic,459.37
3203,Melvin Bennett,andrewmyers.3203@example.org,Andorra,2023-07-07,Basic,387.7
3204,Rodney Simpson,christopher08.3204@example.com,Brazil,2020-10-10,Standard,2979.99
3205,Matthew Swanson,mbest.3205@example.net,Dominica,2025-12-24,Standard,2222.15
3206,Sandra Gonzalez,rachel36.3206@example.net,American Samoa,2020-04-04,Standard,2867.38
3207,Kelsey Larson,meadowsbrian.3207@example.org,Dominica,2020-02-27,Basic,57.27
3208,Todd Nash,tranadriana.3208@example.net,Martinique,2022-03-14,Premium,5818.72
3209,Trevor Brown,thompsondawn.3209@example.org,Mayotte,2021-05-03,Standard,287.11
3210,Thomas Mccarthy,colleenwilliams.3210@example.net,North Macedonia,2023-04-24,Standard,2630.17
3211,Jennifer Ferguson,fbutler.3211@example.org,Norway,2022-01-01,Standard,2143.85
3212,Miss Jessica Jones,huntlisa.3212@example.org,Timor-Leste,2022-05-20,Standard,697.42
3213,Susan Robinson,kimberly47.3213@example.org,Switzerland,2023-10-11,Premium,19535.43
3214,Megan Harmon,johnsonmichael.3214@example.net,Algeria,2023-09-30,Basic,764.64
3215,Jonathan Irwin,mcrawford.3215@example.net,Bhutan,2026-04-02,Premium,6042.76
3216,Kara Russell,burgessdonald.3216@example.com,Tonga,2023-03-19,Premium,13646.18
3217,Michael Garcia,deborah16.3217@example.com,Lithuania,2023-10-09,Standard,2070.69
3218,Rita Robinson,isanders.3218@example.net,Vanuatu,2024-07-13,Standard,211.25
3219,Allison Chandler,ryanfox.3219@example.net,Indonesia,2021-03-01,Premium,14398.04
3220,Jeffery Graham,stevemorales.3220@example.net,Malaysia,2024-06-16,Standard,819.75
3221,Angelica Foster,hudsongwendolyn.3221@example.com,Svalbard & Jan Mayen Islands,2025-10-05,Basic,721.06
3222,Kimberly Lynch,gary89.3222@example.net,Kyrgyz Republic,2022-02-15,Premium,17093.13
3223,Brandy Peterson,beverly35.3223@example.net,Lesotho,2021-03-11,Basic,724.23
3224,Sara James,bmarshall.3224@example.com,Anguilla,2022-04-25,Standard,2321.15
3225,Emily Glass,rhondawood.3225@example.net,Uruguay,2021-11-02,Standard,661.74
3226,Juan Lopez,david71.3226@example.com,Bangladesh,2023-11-29,Premium,8489.98
3227,Heather Davis,brittanyrush.3227@example.com,Martinique,2025-10-10,Basic,567.15
3228,Amanda Marks,hmiller.3228@example.com,Guyana,2023-12-27,Basic,258.66
3229,Michael White,smithcarrie.3229@example.com,Yemen,2020-11-02,Premium,14780.59
3230,Wendy Sims,fhoffman.3230@example.com,Norway,2022-02-07,Premium,8050.86
3231,Nicholas Hernandez,schroederbrittany.3231@example.org,North Macedonia,2024-08-10,Standard,697.64
3232,Donald Duncan,brownwilliam.3232@example.net,Angola,2022-03-17,Premium,11326.95
3233,Christopher Perez,mstanley.3233@example.com,Comoros,2023-12-02,Basic,548.98
3234,Janice Tanner,hjacobs.3234@example.net,American Samoa,2024-08-21,Standard,1648.15
3235,Rachel Conway,bfowler.3235@example.org,Pakistan,2022-03-14,Standard,1997.23
3236,David Landry,staylor.3236@example.net,Saint Pierre and Miquelon,2024-04-29,Basic,350.44
3237,Martin Hill,virginia57.3237@example.net,India,2022-08-30,Basic,622.67
3238,Kimberly Vasquez,rachel74.3238@example.org,Cote d'Ivoire,2020-11-25,Basic,519.97
3239,Nathaniel Campbell,debbie45.3239@example.org,Palau,2022-06-27,Standard,1808.9
3240,Heather Sawyer,ikemp.3240@example.net,Congo,2022-12-13,Standard,1419.04
3241,Mary Mcintosh,william48.3241@example.net,Palau,2020-01-06,Standard,1700.04
3242,William Gallegos,asoto.3242@example.com,Maldives,2025-12-19,Standard,342.83
3243,John Glass,john07.3243@example.com,United Arab Emirates,2023-07-13,Standard,2066.82
3244,Ronald King,john69.3244@example.net,Ecuador,2020-03-29,Premium,5679.41
3245,Amanda Johnson,sshea.3245@example.com,Saint Kitts and Nevis,2025-10-20,Standard,2608.42
3246,Christopher Adams,luis05.3246@example.net,Kyrgyz Republic,2025-09-19,Standard,2474.56
3247,Christopher Odom,jessicasmith.3247@example.com,Netherlands,2020-01-30,Standard,1678.27
3248,Oscar Meadows,ashleyterry.3248@example.com,Tanzania,2021-02-02,Premium,17248.36
3249,Alyssa Fisher,joseph50.3249@example.org,Grenada,2022-06-07,Standard,2078.25
3250,Abigail Riddle,daniel02.3250@example.net,Angola,2023-05-23,Standard,595.53
3251,Stephen Taylor,susandavis.3251@example.org,Kyrgyz Republic,2024-11-07,Basic,592.62
3252,Sandra Rivera,kelsey33.3252@example.com,Belgium,2022-11-02,Basic,796.65
3253,Denise Melton,rodriguezjohn.3253@example.com,Iran,2024-02-02,Standard,314.74
3254,Sara James,jack74.3254@example.org,Cocos (Keeling) Islands,2020-01-25,Premium,6408.55
3255,Joseph Spencer DDS,daniel08.3255@example.com,Guernsey,2024-05-27,Standard,1873.67
3256,Vanessa Yates,matthew14.3256@example.net,Swaziland,2026-02-13,Premium,9473.5
3257,Steven Torres,richardsmario.3257@example.org,Switzerland,2023-07-09,Standard,1985.16
3258,Phillip Taylor,larry37.3258@example.net,Colombia,2023-01-15,Basic,469.12
3259,Brandon Bridges,perryjames.3259@example.com,Tanzania,2021-12-26,Premium,16183.81
3260,Michelle Farmer,contrerasmaria.3260@example.com,San Marino,2026-05-19,Standard,398.53
3261,Jeff Palmer,kathleenscott.3261@example.org,Malta,2020-03-22,Basic,352.49
3262,Adrian Howell,dixonkristen.3262@example.com,Bahamas,2021-12-01,Standard,2608.15
3263,Cynthia Tyler,fduncan.3263@example.net,Dominica,2020-12-04,Premium,8529.71
3264,Andrew Rivera,stephanie67.3264@example.org,Nicaragua,2025-10-16,Premium,11068.2
3265,Jennifer Perez,samanthamartinez.3265@example.net,Spain,2023-03-24,Basic,17.26
3266,Daryl Rowe,mezastephanie.3266@example.org,Uruguay,2026-03-02,Premium,6035.13
3267,Marie Brown,parkermax.3267@example.org,Heard Island and McDonald Islands,2024-06-12,Standard,1498.23
3268,Christopher Bowen,richarddiaz.3268@example.net,Botswana,2023-09-21,Basic,319.17
3269,John Obrien,jonathanruiz.3269@example.com,Bahrain,2023-06-17,Standard,2201.03
3270,Lori Lee,higginskelly.3270@example.org,Belize,2021-05-09,Basic,489.5
3271,Thomas Miller,deborahwright.3271@example.net,Argentina,2023-10-04,Premium,17845.09
3272,Marvin Flores,elizabethrichards.3272@example.com,Ireland,2024-07-31,Standard,2593.36
3273,Lisa Price,feliciawilson.3273@example.net,Slovenia,2026-06-15,Standard,875.42
3274,Sarah Thomas,lisa73.3274@example.org,Nicaragua,2023-09-02,Basic,14.11
3275,Luke Moore,manningjessica.3275@example.com,Nauru,2026-04-11,Standard,2592.52
3276,Michael Graham,randyyoder.3276@example.com,Liberia,2026-04-25,Premium,7924.18
3277,Joanne Smith,mejiamichael.3277@example.net,Norway,2023-06-30,Basic,277.69
3278,Scott Brown,michael99.3278@example.net,Falkland Islands (Malvinas),2022-12-08,Premium,4851.11
3279,Jamie Roman,brent20.3279@example.org,Ecuador,2020-12-14,Basic,554.41
3280,Emily Reed,cpeters.3280@example.org,Azerbaijan,2021-10-17,Standard,984.3
3281,Amber Wong,brookeshaw.3281@example.com,Australia,2025-11-16,Standard,694.88
3282,Judy Bailey,alan34.3282@example.com,Niue,2020-12-03,Basic,402.71
3283,Kimberly Davis,herrerajennifer.3283@example.org,Belarus,2022-08-27,Basic,600.33
3284,Anthony Christensen,mariaortega.3284@example.com,Bolivia,2024-09-02,Premium,6852.77
3285,Caitlin Smith,johnbrooks.3285@example.org,Dominica,2021-08-10,Basic,577.63
3286,Natalie Jennings,michaelyoung.3286@example.org,Belarus,2026-07-06,Basic,369.58
3287,Jason Smith,umills.3287@example.net,Mauritania,2024-05-05,Basic,323.02
3288,Lindsay Owens,wongjacqueline.3288@example.org,Malawi,2020-03-10,Standard,1206.66
3289,Alexander Anderson,deborah67.3289@example.org,Equatorial Guinea,2021-08-26,Standard,607.63
3290,Jeffrey Adams,deleontammy.3290@example.org,Haiti,2024-12-13,Standard,1131.37
3291,Christopher Ellis,baueremily.3291@example.net,Marshall Islands,2025-10-08,Premium,17826.53
3292,Rebecca Torres,christopher19.3292@example.org,Eritrea,2026-03-13,Standard,486.07
3293,George Carson,robert72.3293@example.net,Netherlands Antilles,2025-09-09,Standard,2883.24
3294,Nicholas Cochran,shawnjimenez.3294@example.org,Portugal,2020-07-01,Standard,500.99
3295,Jennifer Taylor,bbrady.3295@example.org,Iran,2024-11-16,Standard,1213.69
3296,Alexander Cox,cmclean.3296@example.net,Cote d'Ivoire,2020-09-26,Standard,1897.66
3297,Dustin Haney,igarcia.3297@example.net,Chad,2020-07-05,Standard,2545.96
3298,Donna James,jeffrios.3298@example.net,Bangladesh,2024-08-16,Standard,602.03
3299,Daniel Robinson V,kenneth66.3299@example.org,Pitcairn Islands,2023-03-13,Basic,112.88
3300,Carrie Lambert,jonesstephen.3300@example.org,Holy See (Vatican City State),2024-05-01,Basic,502.7
3301,Joseph Fisher,kennethperez.3301@example.net,Tuvalu,2025-09-10,Premium,7269.44
3302,James Davila,bgreen.3302@example.com,Iceland,2020-06-17,Premium,13601.04
3303,Peggy Hall,nmcintosh.3303@example.com,Antarctica (the territory South of 60 deg S),2023-07-12,Standard,2497.63
3304,Nicholas Vaughn,amber79.3304@example.net,Belgium,2025-07-30,Standard,415.24
3305,Linda Stanley MD,barbara22.3305@example.net,Vietnam,2022-12-11,Basic,675.6
3306,Terry Williams,reyescarmen.3306@example.com,Samoa,2023-07-02,Premium,2676.54
3307,Jose Campbell,bethmiller.3307@example.com,British Virgin Islands,2023-04-30,Premium,18178.87
3308,Patricia Shah,andrewherrera.3308@example.com,Pakistan,2026-01-24,Standard,2931.73
3309,Louis Tyler,charlestimothy.3309@example.net,Saint Lucia,2020-05-01,Basic,533.96
3310,Lori Brown,marissa74.3310@example.net,Central African Republic,2025-11-14,Basic,787.4
3311,Jennifer Rogers,danielmartinez.3311@example.com,Israel,2025-06-16,Basic,657.59
3312,Ashley Shepard,zachary18.3312@example.net,Algeria,2025-06-07,Standard,324.22
3313,Sarah Grimes,njones.3313@example.net,Germany,2022-10-03,Basic,3.05
3314,Brandon Carlson,ghensley.3314@example.com,Zimbabwe,2023-06-13,Premium,2374.37
3315,Jennifer Barnes,marissa72.3315@example.net,Gambia,2022-06-20,Standard,1465.34
3316,Kenneth Snow,jrobinson.3316@example.net,Malta,2021-09-06,Basic,498.71
3317,Ashley Clark,myerstiffany.3317@example.org,Swaziland,2025-11-07,Standard,1548.12
3318,Robert Dominguez,porterronald.3318@example.com,Brazil,2023-05-20,Basic,541.7
3319,Bryan Monroe,swalker.3319@example.org,Belarus,2024-11-01,Standard,1458.89
3320,Andrew Abbott,haustin.3320@example.com,Georgia,2020-09-03,Premium,2766.15
3321,Edward Black,sanchezemily.3321@example.net,Grenada,2025-04-10,Standard,833.27
3322,Sylvia Kelley,matthewfisher.3322@example.org,Switzerland,2024-05-27,Basic,794.1
3323,Mark Thomas,hernandezmelissa.3323@example.net,Gibraltar,2026-09-02,Standard,1168.42
3324,Cathy Grant,daniel41.3324@example.net,Turkey,2020-11-23,Basic,259.81
3325,Sharon Villanueva,sotomegan.3325@example.com,United Kingdom,2023-08-11,Premium,4750.26
3326,Robert Martinez,fuentesvictoria.3326@example.net,Mauritius,2023-06-02,Basic,789.71
3327,Brent Clark,mhall.3327@example.com,Sierra Leone,2023-08-07,Standard,845.29
3328,Anthony Allen,lucas15.3328@example.com,Ukraine,2020-05-12,Premium,13642.88
3329,Patricia Howell,hharper.3329@example.net,Pakistan,2023-03-01,Basic,33.64
3330,Lauren Marshall,tdominguez.3330@example.com,Norfolk Island,2022-01-01,Basic,53.18
3331,Sharon Park,robin08.3331@example.net,Kuwait,2024-02-16,Standard,2206.9
3332,Paige Davis,mfields.3332@example.com,Iran,2021-07-20,Standard,1978.47
3333,Timothy Chavez,jonesjamie.3333@example.net,Lesotho,2022-11-28,Premium,14242.92
3334,Adam Gillespie,davidsandoval.3334@example.net,Gambia,2024-02-23,Basic,184.78
3335,Debra Barker,debralucas.3335@example.net,Malta,2020-06-05,Standard,2957.69
3336,Cathy Young,lisabrown.3336@example.net,Germany,2025-04-05,Basic,446.7
3337,Emily Adams,rachel18.3337@example.org,French Polynesia,2024-10-13,Standard,2914.73
3338,Robert Molina,eric02.3338@example.net,Albania,2020-05-19,Basic,131.34
3339,Kayla Sandoval,scott51.3339@example.org,Guadeloupe,2020-06-07,Premium,9291.79
3340,Dominique Parker,afritz.3340@example.net,Guernsey,2025-09-07,Standard,1139.92
3341,Julie Flores,christineharvey.3341@example.org,Switzerland,2021-11-22,Standard,2314.21
3342,Loretta Romero,kevinnguyen.3342@example.org,Sweden,2025-10-02,Premium,15456.29
3343,Curtis Reyes,pauljones.3343@example.org,Nicaragua,2023-05-04,Premium,10757.79
3344,Tyler Allen,howard99.3344@example.org,Hong Kong,2022-04-15,Standard,245.21
3345,Patricia Hudson,qreynolds.3345@example.com,Djibouti,2021-10-30,Basic,140.16
3346,Austin Carson,amandadavis.3346@example.com,Slovenia,2024-05-28,Standard,340.74
3347,Rachel Torres,chelseasmith.3347@example.net,Fiji,2020-09-24,Premium,17246.26
3348,Patrick Nelson,kellygray.3348@example.net,Comoros,2022-09-10,Basic,231.82
3349,Tiffany Scott,lindacraig.3349@example.net,Latvia,2022-04-24,Premium,4122.61
3350,Dawn Johnson,curtis86.3350@example.com,Jordan,2021-01-11,Standard,1191.68
3351,Cassandra Acevedo,lisa24.3351@example.org,Western Sahara,2022-05-11,Basic,61.83
3352,Gerald Wall,angelacooper.3352@example.com,Morocco,2023-07-14,Basic,783.09
3353,Lisa Suarez DVM,frank88.3353@example.net,Tajikistan,2024-07-12,Basic,252.01
3354,Jennifer Murphy,wrightronald.3354@example.net,Gibraltar,2020-07-29,Basic,746.45
3355,Jimmy Lang,francothomas.3355@example.com,Mali,2025-10-31,Standard,2111.64
3356,Chad Romero,adamgill.3356@example.net,Korea,2025-11-15,Standard,1785.1
3357,Maria Estrada,sarahodom.3357@example.net,Maldives,2024-08-16,Standard,1531.39
3358,Deanna Smith,ljordan.3358@example.net,Reunion,2026-03-07,Basic,549.9
3359,Scott Wyatt,ellismelissa.3359@example.net,Myanmar,2022-11-11,Basic,549.02
3360,Angela Richmond,millerjose.3360@example.com,Cuba,2025-06-29,Standard,229.46
3361,Ronald Barnes,laura71.3361@example.com,Saint Lucia,2024-11-10,Standard,2741.79
3362,Jenny Smith,aaron51.3362@example.net,Bhutan,2023-10-05,Standard,1230.3
3363,Miranda White,shenry.3363@example.com,Finland,2021-03-14,Standard,1189.16
3364,Ms. Erin Andrade,tararichardson.3364@example.net,Vanuatu,2023-09-23,Basic,325.27
3365,Michael Gibbs,mario05.3365@example.com,Denmark,2026-01-10,Premium,14335.09
3366,Nicole Baker,ccooper.3366@example.org,Christmas Island,2026-08-01,Standard,1252.85
3367,Stephanie Solis,sjones.3367@example.net,British Virgin Islands,2022-12-30,Basic,299.06
3368,Miss Cynthia Morris,susan25.3368@example.org,Romania,2021-08-28,Standard,377.7
3369,Elizabeth Haney,lpatterson.3369@example.com,Barbados,2024-12-30,Standard,1366.6
3370,Laura Blake,phodges.3370@example.net,Ireland,2020-07-04,Standard,618.54
3371,Albert Larsen,lambertjames.3371@example.net,Angola,2021-01-03,Premium,17400.61
3372,Lindsay Miller,horndonald.3372@example.net,Sri Lanka,2023-10-04,Standard,1136.63
3373,Brittany Oneill,aaroncarter.3373@example.net,Russian Federation,2026-08-15,Premium,19295.61
3374,Amber Robinson,hstevens.3374@example.com,Greece,2022-03-13,Premium,14321.5
3375,David Frazier,mthomas.3375@example.net,Croatia,2022-12-18,Premium,15610.73
3376,Dana Garcia,richard96.3376@example.net,Barbados,2022-02-26,Standard,2853.7
3377,John Kirby,jameswood.3377@example.net,United Arab Emirates,2022-12-11,Premium,6300.83
3378,Elizabeth Delacruz,westjeffrey.3378@example.org,Kyrgyz Republic,2020-01-18,Basic,453.83
3379,Chad Sanchez,lmercado.3379@example.net,India,2023-12-23,Premium,2733.06
3380,Stephanie Spencer,smedina.3380@example.org,Turks and Caicos Islands,2023-12-27,Standard,482.12
3381,Shannon Austin,qcervantes.3381@example.com,Poland,2022-02-09,Basic,293.27
3382,Kevin Allison,debra48.3382@example.net,Kiribati,2021-10-06,Premium,14285.03
3383,John Grant,bcobb.3383@example.org,Finland,2025-02-02,Standard,2528.74
3384,Henry Parker,bakeredward.3384@example.com,Kenya,2021-04-03,Basic,205.12
3385,Pamela Pearson,james11.3385@example.com,Cote d'Ivoire,2020-04-24,Standard,2297.42
3386,Amber Rosales,howellbrian.3386@example.org,Saint Vincent and the Grenadines,2020-04-08,Standard,828.02
3387,Brittany Garner,hogannathan.3387@example.com,Saint Helena,2025-11-23,Basic,4.84
3388,Holly Peterson,matthew85.3388@example.net,Cocos (Keeling) Islands,2022-06-08,Standard,352.36
3389,Andres Sutton,michelleanderson.3389@example.com,United States Virgin Islands,2020-09-05,Standard,1839.56
3390,Zachary Doyle,hensleybenjamin.3390@example.com,Bangladesh,2025-11-16,Premium,10948.66
3391,Mary Summers MD,fitzgeraldlisa.3391@example.net,Netherlands Antilles,2020-12-28,Premium,6867.65
3392,Melanie Flores,fbass.3392@example.org,Cuba,2022-04-02,Basic,5.24
3393,Eric Torres,rcobb.3393@example.com,Kiribati,2020-02-20,Standard,1790.43
3394,Jennifer Tucker,gmclean.3394@example.net,Afghanistan,2024-07-16,Premium,16716.92
3395,Shannon Bass,jennifer96.3395@example.com,Mexico,2024-09-03,Standard,391.93
3396,Jackie Cooper,jeansmith.3396@example.com,Netherlands Antilles,2025-01-21,Basic,589.18
3397,Meredith Holt,alvin91.3397@example.com,Afghanistan,2021-10-04,Premium,13421.77
3398,Savannah Stewart,audreylopez.3398@example.com,Taiwan,2022-03-12,Premium,10628.39
3399,Thomas Jones,nbecker.3399@example.net,Azerbaijan,2026-04-09,Standard,335.36
3400,Eric Parker,carlos18.3400@example.com,Trinidad and Tobago,2025-06-29,Standard,2786.0
3401,Nicholas Mason,jasongarza.3401@example.org,Chad,2020-03-31,Standard,1536.83
3402,Larry Campbell,spencer42.3402@example.org,Andorra,2024-08-16,Basic,319.69
3403,Mr. Hunter Miller,sabrinaperez.3403@example.net,United States Virgin Islands,2025-06-07,Premium,17506.56
3404,Damon Montes,fgutierrez.3404@example.com,Uruguay,2023-09-27,Standard,2567.62
3405,James Adams,charles30.3405@example.org,Western Sahara,2024-04-11,Standard,2236.33
3406,Trevor Walls,ibarton.3406@example.org,Singapore,2020-01-03,Standard,2522.21
3407,Hailey Dean,dana17.3407@example.net,Niger,2020-03-14,Standard,548.12
3408,Rebecca Jones,lambalexandra.3408@example.net,Chile,2020-03-26,Basic,608.73
3409,Valerie Rodriguez,zrivera.3409@example.net,Kuwait,2021-01-23,Standard,1118.5
3410,Scott Matthews,katherine23.3410@example.net,Georgia,2026-08-16,Basic,694.0
3411,Wendy Horne,kelleyjennifer.3411@example.org,Bahrain,2024-03-29,Premium,8664.17
3412,Vicki Thompson,michelle34.3412@example.org,United States Virgin Islands,2025-03-25,Standard,352.05
3413,Natasha Allen,curtisfranklin.3413@example.com,Serbia,2021-12-22,Standard,1360.26
3414,Jose Moore,pittmanjill.3414@example.org,United Kingdom,2026-04-08,Standard,2318.98
3415,Anita Wright,kennethbranch.3415@example.com,Grenada,2021-04-30,Premium,11016.78
3416,Colton Stokes,michael01.3416@example.com,French Polynesia,2026-01-12,Basic,610.91
3417,Stephanie Jensen,coleamanda.3417@example.net,Tuvalu,2020-03-16,Basic,28.22
3418,Emily Bryant,jward.3418@example.com,Saint Vincent and the Grenadines,2020-02-19,Basic,141.73
3419,Stephen Wilson,zyoung.3419@example.com,Moldova,2020-07-11,Basic,450.89
3420,Shannon Harper,carlagarcia.3420@example.com,Guam,2025-04-17,Premium,8935.65
3421,Sylvia Lara,brianparker.3421@example.org,Angola,2021-09-20,Standard,2104.49
3422,Martin Vaughn,sbonilla.3422@example.net,Bermuda,2023-01-06,Standard,2895.15
3423,Mallory Moore,brownkaren.3423@example.net,El Salvador,2023-02-24,Basic,527.89
3424,Roger Buckley,laurenmartinez.3424@example.net,Canada,2025-04-12,Premium,9512.53
3425,Matthew James,chenvictor.3425@example.net,Niger,2022-05-01,Standard,1718.62
3426,Devin Berry,,Venezuela,2020-01-17,Standard,2755.91
3427,Matthew Walters,reesealex.3427@example.net,Uzbekistan,2022-08-01,Premium,14113.81
3428,Michael Moore,travis28.3428@example.net,Antarctica (the territory South of 60 deg S),2021-12-04,Basic,642.54
3429,Lisa Moss,choidonna.3429@example.com,Equatorial Guinea,2024-11-19,Standard,1044.25
3430,Anita Cook,angelacrosby.3430@example.org,United Arab Emirates,2025-01-08,Standard,2284.1
3431,Timothy Mcintyre,riverawendy.3431@example.net,Yemen,2020-08-12,Basic,111.55
3432,Allen Moody,ysmith.3432@example.org,Switzerland,2025-04-20,Standard,2299.37
3433,Stacey Baker,josebarnes.3433@example.com,Zimbabwe,2020-06-21,Standard,2668.36
3434,Kevin Scott,mschwartz.3434@example.com,Belize,2024-02-22,Premium,18204.18
3435,James Sims,ryan43.3435@example.org,Guinea,2022-08-08,Premium,4098.62
3436,Kiara Mcintosh,otrujillo.3436@example.net,Kenya,2022-01-05,Premium,16937.88
3437,Cynthia Harris,sbailey.3437@example.net,Palestinian Territory,2023-03-25,Standard,507.82
3438,Allison Davis,butlerdavid.3438@example.org,Bolivia,2022-01-27,Standard,1539.51
3439,Mr. Maurice West,angelasmith.3439@example.com,Turkmenistan,2025-04-22,Standard,2111.06
3440,Christine Martinez,molinachristina.3440@example.org,Saint Helena,2026-06-18,Standard,1555.9
3441,Kristin Sampson,melody89.3441@example.com,Montenegro,2025-06-15,Basic,271.93
3442,Justin Williams,kyle91.3442@example.com,Guyana,2022-12-08,Premium,14308.78
3443,Sonya Bernard,kyleanderson.3443@example.org,Ireland,2023-05-14,Standard,2050.46
3444,Daniel Sandoval,dlewis.3444@example.net,India,2022-12-27,Standard,1832.1
3445,Olivia Powell,jsmith.3445@example.com,Niue,2025-04-21,Premium,11511.72
3446,Brittany Macdonald,vdavenport.3446@example.com,Heard Island and McDonald Islands,2023-09-10,Basic,564.59
3447,Stephanie Wolf,moniquemoore.3447@example.org,Bouvet Island (Bouvetoya),2023-02-17,Premium,9254.67
3448,Jordan Cooper,ericbrooks.3448@example.org,Mauritania,2022-09-27,Standard,392.55
3449,Kathryn Bishop,erin67.3449@example.com,Iran,2022-07-04,Standard,1704.87
3450,Morgan Andrews,mario83.3450@example.com,Switzerland,2023-09-11,Basic,578.76
3451,Curtis Pace,fcook.3451@example.org,Gibraltar,2024-08-09,Standard,1037.65
3452,Jonathan Dean,gabriela59.3452@example.net,Falkland Islands (Malvinas),2022-11-21,Basic,112.6
3453,Mark Arellano,fsanford.3453@example.net,Hungary,2025-05-23,Standard,2753.16
3454,Marissa Tyler,roymorris.3454@example.org,Niger,2025-07-11,Standard,2618.5
3455,Jared Cobb,vcoleman.3455@example.org,Barbados,2022-11-13,Basic,494.75
3456,Jessica George,kimberly64.3456@example.org,Dominica,2026-01-28,Standard,2402.5
3457,Jonathan White,mcintyrebrendan.3457@example.org,Syrian Arab Republic,2021-02-26,Standard,2912.65
3458,Noah Johnston,fosterjames.3458@example.org,Pakistan,2026-03-26,Standard,1793.93
3459,Olivia Conner,geraldcampbell.3459@example.org,Cuba,2021-12-19,Standard,883.71
3460,Juan Bradley,kelsey92.3460@example.com,Mali,2023-10-10,Standard,1988.67
3461,Tricia Hill,ryan01.3461@example.net,South Africa,2021-11-23,Premium,18462.69
3462,Scott Harrell,jamesevans.3462@example.org,Kazakhstan,2022-12-15,Standard,2132.41
3463,Paul Garcia,nicholasibarra.3463@example.com,Guatemala,2022-04-10,Premium,2472.33
3464,Christian Long,jose60.3464@example.com,Nicaragua,2024-09-18,Standard,2767.97
3465,Jennifer Graves,rwashington.3465@example.net,Lithuania,2020-07-17,Basic,602.94
3466,Michael Mcguire,brandoncook.3466@example.org,Nigeria,2025-08-09,Standard,1325.13
3467,Vicki Ortiz,rodriguezhannah.3467@example.net,Saint Vincent and the Grenadines,2026-01-16,Standard,2964.98
3468,Bradley Ibarra,leahdiaz.3468@example.org,Guinea-Bissau,2023-10-06,Premium,14990.23
3469,Megan Gibson,jennifer38.3469@example.org,Tunisia,2023-08-29,Premium,16857.94
3470,David Dunlap,ana12.3470@example.com,Heard Island and McDonald Islands,2024-09-05,Standard,2840.87
3471,James Griffin,gwoods.3471@example.com,New Zealand,2021-05-01,Basic,31.66
3472,Stephanie Terry,guerramaria.3472@example.org,Wallis and Futuna,2025-01-04,Basic,619.54
3473,Barry Armstrong,lawsoncalvin.3473@example.com,Portugal,2021-06-17,Standard,1281.77
3474,Michael Jordan,kerry49.3474@example.org,Falkland Islands (Malvinas),2024-07-09,Basic,695.26
3475,Maria Alvarado,abigailchambers.3475@example.org,Lebanon,2022-01-16,Basic,703.12
3476,Lauren Johnson,scott65.3476@example.com,Andorra,2024-12-27,Basic,662.89
3477,Christine Conley,mark94.3477@example.net,Cyprus,2025-04-15,Basic,623.36
3478,Scott Owen,qherrera.3478@example.com,China,2021-05-24,Premium,16297.09
3479,Shannon Brown,jessicagreer.3479@example.com,Iraq,2024-02-16,Premium,7337.95
3480,John Martinez,kennethrodriguez.3480@example.org,Austria,2023-05-02,Standard,1338.28
3481,Jesse Perez,rodriguezstephanie.3481@example.net,France,2021-12-19,Standard,522.15
3482,Brandi Gomez,john14.3482@example.net,Haiti,2023-12-07,Basic,664.47
3483,Daniel Nelson,vhayden.3483@example.com,Saint Martin,2026-08-21,Standard,2008.82
3484,Matthew Mcdonald,zparker.3484@example.net,Niger,2020-01-07,Standard,1915.61
3485,Hannah Smith,edward28.3485@example.com,Singapore,2026-05-25,Basic,196.86
3486,Jonathan Valdez,todd94.3486@example.com,Iraq,2025-09-21,Standard,1922.1
3487,Deborah Bowman,moorerachael.3487@example.net,Singapore,2023-07-16,Basic,363.64
3488,Rachel Little,robertallen.3488@example.net,Kenya,2024-01-29,Premium,19914.84
3489,Kevin Daugherty,turnersteven.3489@example.com,North Macedonia,2022-06-20,Standard,2616.59
3490,Michelle Roman,scotttiffany.3490@example.net,Puerto Rico,2020-11-11,Standard,1672.75
3491,Laura Vang,terrimartinez.3491@example.com,Maldives,2023-10-27,Standard,2463.68
3492,Amanda Murray,victorcampbell.3492@example.net,Comoros,2025-06-16,Premium,4961.09
3493,Michael Hopkins,egarcia.3493@example.com,Armenia,2021-07-18,Standard,483.92
3494,Richard Nelson,gonzalesaustin.3494@example.com,Antigua and Barbuda,2024-10-17,Standard,1965.82
3495,Joseph Edwards,sdaniels.3495@example.net,Bolivia,2024-12-31,Standard,2235.0
3496,Holly Cochran,jmckee.3496@example.org,Dominica,2025-01-25,Basic,42.45
3497,Craig Patterson,rwallace.3497@example.org,Dominican Republic,2022-04-10,Premium,5617.34
3498,John Gibson,natasha58.3498@example.net,Burkina Faso,2022-08-15,Standard,1704.35
3499,Gregory Rodriguez,josephmiller.3499@example.org,Congo,2022-10-13,Premium,3130.7
3500,Scott Martin,jonesjake.3500@example.net,North Macedonia,2025-09-16,Basic,339.24
3501,Tammy Edwards,theresa36.3501@example.com,Rwanda,2026-01-07,Basic,385.66
3502,Victor Gonzalez,ealexander.3502@example.net,Seychelles,2022-10-08,Basic,737.45
3503,Regina Schroeder,beckrobin.3503@example.net,Jordan,2026-06-26,Basic,252.54
3504,Valerie Cooper,ann26.3504@example.org,Yemen,2023-10-25,Standard,672.27
3505,Theresa Zimmerman,uyoung.3505@example.com,South Georgia and the South Sandwich Islands,2022-07-29,Standard,221.02
3506,Todd Garcia,thomaswilliam.3506@example.net,Sudan,2020-01-02,Standard,540.5
3507,Mark Jackson,emilykrueger.3507@example.org,Tonga,2024-02-01,Basic,600.69
3508,Rachel Payne,lindamiller.3508@example.org,Sri Lanka,2024-04-23,Standard,1445.78
3509,Peter Flores,meganpatrick.3509@example.com,Estonia,2026-06-22,Standard,756.43
3510,Robert Ramirez,nicholas53.3510@example.org,Uzbekistan,2024-10-19,Basic,746.42
3511,Sarah Stein,rodriguezconnor.3511@example.net,Guam,2020-03-13,Basic,630.03
3512,Alicia Morgan,lewissandra.3512@example.org,Azerbaijan,2023-10-16,Basic,91.49
3513,Kevin Wallace,angelawong.3513@example.net,Zambia,2024-12-18,Premium,6841.23
3514,Stephanie Atkins,xpalmer.3514@example.org,Wallis and Futuna,2023-04-27,Standard,2578.44
3515,Benjamin Stanley,greenemily.3515@example.org,Ecuador,2022-11-14,Standard,2138.81
3516,Ashley Ramos,johnadams.3516@example.org,Mauritius,2025-05-31,Standard,2847.53
3517,Sherry Foster,rhondasmith.3517@example.org,French Guiana,2024-02-01,Standard,413.5
3518,Wendy Stanley,cvelez.3518@example.net,Liberia,2024-07-21,Standard,2371.15
3519,Jamie Yang,irodriguez.3519@example.org,Holy See (Vatican City State),2023-02-07,Basic,61.13
3520,Mallory Lopez,webbdestiny.3520@example.net,Bhutan,2021-11-10,Standard,1142.65
3521,Kelli Hoffman,sthomas.3521@example.net,Palestinian Territory,2023-06-21,Standard,2301.87
3522,Stephen Lambert,dakota69.3522@example.org,Iceland,2026-05-31,Basic,568.81
3523,Edwin Chapman,destiny64.3523@example.net,Belize,2024-01-11,Standard,205.93
3524,Lisa Smith,tjohnson.3524@example.net,Slovenia,2024-09-23,Standard,765.44
3525,Nicole Brewer,laura90.3525@example.net,Denmark,2020-10-30,Premium,16014.33
3526,Barbara Jones,david19.3526@example.com,Tonga,2026-08-09,Premium,4270.66
3527,Brenda Myers DVM,angelica13.3527@example.com,Kyrgyz Republic,2021-08-20,Basic,261.1
3528,Marcia Sanders,gregory53.3528@example.org,Burundi,2026-06-29,Standard,714.89
3529,Jay Moss,stephanie60.3529@example.org,Saudi Arabia,2022-12-24,Premium,4006.18
3530,Kayla Thomas,piercewilliam.3530@example.com,Tajikistan,2026-02-21,Basic,669.3
3531,Jonathan Evans,jameschaney.3531@example.net,Pitcairn Islands,2025-12-17,Standard,371.76
3532,Erin Miller,smithmichael.3532@example.org,Georgia,2025-01-18,Basic,428.84
3533,Michelle Martinez,samantha69.3533@example.org,Turkey,2026-02-15,Standard,2139.48
3534,Joshua Lopez,jessicatorres.3534@example.org,Montserrat,2024-01-28,Basic,46.07
3535,Tara Morgan,michael97.3535@example.net,Senegal,2025-09-03,Premium,13401.68
3536,Melissa Lee,fgarcia.3536@example.org,Guatemala,2021-02-24,Premium,8013.18
3537,Carl Kent,dmason.3537@example.net,Qatar,2020-06-20,Basic,666.84
3538,Robert Hodges,fsmith.3538@example.com,Norfolk Island,2023-08-19,Basic,638.13
3539,Peter Chavez,jason76.3539@example.net,Syrian Arab Republic,2025-05-31,Standard,2422.93
3540,Alexandra Ramirez,qellis.3540@example.com,Georgia,2025-02-12,Premium,9175.94
3541,Sarah Cameron,shelly97.3541@example.net,Northern Mariana Islands,2023-07-13,Standard,2503.13
3542,Dennis Moody,cwolf.3542@example.org,San Marino,2023-06-25,Basic,503.99
3543,Deborah Oneill,wcook.3543@example.com,Brazil,2024-01-29,Basic,302.95
3544,Laurie Haynes,turnerjuan.3544@example.net,Kazakhstan,2025-10-21,Standard,425.88
3545,Scott Bruce,meganweaver.3545@example.com,Central African Republic,2025-08-17,Premium,3202.74
3546,Heather Riley,mwilliams.3546@example.net,Tuvalu,2020-09-24,Standard,903.92
3547,John Kaiser,leah61.3547@example.org,Lebanon,2023-12-25,Basic,239.67
3548,Patrick Barnes,cparker.3548@example.com,Kyrgyz Republic,2022-07-19,Standard,2797.08
3549,Michael Clark,williamtyler.3549@example.org,Madagascar,2025-05-06,Standard,2999.83
3550,Jordan Frye,joseph03.3550@example.net,Hong Kong,2023-05-20,Basic,114.94
3551,Monica White,judith06.3551@example.com,Tonga,2026-08-17,Standard,2839.75
3552,Rachael Alvarez,hjones.3552@example.org,Nigeria,2022-11-21,Standard,2178.31
3553,Julie Sherman,dware.3553@example.com,Costa Rica,2024-07-16,Standard,1596.1
3554,Clinton Mcgee,othomas.3554@example.com,Senegal,2020-09-22,Standard,2873.12
3555,Jeffrey Allen,yjones.3555@example.org,Guinea-Bissau,2026-03-26,Basic,570.95
3556,Ricky Russell,andersoncarla.3556@example.org,United Arab Emirates,2021-01-09,Standard,1862.23
3557,Paula Williams,karlmartin.3557@example.org,Cambodia,2022-07-12,Standard,786.67
3558,Alexander Morales,christinahickman.3558@example.com,Russian Federation,2025-08-07,Premium,6399.99
3559,Valerie Zimmerman,davenportstephanie.3559@example.com,Pitcairn Islands,2026-06-20,Basic,729.2
3560,Jeffrey Hobbs,rossmaurice.3560@example.org,Gibraltar,2023-03-28,Premium,5870.7
3561,John Davenport,caroldavis.3561@example.net,Antigua and Barbuda,2023-03-29,Premium,2581.51
3562,Samantha Rogers,qhensley.3562@example.com,Martinique,2020-04-28,Standard,945.44
3563,Vernon Welch,vchan.3563@example.org,Serbia,2026-07-18,Standard,1545.56
3564,Kendra Smith,scottmichael.3564@example.com,Egypt,2020-02-10,Basic,305.57
3565,Robert Castillo,tortiz.3565@example.org,Tokelau,2020-03-04,Basic,748.64
3566,Alyssa White,opierce.3566@example.com,Denmark,2023-03-02,Basic,334.86
3567,Amanda Lam,garywright.3567@example.org,Nigeria,2020-01-09,Standard,2689.35
3568,Mary Fernandez,ann63.3568@example.net,Latvia,2021-02-05,Standard,1865.06
3569,Robert Jones,hmoore.3569@example.com,Spain,2024-03-12,Basic,419.3
3570,Robert Wells,lindabradley.3570@example.com,Papua New Guinea,2024-09-17,Standard,648.55
3571,Cory White,hcollins.3571@example.com,Moldova,2021-12-29,Basic,216.83
3572,Cassandra Freeman,ruizandrew.3572@example.org,Guadeloupe,2025-04-26,Standard,2628.07
3573,Michael Goodwin,hernandezandrew.3573@example.net,Belize,2024-01-24,Standard,2383.88
3574,Donald Jimenez,xward.3574@example.com,Burundi,2021-07-11,Standard,1452.79
3575,Shannon Flores,brownpamela.3575@example.com,Saint Vincent and the Grenadines,2024-10-05,Standard,2745.26
3576,Laura King,chanmichael.3576@example.com,Chile,2023-12-17,Premium,16745.22
3577,Dr. Glenn Moss,halljennifer.3577@example.org,Venezuela,2025-06-06,Standard,513.84
3578,Katherine Barrera,jamesberry.3578@example.com,Portugal,2021-01-12,Premium,12906.75
3579,Robert Lin,raymondmann.3579@example.org,Grenada,2021-07-17,Standard,2436.76
3580,John Adams,jlevine.3580@example.org,Panama,2022-01-11,Basic,646.68
3581,Brendan Williams,vincent19.3581@example.net,Botswana,2022-04-13,Standard,455.76
3582,Luis Bell,ecrawford.3582@example.net,Montserrat,2025-12-10,Basic,179.69
3583,Michelle Martinez,brandonallison.3583@example.org,Denmark,2024-11-23,Standard,1356.51
3584,Laura Rosales,taracole.3584@example.org,Saudi Arabia,2023-08-21,Premium,6529.36
3585,Ashley Nichols,grichards.3585@example.org,Wallis and Futuna,2023-08-12,Premium,3960.89
3586,Rebekah Brewer,robin11.3586@example.com,Belize,2025-12-03,Basic,503.04
3587,Julia Dominguez,carolyn07.3587@example.com,Bouvet Island (Bouvetoya),2022-12-27,Standard,1620.93
3588,Lauren Moore,robin48.3588@example.com,Bulgaria,2021-07-04,Basic,123.99
3589,Cassandra Delgado,carolyn88.3589@example.org,Zambia,2020-11-30,Standard,1841.87
3590,Richard Castillo,pluna.3590@example.net,Turkmenistan,2022-03-16,Basic,49.61
3591,Shannon Dean,kenneth43.3591@example.net,Kyrgyz Republic,2024-05-14,Basic,306.43
3592,George Sullivan,ymartin.3592@example.com,Rwanda,2023-02-24,Basic,634.01
3593,Laura Hines,jeffrey80.3593@example.org,Czech Republic,2022-10-26,Premium,18020.89
3594,Kevin Barnes,sarah04.3594@example.org,Australia,2023-03-18,Basic,196.19
3595,Jennifer Gomez,leashley.3595@example.org,Denmark,2026-07-08,Standard,2606.62
3596,Michael Novak,sperry.3596@example.org,Syrian Arab Republic,2026-09-02,Basic,713.41
3597,Connie Casey,davidgreen.3597@example.org,Djibouti,2021-01-28,Standard,1899.27
3598,Lori Brown,larsonchristopher.3598@example.com,Bolivia,2020-10-06,Standard,2950.1
3599,Joe Weiss,eddie31.3599@example.net,Indonesia,2021-08-19,Standard,889.29
3600,Wayne Smith,rhonda47.3600@example.com,Algeria,2025-09-11,Basic,55.18
3601,Claudia Rivera,boyddavid.3601@example.net,Marshall Islands,2023-01-27,Standard,2561.64
3602,Marcia Flowers,shane42.3602@example.org,Senegal,2025-10-10,Standard,1574.61
3603,Angela Gomez,christina67.3603@example.com,Tokelau,2024-04-28,Standard,1170.07
3604,Julie Chan,clarkegabriel.3604@example.org,Iraq,2023-09-12,Basic,44.19
3605,Laura Warner,alex32.3605@example.net,North Macedonia,2021-11-18,Standard,380.95
3606,Ryan Collins,reynoldsmegan.3606@example.com,Cameroon,2022-04-20,Standard,454.01
3607,Emily Hopkins,pgordon.3607@example.net,Austria,2020-12-26,Standard,714.2
3608,Linda Ramsey,gregory31.3608@example.com,San Marino,2023-06-21,Standard,2917.12
3609,Debra Duncan,navarroscott.3609@example.com,Nigeria,2021-11-15,Standard,987.93
3610,Alec Flores,kevinhall.3610@example.net,Croatia,2021-12-15,Basic,653.64
3611,Kristin Walker,kyliebarker.3611@example.org,Korea,2020-04-06,Basic,15.53
3612,Daniel Smith,johnyates.3612@example.net,Liberia,2025-05-05,Standard,1101.08
3613,Christopher Hall,joshuawright.3613@example.net,Georgia,2026-04-12,Premium,18311.46
3614,Alison Hudson,bruceelijah.3614@example.com,Holy See (Vatican City State),2023-05-01,Standard,718.11
3615,Gregory Nguyen,jenniferellis.3615@example.org,Barbados,2023-08-01,Premium,7112.42
3616,Robert Freeman,pwilliams.3616@example.org,Benin,2026-03-10,Standard,2514.24
3617,Kevin Burch,stacey58.3617@example.com,North Macedonia,2023-06-03,Basic,97.11
3618,Megan Shah,hilledwin.3618@example.net,India,2024-02-29,Standard,348.91
3619,Jaime Miller,,Gibraltar,2022-11-11,Standard,2904.73
3620,Angela Davis,williamhess.3620@example.com,Egypt,2023-06-09,Basic,323.83
3621,Lisa King,rebecca53.3621@example.net,Serbia,2023-06-28,Standard,2042.04
3622,Jonathan Avila,jensennancy.3622@example.org,Guinea-Bissau,2024-10-02,Premium,4288.09
3623,Carrie Robertson,zavery.3623@example.com,Pakistan,2024-01-15,Premium,5963.19
3624,Jessica Mcgee,tinaortiz.3624@example.org,Burkina Faso,2023-05-15,Standard,1487.95
3625,Travis Reynolds,powersmonique.3625@example.net,Germany,2020-07-04,Basic,540.12
3626,Benjamin Williams,albertmaxwell.3626@example.com,Cape Verde,2026-01-17,Basic,234.6
3627,Heather Pearson,edwardsanna.3627@example.com,Nepal,2025-12-09,Standard,2676.97
3628,Daniel Brandt,emurray.3628@example.com,Anguilla,2021-03-26,Standard,2387.2
3629,Thomas Hubbard,mcgeebrittany.3629@example.org,Israel,2021-12-17,Standard,1744.36
3630,Ronald Warren,atkinsonjessica.3630@example.net,Moldova,2026-07-04,Premium,10265.8
3631,Stephanie Douglas,medinajamie.3631@example.com,Hungary,2022-02-23,Standard,1934.72
3632,Joseph Gomez,angelawilson.3632@example.net,Marshall Islands,2025-06-06,Standard,2248.66
3633,Mary Reyes,sarah90.3633@example.com,Iran,2025-04-02,Premium,4429.11
3634,Travis Klein,omarthompson.3634@example.org,Cayman Islands,2025-10-02,Basic,682.11
3635,Terri Roberts,ramseytonya.3635@example.org,Cape Verde,2020-02-09,Basic,391.52
3636,Jose Acosta,stephenbell.3636@example.com,Rwanda,2023-03-25,Standard,2818.96
3637,Tiffany Meyer,chungjeffrey.3637@example.com,Netherlands Antilles,2023-10-12,Standard,2875.52
3638,Christine Murray,dakota45.3638@example.com,Belgium,2025-08-06,Standard,286.01
3639,Jamie Robertson,paul49.3639@example.org,Israel,2021-07-02,Premium,8920.66
3640,Stephanie Miller,jwatson.3640@example.com,Gabon,2022-01-19,Premium,11472.02
3641,Christine Torres,ryan59.3641@example.com,Vanuatu,2021-03-15,Standard,1710.87
3642,Kevin Thomas,gordonsabrina.3642@example.net,Saint Helena,2025-02-03,Basic,657.91
3643,Peter Lewis,taylorallison.3643@example.com,Sierra Leone,2026-09-05,Standard,595.09
3644,Curtis Gray,ewarner.3644@example.org,Portugal,2020-12-08,Standard,1942.95
3645,Ashley Campbell,yrodriguez.3645@example.org,Liberia,2021-07-23,Standard,2839.27
3646,Brenda Brooks,alexandergarcia.3646@example.com,Svalbard & Jan Mayen Islands,2022-01-19,Standard,2990.74
3647,Willie Hunter,matthew00.3647@example.com,Samoa,2025-12-11,Premium,2181.54
3648,Laura Crawford,wadebrenda.3648@example.net,Norfolk Island,2022-12-24,Standard,2923.19
3649,James Myers,gyoung.3649@example.com,American Samoa,2021-11-19,Basic,97.77
3650,Patricia Brown,laureningram.3650@example.org,Antarctica (the territory South of 60 deg S),2022-02-26,Basic,429.56
3651,Timothy Odom,carterlawrence.3651@example.net,Liechtenstein,2023-12-31,Basic,197.1
3652,William Gutierrez,daniel99.3652@example.net,Iceland,2022-08-03,Premium,12915.04
3653,Joseph Lindsey,williamcrawford.3653@example.org,Cayman Islands,2020-12-08,Standard,303.67
3654,Amy Martin,matthewchavez.3654@example.com,Egypt,2025-06-25,Standard,867.33
3655,James Mcdonald,andersonpeggy.3655@example.com,Timor-Leste,2022-10-28,Standard,1041.61
3656,Nancy Mckenzie,lopezchristian.3656@example.com,Bosnia and Herzegovina,2021-09-18,Standard,2763.7
3657,Jason Reynolds,kelseyhunter.3657@example.org,Russian Federation,2024-11-13,Basic,466.9
3658,Juan Wise MD,hornjeff.3658@example.org,Nicaragua,2024-12-24,Standard,2182.99
3659,Gabriel Wells,silvapatrick.3659@example.org,New Zealand,2021-01-13,Standard,2092.84
3660,Charles Lloyd,maria44.3660@example.com,Eritrea,2020-06-29,Standard,1298.41
3661,Benjamin Oneill,johnstephens.3661@example.com,Dominica,2020-04-20,Standard,239.26
3662,Benjamin Houston,xjones.3662@example.org,Bouvet Island (Bouvetoya),2025-02-12,Premium,3926.37
3663,Robin Mora,dominguezomar.3663@example.com,Solomon Islands,2024-03-08,Premium,10258.55
3664,James Johnson,munozjohn.3664@example.net,Korea,2025-04-18,Standard,2835.63
3665,Brian Carpenter,marksashley.3665@example.net,South Georgia and the South Sandwich Islands,2024-03-09,Standard,896.52
3666,Megan Thomas,jessicaboone.3666@example.com,Gabon,2022-09-07,Basic,558.65
3667,Donna Novak,jortiz.3667@example.net,Cyprus,2023-12-10,Standard,2514.47
3668,Ashley Hodge,christian13.3668@example.org,Timor-Leste,2024-10-30,Premium,18322.14
3669,Melissa Hall,collinsstacy.3669@example.com,Germany,2022-08-31,Premium,7282.76
3670,Jerry Shaw,wallacebrenda.3670@example.org,Israel,2026-02-12,Basic,745.03
3671,Stephanie Chavez,armstrongjoshua.3671@example.org,French Polynesia,2026-01-05,Premium,12943.68
3672,Dennis Aguirre,erose.3672@example.org,Serbia,2025-05-09,Premium,11151.32
3673,Brittany Murphy,enelson.3673@example.org,Latvia,2026-08-20,Standard,2379.5
3674,Scott Pineda,krystal74.3674@example.org,Estonia,2022-08-11,Standard,868.4
3675,Larry Hall,christine99.3675@example.net,New Caledonia,2020-10-05,Standard,2475.22
3676,Cody Mccoy,ericksonphillip.3676@example.net,French Southern Territories,2023-03-28,Standard,2019.9
3677,Peter Hayes,smithpaul.3677@example.org,Djibouti,2024-12-26,Premium,16388.59
3678,Travis Allen DDS,warnerangela.3678@example.com,Argentina,2025-03-18,Basic,684.58
3679,Elizabeth Buchanan,johnsonamanda.3679@example.com,Chad,2022-08-06,Standard,1928.57
3680,Douglas Roberts,jeremiah06.3680@example.com,Mali,2021-12-15,Standard,302.86
3681,Mark Silva,tmarshall.3681@example.net,Maldives,2022-12-23,Premium,7359.46
3682,Matthew Sullivan,william81.3682@example.com,Botswana,2025-05-17,Standard,2658.46
3683,April Jones,mcneilsandra.3683@example.com,Libyan Arab Jamahiriya,2020-05-27,Standard,1955.48
3684,Rhonda Cabrera,desireeedwards.3684@example.com,Vietnam,2022-03-12,Standard,2692.16
3685,Kenneth Blake,wallacedakota.3685@example.org,Syrian Arab Republic,2021-07-15,Standard,1276.68
3686,Brandon Mitchell,haneyjoshua.3686@example.org,Benin,2025-05-22,Basic,403.78
3687,David Wade,matthew96.3687@example.com,Maldives,2023-02-20,Standard,2615.26
3688,Crystal Duke,elizabeth65.3688@example.com,Lesotho,2020-07-30,Basic,609.63
3689,Aaron Zuniga,cardenasjessica.3689@example.com,Azerbaijan,2021-10-01,Basic,302.0
3690,Jared Bailey,christina99.3690@example.org,Saint Helena,2020-04-18,Standard,263.36
3691,Ronald Young,vrobbins.3691@example.net,Korea,2023-03-07,Standard,2664.95
3692,Brittney Hunter,suzannebooth.3692@example.com,Saint Barthelemy,2026-09-02,Standard,2401.8
3693,Samantha Singleton,sarahgonzalez.3693@example.net,Honduras,2023-10-17,Basic,359.33
3694,Mary Hughes,tara39.3694@example.org,Korea,2025-10-24,Standard,1729.47
3695,Curtis Martinez,greenchristian.3695@example.org,Serbia,2024-12-18,Standard,772.07
3696,Jessica Diaz,ylowery.3696@example.com,Monaco,2025-11-25,Premium,9417.82
3697,Calvin Gilmore,woodsjeremy.3697@example.com,British Virgin Islands,2022-01-29,Basic,130.56
3698,Laurie Salazar,btaylor.3698@example.com,Vietnam,2026-05-12,Premium,5790.25
3699,Kevin Benson,karen64.3699@example.com,Kiribati,2021-08-05,Premium,17234.65
3700,Heather Smith,garciakenneth.3700@example.net,Tunisia,2022-12-06,Standard,1214.92
3701,Michael Hendrix,carolyoung.3701@example.net,Saint Kitts and Nevis,2024-07-21,Standard,2481.23
3702,Heidi Martinez,vsanders.3702@example.net,Syrian Arab Republic,2021-12-01,Basic,379.12
3703,Anthony Williams,murphychristine.3703@example.org,Belgium,2021-10-07,Basic,56.62
3704,Jessica Perry,contreraskara.3704@example.org,Tanzania,2020-11-13,Premium,8507.49
3705,Nicole Sims,qlee.3705@example.com,Belgium,2020-01-11,Standard,643.17
3706,Patrick Hunt,staceyfoley.3706@example.org,Palau,2023-05-08,Basic,554.86
3707,Lori Duran,alyssaturner.3707@example.com,Poland,2026-08-06,Standard,2751.9
3708,Angel Baker,mwoods.3708@example.net,Estonia,2021-06-21,Premium,15735.36
3709,Danielle Braun,snyderpamela.3709@example.com,Togo,2022-12-10,Standard,2379.63
3710,William Barton,tara61.3710@example.net,Marshall Islands,2026-04-03,Standard,2613.23
3711,Kelsey Riggs,natashasmith.3711@example.org,Swaziland,2025-02-28,Basic,621.33
3712,Vanessa Walker,david61.3712@example.net,Antarctica (the territory South of 60 deg S),2020-01-10,Standard,1792.01
3713,Jessica Allen,jakegreen.3713@example.org,Madagascar,2023-05-07,Premium,14856.97
3714,Ryan Hamilton,logangarrett.3714@example.net,American Samoa,2020-12-15,Basic,332.76
3715,Kenneth Perez,dylanharrington.3715@example.net,Christmas Island,2021-08-26,Standard,398.21
3716,Renee Buck,donald82.3716@example.net,China,2021-08-24,Basic,564.46
3717,Lisa Weber,pbarron.3717@example.com,Gibraltar,2024-02-04,Standard,2220.65
3718,David Turner,sharonedwards.3718@example.net,Mali,2021-04-30,Premium,6027.01
3719,Jessica Rodriguez,kathleen36.3719@example.net,Turks and Caicos Islands,2021-09-07,Standard,2871.04
3720,Jeffery Johnson,joneskrista.3720@example.org,Russian Federation,2021-07-05,Standard,347.03
3721,Emily Bailey,floresvictor.3721@example.org,Peru,2022-05-21,Standard,2260.69
3722,Penny Schmidt,wiserenee.3722@example.net,Vanuatu,2024-05-21,Standard,2911.74
3723,Alexis Blair,jacksonmichael.3723@example.org,Zimbabwe,2022-09-03,Basic,247.32
3724,Christopher Ramsey,dmckay.3724@example.org,Indonesia,2022-03-10,Basic,729.97
3725,Jordan Jones,nhardy.3725@example.org,South Africa,2023-06-17,Standard,2514.02
3726,Laura Burns,thompsonluis.3726@example.net,Sierra Leone,2024-02-10,Premium,15393.97
3727,Ronald Davila,jennifercordova.3727@example.net,Timor-Leste,2020-02-07,Standard,2870.62
3728,Dawn Hayes,kathryn19.3728@example.net,Pitcairn Islands,2025-12-14,Standard,2031.36
3729,Tracey Bryant MD,jonestimothy.3729@example.org,Marshall Islands,2026-02-15,Premium,10907.85
3730,Julie Jordan,whernandez.3730@example.com,Bosnia and Herzegovina,2024-01-11,Basic,540.54
3731,Christine Johnson,michaelpeters.3731@example.net,American Samoa,2023-11-04,Basic,329.46
3732,Katie Thomas,wardstephanie.3732@example.org,Chad,2024-08-23,Premium,7847.97
3733,Tyrone Roberson,virginia82.3733@example.net,Chile,2022-12-12,Basic,65.8
3734,Christina Jackson,williamsthomas.3734@example.net,Kazakhstan,2022-06-11,Standard,1258.42
3735,Brittany Smith,jenniferjarvis.3735@example.com,Burkina Faso,2022-05-11,Standard,2448.95
3736,Brenda Harrison,brownshane.3736@example.org,Switzerland,2021-01-25,Standard,2847.22
3737,Jessica Barron,kimjennifer.3737@example.com,Norfolk Island,2025-08-16,Premium,19552.73
3738,Erin Rivera,knguyen.3738@example.net,Poland,2022-02-21,Premium,5717.47
3739,Brian Torres,smithmichael.3739@example.org,Mauritania,2021-11-25,Basic,457.15
3740,Anthony Clark,jennifer26.3740@example.org,Algeria,2026-06-12,Standard,1812.09
3741,Patrick Rice,ptaylor.3741@example.com,Afghanistan,2023-05-22,Standard,692.93
3742,Zachary Rivera,elizabethvega.3742@example.net,Costa Rica,2024-02-27,Standard,1828.56
3743,Kristina Lin,hooperkatrina.3743@example.org,Bouvet Island (Bouvetoya),2021-08-22,Basic,290.21
3744,Steven Simmons,ofletcher.3744@example.org,Hungary,2021-11-08,Standard,2838.74
3745,Scott King,tacosta.3745@example.org,Fiji,2024-11-13,Basic,204.16
3746,Dennis Marshall,caleb06.3746@example.org,Antarctica (the territory South of 60 deg S),2023-01-06,Basic,667.97
3747,Nicholas Davis,kelly58.3747@example.org,Ireland,2020-12-26,Standard,2711.2
3748,Carl Davis,douglas62.3748@example.net,Guinea-Bissau,2025-08-02,Standard,2260.44
3749,Jennifer Berry,stewartandrew.3749@example.net,Romania,2022-09-10,Standard,801.1
3750,Russell Erickson,ugarcia.3750@example.org,Holy See (Vatican City State),2024-06-20,Basic,208.3
3751,Veronica Walls,helenhorton.3751@example.org,Greece,2022-04-13,Standard,2919.13
3752,Gregory Nelson,traceywong.3752@example.net,Azerbaijan,2023-10-01,Premium,3364.92
3753,Megan Larson,tyler62.3753@example.com,Aruba,2025-03-09,Premium,4107.55
3754,Emma Jennings,millerrobin.3754@example.org,Syrian Arab Republic,2025-12-01,Standard,2940.0
3755,Jennifer Walker,stevenpadilla.3755@example.net,Kenya,2021-05-21,Basic,621.52
3756,Victor Lang,amanda03.3756@example.org,Martinique,2024-06-30,Basic,597.11
3757,Jessica Lloyd,mannbrittany.3757@example.org,Thailand,2026-02-11,Standard,648.58
3758,Connie Bernard MD,margaret22.3758@example.net,Puerto Rico,2024-04-18,Premium,10800.9
3759,Noah Gomez,donna59.3759@example.org,Ireland,2020-12-15,Premium,17133.73
3760,Sarah Rodriguez,fmorris.3760@example.net,Comoros,2021-04-08,Basic,263.1
3761,Michael Blake,zmayo.3761@example.net,Lao People's Democratic Republic,2021-05-10,Standard,739.74
3762,Sean Garcia,cmata.3762@example.com,Iceland,2020-09-16,Basic,8.76
3763,Laura Buck,dunntiffany.3763@example.com,Argentina,2025-01-14,Premium,13205.76
3764,Ricardo Harris,humphreydonna.3764@example.org,Russian Federation,2026-06-14,Standard,1022.67
3765,Jeffrey Goodman,gbrown.3765@example.org,Bulgaria,2023-06-16,Basic,690.94
3766,Steven Yang,adrianmcneil.3766@example.com,San Marino,2024-01-02,Premium,7103.33
3767,Stephen Singleton,jessicaarmstrong.3767@example.net,Brunei Darussalam,2025-03-04,Premium,4728.36
3768,Anthony Logan,vgarcia.3768@example.net,Thailand,2022-10-12,Standard,2889.25
3769,Kelly Gomez,jasonrhodes.3769@example.net,Switzerland,2023-02-27,Standard,2901.38
3770,Kayla Hunt,williamgross.3770@example.net,Bosnia and Herzegovina,2023-12-09,Basic,548.02
3771,Amber Blankenship,kimberly97.3771@example.com,Montenegro,2022-01-13,Basic,742.71
3772,Lisa Baird,newmanthomas.3772@example.com,Thailand,2020-05-30,Basic,129.47
3773,Mary Kane,kimberly57.3773@example.net,Georgia,2023-10-18,Premium,10286.14
3774,Sandra Manning,daniel07.3774@example.com,Burkina Faso,2025-06-30,Standard,771.64
3775,Elizabeth Hayes,vbowman.3775@example.com,Guinea,2020-06-27,Basic,383.03
3776,Glen Pearson,norrisanthony.3776@example.net,Malaysia,2021-06-13,Standard,2415.3
3777,Shannon Yang,samanthablack.3777@example.net,Kyrgyz Republic,2021-10-04,Basic,675.94
3778,Courtney Powers,ucox.3778@example.com,Greenland,2025-05-18,Standard,211.66
3779,John Parker,zwade.3779@example.net,Swaziland,2023-05-17,Premium,9011.06
3780,Melissa Brown,vickiebyrd.3780@example.com,Kenya,2023-07-28,Standard,2983.39
3781,Anna Morse,drakemary.3781@example.com,Northern Mariana Islands,2024-04-24,Standard,1850.08
3782,Jordan Robinson,lesliejohnson.3782@example.net,Myanmar,2021-11-06,Premium,7331.53
3783,Diane Young,edgargonzalez.3783@example.net,Comoros,2024-10-08,Standard,1289.18
3784,Julian Fleming,mperkins.3784@example.com,Aruba,2020-03-14,Basic,258.05
3785,Melinda Long,jeffreyhubbard.3785@example.org,Congo,2020-10-04,Premium,10056.77
3786,Rhonda Mitchell,stephenedwards.3786@example.net,Korea,2025-06-15,Standard,1444.56
3787,Carl Adams,josevaughn.3787@example.org,Libyan Arab Jamahiriya,2024-05-26,Standard,1619.22
3788,Lauren Page,carterlaura.3788@example.com,Germany,2021-03-06,Basic,371.6
3789,Jason Ruiz,melvin70.3789@example.org,Barbados,2022-12-07,Standard,1645.12
3790,Rebecca Lloyd,robertparker.3790@example.com,Bouvet Island (Bouvetoya),2020-05-06,Basic,22.39
3791,Tina Hernandez,danielelliott.3791@example.net,Philippines,2024-06-28,Basic,43.54
3792,Ashley Moore,cameronmark.3792@example.com,Trinidad and Tobago,2025-01-19,Standard,1239.2
3793,Mackenzie Diaz,rebeccaweaver.3793@example.org,French Polynesia,2021-11-10,Premium,17928.95
3794,David Wood,robert53.3794@example.net,Sudan,2022-05-04,Basic,632.67
3795,Gary Smith,beverly02.3795@example.com,Luxembourg,2021-08-01,Standard,508.43
3796,Ricky Hall,mtate.3796@example.net,Burundi,2022-08-08,Basic,395.86
3797,Amy Gregory,mortiz.3797@example.net,Isle of Man,2021-10-26,Standard,1892.84
3798,Jennifer Bennett,johnsongregory.3798@example.net,Panama,2021-08-26,Standard,1547.33
3799,Travis White,stacycoleman.3799@example.net,Bahamas,2022-11-16,Standard,2153.19
3800,Brian Mejia,vbrooks.3800@example.net,Argentina,2025-09-29,Standard,2992.34
3801,Andrea Peterson,dschneider.3801@example.org,Botswana,2025-02-05,Basic,77.18
3802,Logan Bryant,benjaminclark.3802@example.org,Netherlands Antilles,2021-12-27,Standard,1643.5
3803,Benjamin Banks,hshannon.3803@example.com,Poland,2026-04-21,Basic,409.9
3804,Sarah Jones,karimeyers.3804@example.net,Nepal,2021-05-28,Premium,12122.82
3805,Ashley Horn,beckygray.3805@example.net,Czech Republic,2026-02-02,Basic,133.57
3806,Anthony Hansen,castilloerik.3806@example.com,Turks and Caicos Islands,2022-01-25,Basic,510.69
3807,Catherine Chan,williampearson.3807@example.com,Germany,2023-08-12,Standard,324.15
3808,Stacy Mccormick,christine57.3808@example.net,Uganda,2021-05-11,Premium,15340.22
3809,Kelly Steele,bryanlee.3809@example.org,Samoa,2025-02-03,Basic,530.53
3810,Kenneth Brown,choitina.3810@example.org,French Guiana,2022-02-14,Basic,264.34
3811,Brenda Ibarra,robert65.3811@example.net,Liechtenstein,2025-10-31,Standard,2969.17
3812,Samantha Lucas,ksmith.3812@example.com,Turks and Caicos Islands,2020-07-21,Standard,2520.58
3813,Daniel Pierce,scott45.3813@example.org,Puerto Rico,2023-05-10,Basic,431.63
3814,Aaron Terry,taylor88.3814@example.com,New Caledonia,2021-01-22,Premium,19829.19
3815,Amy Hamilton,robert77.3815@example.com,Cambodia,2025-12-10,Standard,2524.25
3816,James Brown,jashley.3816@example.net,Netherlands Antilles,2022-10-15,Standard,586.34
3817,Andrea Schneider,williamzhang.3817@example.com,Honduras,2024-07-05,Premium,12639.09
3818,Johnathan Brewer,david00.3818@example.com,Western Sahara,2025-11-17,Basic,464.69
3819,Kimberly Smith,yjohnson.3819@example.net,Cook Islands,2023-08-01,Standard,2028.25
3820,Zachary Montes,vaughntamara.3820@example.com,Morocco,2020-05-19,Basic,752.61
3821,Stephanie Beard,cynthia27.3821@example.net,Senegal,2021-06-23,Standard,1577.69
3822,Debra Roberson,dennis53.3822@example.com,Somalia,2021-06-03,Standard,416.67
3823,Deborah Smith,millercassandra.3823@example.net,Kazakhstan,2026-02-10,Standard,1542.13
3824,Penny Jennings,galvandavid.3824@example.org,Libyan Arab Jamahiriya,2026-01-27,Standard,2405.82
3825,Misty Brown,richardsonbenjamin.3825@example.com,Sweden,2023-03-10,Basic,286.89
3826,Lauren Dennis,brian33.3826@example.com,Nepal,2025-12-13,Standard,275.89
3827,Jennifer Santiago,jchavez.3827@example.net,Greece,2021-08-23,Basic,242.59
3828,Amber Harrison,davissara.3828@example.net,Suriname,2024-07-17,Standard,2110.02
3829,Alexandra Williams,crawfordjillian.3829@example.org,Guernsey,2022-08-15,Standard,440.83
3830,Casey Miller,annette23.3830@example.net,Peru,2021-08-10,Premium,8767.37
3831,Rachel Kennedy,christineblackwell.3831@example.com,Oman,2021-09-02,Basic,106.5
3832,Felicia Hall,pcraig.3832@example.net,Netherlands Antilles,2022-10-22,Standard,1532.6
3833,Dawn Wolf,vmorris.3833@example.com,Guatemala,2022-04-09,Standard,596.24
3834,Deanna Wong,patrickgregory.3834@example.net,Azerbaijan,2021-05-30,Standard,505.3
3835,Christine Carter,christopher41.3835@example.com,Wallis and Futuna,2022-03-26,Standard,2153.84
3836,Victoria Saunders,christopher33.3836@example.com,Trinidad and Tobago,2020-11-10,Standard,642.4
3837,Patricia Mcdaniel,yclarke.3837@example.com,Kiribati,2026-06-25,Standard,633.43
3838,Pamela Smith,vferguson.3838@example.net,Marshall Islands,2022-07-16,Basic,474.02
3839,Amber Cox,matthew17.3839@example.com,French Southern Territories,2020-09-19,Premium,2784.69
3840,Logan Robertson,fblack.3840@example.com,Croatia,2023-11-07,Standard,292.38
3841,Henry Scott,wesley24.3841@example.net,Greenland,2025-11-26,Premium,9766.03
3842,David Hubbard,cunninghambecky.3842@example.com,Ghana,2022-05-28,Basic,292.08
3843,Bruce Holt,terridoyle.3843@example.org,Azerbaijan,2025-08-26,Standard,1724.93
3844,Jeff Hunt,lauren18.3844@example.com,Micronesia,2024-01-31,Standard,2981.76
3845,Kenneth Wilson,candace21.3845@example.org,Papua New Guinea,2024-12-10,Basic,347.77
3846,Marilyn Steele,brianhopkins.3846@example.net,Thailand,2021-12-24,Standard,1812.96
3847,Scott Baker,richbill.3847@example.org,Guatemala,2020-03-31,Standard,2773.88
3848,Gary Payne,ibates.3848@example.org,Central African Republic,2022-04-24,Standard,1552.9
3849,Brenda Brown,jmorse.3849@example.org,Senegal,2026-03-07,Premium,16060.17
3850,Jillian Hughes,thomas49.3850@example.net,French Polynesia,2025-04-14,Basic,438.92
3851,Mr. David Wells,brandywalls.3851@example.org,South Africa,2025-03-29,Basic,509.77
3852,George Williams,christopherjordan.3852@example.com,Faroe Islands,2025-11-14,Basic,746.0
3853,Tommy Patterson,lauren92.3853@example.com,Uruguay,2022-06-30,Basic,0.56
3854,John Carter,ilawrence.3854@example.net,Greenland,2022-02-25,Basic,720.75
3855,Brian Bishop,nicole41.3855@example.org,Burkina Faso,2026-03-09,Standard,1593.54
3856,Tonya Graham,robertzamora.3856@example.org,Qatar,2023-10-27,Premium,12921.76
3857,Danielle Huang,ecook.3857@example.net,Maldives,2021-12-28,Standard,1460.16
3858,Edward Munoz,rodriguezmary.3858@example.net,Jamaica,2021-11-10,Basic,208.73
3859,Jennifer Thornton,richard15.3859@example.com,Reunion,2025-11-12,Basic,52.81
3860,Jason Austin,mindybrown.3860@example.com,Maldives,2020-05-10,Basic,756.1
3861,Carlos Anderson,delacruztammy.3861@example.org,North Macedonia,2020-05-30,Standard,1946.85
3862,Casey Dyer,john03.3862@example.com,Pakistan,2024-12-06,Premium,17722.47
3863,Diane Bryant,ajones.3863@example.net,Tunisia,2020-01-04,Basic,232.65
3864,Christine Hale,robert11.3864@example.org,Liechtenstein,2021-02-21,Premium,7003.98
3865,Jennifer Flores,angelafreeman.3865@example.org,Turkmenistan,2026-08-16,Standard,1140.2
3866,David Hamilton,michael85.3866@example.net,Russian Federation,2022-11-05,Standard,846.91
3867,Melanie Thompson,christopher02.3867@example.net,Burundi,2024-11-11,Standard,1594.32
3868,Jane Silva,hurleyrobin.3868@example.net,United States Minor Outlying Islands,2023-04-04,Standard,2821.48
3869,Michelle Fox,mary94.3869@example.com,Georgia,2020-08-09,Basic,700.85
3870,Wanda Cole,,Argentina,2021-03-26,Basic,396.08
3871,Michael Olsen,eric31.3871@example.net,Mauritius,2025-02-01,Standard,1176.53
3872,Christopher Smith,udavis.3872@example.org,Trinidad and Tobago,2020-08-18,Standard,1912.73
3873,Beth Ramos,hduffy.3873@example.com,Tunisia,2023-12-23,Basic,489.81
3874,Michaela Strickland,igardner.3874@example.com,Colombia,2022-04-29,Standard,2114.54
3875,Allen Sanchez,dthomas.3875@example.net,Albania,2022-06-23,Standard,1699.68
3876,Bobby Paul,ocole.3876@example.com,Ireland,2026-05-14,Standard,274.91
3877,Mark Li,elizabethperez.3877@example.org,Saudi Arabia,2024-01-19,Standard,412.93
3878,Matthew Trevino,timothy56.3878@example.org,Thailand,2024-02-11,Premium,19527.95
3879,Gary Morgan,tporter.3879@example.org,Guinea-Bissau,2022-05-05,Basic,596.99
3880,Mark Bryan,irobinson.3880@example.com,Chile,2022-07-20,Standard,2855.09
3881,Rachel Williams,lisa70.3881@example.com,Saint Lucia,2024-08-01,Premium,8111.46
3882,Molly Graves,markmorgan.3882@example.com,Czech Republic,2020-04-05,Standard,1697.86
3883,Brian Perry,dstafford.3883@example.net,Moldova,2021-08-02,Basic,257.56
3884,Donna Booth,wardbrandy.3884@example.net,Kuwait,2024-01-05,Standard,2745.02
3885,Adam Maynard,allisonskinner.3885@example.com,Fiji,2024-03-02,Standard,1005.65
3886,Cody White,julie67.3886@example.net,Thailand,2020-08-13,Premium,14488.6
3887,Heather Marshall,hannafrank.3887@example.net,Portugal,2025-04-07,Basic,140.04
3888,Cynthia Mendez,qjohnson.3888@example.com,Wallis and Futuna,2023-08-17,Basic,84.2
3889,Andres Gutierrez,brandi94.3889@example.org,North Macedonia,2021-08-03,Standard,635.78
3890,Scott Sanchez,jamie12.3890@example.net,Malawi,2025-01-10,Standard,1682.47
3891,Dr. James Stephens II,bensonjohn.3891@example.net,Jamaica,2026-08-16,Standard,2564.71
3892,Michael Potts,florespam.3892@example.org,Haiti,2022-10-31,Basic,799.42
3893,Jimmy Anderson,jamieramirez.3893@example.org,Palau,2021-11-23,Basic,498.15
3894,Fernando James,ghenry.3894@example.com,New Caledonia,2022-01-01,Basic,426.88
3895,Lauren Hurst,xkeller.3895@example.com,Guinea,2023-12-18,Standard,2403.27
3896,Vanessa Johnson,vpeterson.3896@example.net,Guam,2020-04-25,Standard,378.48
3897,Lynn Ramos,peggy36.3897@example.org,French Southern Territories,2023-03-26,Standard,2466.31
3898,Gregory Martin,nancy41.3898@example.net,Germany,2020-03-01,Basic,606.7
3899,Timothy Dunlap,jocelynbates.3899@example.com,Uganda,2020-04-04,Standard,1682.72
3900,Shane Bishop,kimberlyjones.3900@example.net,Russian Federation,2022-11-16,Standard,264.36
3901,Michael Flores Jr.,christophercollier.3901@example.com,Costa Rica,2024-12-25,Basic,161.76
3902,Pamela Keith,clarkeelizabeth.3902@example.com,Kyrgyz Republic,2025-11-27,Standard,1235.2
3903,Trevor Lopez,anthonycross.3903@example.net,Saint Lucia,2020-08-02,Basic,752.98
3904,Rachel Rojas,felicia32.3904@example.net,Finland,2021-08-19,Premium,13492.8
3905,Mrs. Donna Houston PhD,alec29.3905@example.org,Morocco,2022-10-26,Standard,1628.26
3906,Ronald Martin,christopher18.3906@example.org,Lesotho,2023-11-02,Standard,1567.59
3907,Karen Gentry,brandy00.3907@example.com,Benin,2026-08-07,Standard,2383.93
3908,Jason Miller,laurenrios.3908@example.org,United Arab Emirates,2024-07-29,Basic,258.9
3909,Natalie Blair,blevinskimberly.3909@example.org,Djibouti,2023-08-07,Standard,464.67
3910,Kyle Jennings,laurie57.3910@example.org,Jersey,2020-05-28,Standard,2095.72
3911,Johnny Roberts,patriciapatterson.3911@example.com,Brunei Darussalam,2020-07-16,Premium,7922.29
3912,Sonya Zimmerman,tateedward.3912@example.org,Macao,2021-01-08,Basic,260.47
3913,Elizabeth Johnson,mcknightbenjamin.3913@example.com,Niger,2024-06-01,Basic,363.77
3914,James Jenkins,hawkinsdeanna.3914@example.net,Sudan,2022-03-19,Basic,194.19
3915,Sheila Johnson,eric19.3915@example.org,Cape Verde,2021-08-11,Standard,2780.77
3916,Monica Horton,lambertjames.3916@example.com,Bhutan,2024-06-24,Standard,2571.52
3917,Lori Burns,ohaley.3917@example.com,French Southern Territories,2025-06-14,Standard,2975.05
3918,Joshua Hart,pruittchristopher.3918@example.net,Niger,2022-12-08,Premium,19361.88
3919,Frank Delacruz,barronlaura.3919@example.com,Bouvet Island (Bouvetoya),2025-11-23,Premium,7660.2
3920,Victoria Nelson,jenniferharrington.3920@example.org,South Georgia and the South Sandwich Islands,2024-11-27,Premium,8850.76
3921,Steven Wells,brittany60.3921@example.com,India,2024-10-15,Premium,14568.64
3922,Brittany Zimmerman,brian77.3922@example.com,Palau,2025-10-19,Basic,12.68
3923,Christine Foster,ehernandez.3923@example.com,Syrian Arab Republic,2021-03-24,Standard,2982.89
3924,Anna Compton,eileenmoyer.3924@example.net,Paraguay,2025-01-25,Basic,8.67
3925,Tricia Finley,stewartpamela.3925@example.com,Senegal,2026-05-27,Basic,425.19
3926,Sergio Johnson,nheath.3926@example.org,Guatemala,2026-08-20,Standard,2072.36
3927,Danielle Baldwin,richard96.3927@example.com,Seychelles,2023-11-12,Standard,2759.61
3928,Patrick Flores PhD,jefferymurray.3928@example.org,Slovenia,2025-01-16,Basic,515.31
3929,Anthony Fisher,carpentermichelle.3929@example.org,Egypt,2025-12-09,Premium,12745.44
3930,Jennifer Preston,javierlewis.3930@example.org,Slovakia (Slovak Republic),2025-09-12,Standard,1041.01
3931,Kristen Dean,scarter.3931@example.net,Pakistan,2026-01-01,Standard,1854.58
3932,Kenneth Lopez,johnrogers.3932@example.net,Malta,2025-07-25,Basic,599.76
3933,Natalie Kelly,robin25.3933@example.net,Trinidad and Tobago,2022-07-20,Basic,412.47
3934,Rachael Maynard,lewiskayla.3934@example.net,Uruguay,2024-11-18,Basic,623.71
3935,Justin Harris DDS,april23.3935@example.com,Congo,2022-09-29,Standard,394.92
3936,David Smith,ohumphrey.3936@example.org,Eritrea,2025-05-12,Standard,1139.06
3937,Jason Marsh,robertgonzales.3937@example.net,Maldives,2025-06-01,Basic,767.85
3938,David Wang,trojas.3938@example.com,Bulgaria,2026-04-01,Basic,258.76
3939,Christopher Ramos,rossdaniel.3939@example.com,Iran,2023-12-07,Standard,1941.19
3940,Brian Curry,martinezmichael.3940@example.com,Ethiopia,2023-03-06,Basic,415.91
3941,Michelle Dawson,lauren57.3941@example.org,Reunion,2021-02-08,Basic,749.3
3942,Bailey Parker,esnow.3942@example.com,United States Virgin Islands,2024-04-07,Standard,655.76
3943,Lawrence Ross,heathnatalie.3943@example.org,San Marino,2023-10-15,Premium,7388.99
3944,Jamie Bell,pattonmatthew.3944@example.net,Eritrea,2023-06-11,Standard,2614.66
3945,Paul Buckley,judithmason.3945@example.org,Western Sahara,2024-07-09,Basic,532.96
3946,Christina Wiley,vincentdavis.3946@example.com,Philippines,2025-09-09,Premium,11774.89
3947,Heather Jenkins,crystal54.3947@example.com,Jamaica,2020-12-29,Standard,1305.72
3948,Tyler Schneider,smithvictoria.3948@example.org,Burundi,2022-11-19,Standard,1351.68
3949,Jamie Matthews,tylerhernandez.3949@example.org,United States of America,2024-10-29,Basic,747.94
3950,Christine Yates,gloria17.3950@example.net,Djibouti,2025-06-24,Basic,536.86
3951,Lynn Smith,dominique09.3951@example.com,Somalia,2025-03-15,Basic,743.28
3952,Jennifer Sellers,jonathannorman.3952@example.net,Guyana,2025-05-06,Standard,2922.12
3953,Rachel Chase,stephenschad.3953@example.com,Sao Tome and Principe,2025-09-19,Premium,11846.14
3954,Dillon Savage,allenlisa.3954@example.net,Lebanon,2026-06-06,Standard,1907.69
3955,John Hudson,sjohnson.3955@example.com,Rwanda,2024-01-24,Premium,13814.57
3956,Heather Mitchell,nancy14.3956@example.org,San Marino,2021-08-30,Standard,2549.67
3957,Bradley Harmon,vpatterson.3957@example.com,Qatar,2023-10-08,Basic,527.26
3958,Bianca Cooper,skirby.3958@example.com,Macao,2024-09-28,Standard,521.01
3959,Stacy Higgins,coffeydaniel.3959@example.net,Bangladesh,2020-09-02,Standard,2838.8
3960,Rachel Terry,tharris.3960@example.com,Ghana,2025-01-22,Standard,2050.62
3961,Krista Morrow,jimcraig.3961@example.com,Jamaica,2023-08-21,Basic,695.93
3962,Melissa Vega,regina89.3962@example.com,Aruba,2026-04-05,Standard,1389.27
3963,Ashley Vega,davisalexander.3963@example.net,Nigeria,2021-06-01,Standard,1529.21
3964,Nancy Allen,daisy57.3964@example.com,Togo,2026-01-23,Premium,14399.41
3965,Michael Castaneda,morgan94.3965@example.net,China,2022-12-30,Standard,2373.93
3966,Stacy Mcclain,lawrencebell.3966@example.org,Cook Islands,2023-11-01,Standard,419.68
3967,Shannon Barrett,timothycraig.3967@example.com,Montserrat,2024-05-30,Standard,1340.56
3968,Gabriel Hill,kellerbrandon.3968@example.org,Korea,2023-11-15,Basic,615.89
3969,Beverly Daniel,fdavis.3969@example.com,Bahrain,2026-01-16,Premium,19860.25
3970,Diamond Randolph,rmoyer.3970@example.net,Vietnam,2021-02-12,Standard,232.6
3971,Barbara Turner MD,freemanbarbara.3971@example.org,Equatorial Guinea,2024-11-17,Premium,6766.55
3972,Dr. Daisy Chang DDS,fmarquez.3972@example.org,South Georgia and the South Sandwich Islands,2026-07-08,Standard,1501.58
3973,Robin Lambert,gerald47.3973@example.org,United States Virgin Islands,2021-06-21,Premium,6012.95
3974,Miss Tracy Hansen DVM,tara23.3974@example.com,Saint Lucia,2021-09-14,Premium,2484.6
3975,Stacy Chen,dellis.3975@example.com,Guam,2023-03-05,Basic,431.63
3976,Matthew Wise,geraldvelazquez.3976@example.org,Switzerland,2024-11-04,Basic,519.52
3977,Kenneth Richards,piercefrank.3977@example.org,Nicaragua,2026-05-30,Basic,332.85
3978,Joshua Ward,awade.3978@example.net,Saint Helena,2025-04-27,Standard,1235.66
3979,Heather Brown,andrealewis.3979@example.net,Gambia,2025-04-22,Basic,788.49
3980,Brian Love,qchang.3980@example.net,Switzerland,2022-12-13,Basic,382.02
3981,Peter Wheeler,lopezvictoria.3981@example.com,Angola,2024-04-25,Standard,2434.59
3982,Amy Welch,pwilliams.3982@example.com,Sao Tome and Principe,2021-05-30,Premium,7169.14
3983,Teresa Walker,tellison.3983@example.com,Argentina,2023-02-05,Basic,664.15
3984,Victor Wu,ymcbride.3984@example.net,Dominica,2021-04-06,Basic,658.96
3985,Jessica Sharp,william92.3985@example.net,Mauritius,2020-03-07,Standard,949.57
3986,Hannah Phelps,rgrimes.3986@example.org,South Georgia and the South Sandwich Islands,2025-09-22,Standard,2036.39
3987,Casey Ruiz,emily45.3987@example.com,Guyana,2025-05-19,Standard,2109.64
3988,Jillian Willis,christopher98.3988@example.org,Luxembourg,2023-06-01,Standard,1439.32
3989,Gene Anderson,aray.3989@example.org,Canada,2020-02-05,Basic,619.02
3990,Vanessa Brown,lopeztheresa.3990@example.com,Brunei Darussalam,2020-08-08,Standard,1059.28
3991,Timothy Farley,qalvarado.3991@example.com,Czech Republic,2020-09-29,Basic,387.42
3992,Mrs. Patricia Scott PhD,alejandrolozano.3992@example.org,Saint Martin,2024-10-16,Basic,792.12
3993,Bridget Hernandez,fperez.3993@example.com,Lao People's Democratic Republic,2021-05-11,Premium,5216.16
3994,Michael Gonzalez,xgarner.3994@example.org,Senegal,2021-09-02,Basic,118.23
3995,Thomas Russell,brownlauren.3995@example.org,Venezuela,2025-10-03,Basic,113.76
3996,David Hernandez,jamesvasquez.3996@example.org,Western Sahara,2025-11-10,Standard,2994.71
3997,Steven Wall,heidi28.3997@example.org,Suriname,2025-02-06,Standard,647.76
3998,Christine Johnson,tylerthompson.3998@example.com,Sudan,2022-01-25,Basic,152.19
3999,Stacey Smith,jennifersummers.3999@example.net,Puerto Rico,2023-11-17,Standard,2145.4
4000,Jeremy Adams,douglas34.4000@example.org,Comoros,2021-05-04,Premium,15670.94
4001,Kimberly Cochran,oliviagonzalez.4001@example.org,Cote d'Ivoire,2025-09-26,Standard,1675.77
4002,Stephanie Garrett,michael12.4002@example.com,American Samoa,2020-07-26,Standard,2951.47
4003,Michelle Sims,steven71.4003@example.net,Sao Tome and Principe,2024-12-22,Standard,308.94
4004,Alan Rowland,woodsrobert.4004@example.net,Niue,2023-06-03,Premium,13174.78
4005,Nicholas Vazquez,tphillips.4005@example.com,Bhutan,2025-01-23,Standard,1898.11
4006,Brooke Roberts,tracy83.4006@example.com,Gibraltar,2023-01-05,Standard,1099.49
4007,Wayne Donaldson,jennifersoto.4007@example.com,Japan,2021-01-21,Basic,719.55
4008,Cindy Lang MD,christina42.4008@example.net,Netherlands,2025-01-08,Standard,1748.07
4009,Megan Holmes,maustin.4009@example.com,Cuba,2024-03-21,Basic,197.07
4010,Kirk Brooks,christopherwatson.4010@example.org,Mozambique,2023-02-08,Basic,70.69
4011,Melanie Luna,zmaynard.4011@example.com,Brunei Darussalam,2022-06-29,Premium,3928.14
4012,Jennifer Lambert,alexander66.4012@example.net,Argentina,2022-04-19,Standard,2712.52
4013,John Pitts PhD,olucas.4013@example.com,Morocco,2023-03-20,Standard,900.86
4014,Luis Zamora,jwright.4014@example.net,Afghanistan,2021-09-30,Basic,725.6
4015,Jane Hernandez,allisonlopez.4015@example.org,Greece,2021-11-20,Standard,536.33
4016,Daniel Rhodes,ashlee63.4016@example.net,Israel,2021-11-10,Standard,2955.02
4017,Donna Harris,candacescott.4017@example.com,Mongolia,2020-01-31,Standard,2533.38
4018,Matthew Richardson,luke46.4018@example.com,Belarus,2026-03-15,Standard,525.44
4019,Chase Phelps,fbrown.4019@example.org,Andorra,2021-07-31,Basic,68.85
4020,James Vega,jillduffy.4020@example.org,Chad,2021-02-07,Basic,642.75
4021,Charlene Valentine,jill73.4021@example.net,Costa Rica,2021-01-04,Premium,3405.19
4022,William Simmons,samantha74.4022@example.net,India,2026-08-10,Standard,934.11
4023,Elizabeth Stone,roblesbetty.4023@example.org,Indonesia,2023-03-10,Standard,2443.5
4024,Eric Bradshaw,adkinsjared.4024@example.net,Kiribati,2022-03-09,Standard,2741.22
4025,Todd Davis,elizabethpalmer.4025@example.net,Jersey,2022-09-13,Premium,15817.74
4026,Kathleen Sellers,buchananchristina.4026@example.org,French Guiana,2020-08-03,Standard,2691.7
4027,Paul Olsen,danielle81.4027@example.org,Saint Barthelemy,2022-02-04,Basic,447.91
4028,Rebecca Barker,robert94.4028@example.com,Djibouti,2021-08-30,Standard,2382.91
4029,Stephanie Dawson,dtate.4029@example.net,Bulgaria,2025-05-15,Basic,275.35
4030,Anita Lee,hopkinspaul.4030@example.com,Mauritius,2020-05-22,Standard,2398.6
4031,Nicole Shaw,jody71.4031@example.net,Kenya,2022-11-04,Standard,2103.27
4032,Jennifer Flores,john45.4032@example.org,Croatia,2025-04-13,Standard,1809.52
4033,Andrew Valencia,fosterjulie.4033@example.org,Oman,2025-07-28,Standard,2978.44
4034,Carol Arias,zramirez.4034@example.net,French Southern Territories,2023-06-05,Standard,1515.38
4035,Zachary Lopez,michaelrice.4035@example.net,Bosnia and Herzegovina,2021-06-27,Basic,495.4
4036,Joseph Williams,paul38.4036@example.com,Greenland,2022-04-02,Basic,407.92
4037,Elijah Lang,robert46.4037@example.com,Croatia,2021-06-26,Basic,208.41
4038,Nicholas Aguilar,cpowell.4038@example.com,Palestinian Territory,2024-06-04,Premium,7946.58
4039,Amanda Webster,simmonsjacob.4039@example.org,Saint Lucia,2021-12-15,Premium,19618.14
4040,Michelle Dawson,whale.4040@example.net,Reunion,2024-03-20,Premium,9057.99
4041,Ronald Martinez,littlerebecca.4041@example.org,Mali,2024-05-20,Basic,543.53
4042,Mike Morales,jasonwatson.4042@example.net,Bolivia,2026-04-14,Basic,453.68
4043,Allison Willis,zacharystewart.4043@example.org,Solomon Islands,2022-06-23,Standard,2691.45
4044,Shawn Johnson,hlee.4044@example.org,Colombia,2026-06-05,Basic,606.15
4045,James Brown,lisa71.4045@example.net,San Marino,2022-09-05,Premium,3451.73
4046,Thomas Garrett,harpercathy.4046@example.net,Saint Kitts and Nevis,2024-07-20,Standard,1195.24
4047,Megan Singh,barry55.4047@example.org,Nauru,2024-06-03,Premium,14814.44
4048,Jonathan Norton,martharay.4048@example.net,Lithuania,2025-06-20,Standard,651.8
4049,Travis Harper,webbamanda.4049@example.net,Costa Rica,2023-02-19,Basic,402.75
4050,Tiffany Abbott,karengould.4050@example.net,Haiti,2025-04-19,Basic,254.22
4051,Angela Estes,henryrhonda.4051@example.org,Cyprus,2022-05-17,Premium,3165.58
4052,Harry Nixon,lisajones.4052@example.org,Armenia,2023-04-14,Standard,2992.01
4053,Angel Hickman,blake03.4053@example.com,Lithuania,2023-05-05,Standard,2802.22
4054,Dawn Smith,alexa56.4054@example.org,Iran,2024-09-16,Premium,15455.47
4055,Rachel Yang,jonessamantha.4055@example.org,Saint Helena,2024-02-19,Standard,762.87
4056,Sandra Hahn,santossabrina.4056@example.com,Japan,2020-07-10,Standard,2967.87
4057,Jeffrey Decker,tracy12.4057@example.org,Bahrain,2025-05-29,Standard,1966.22
4058,Michelle Chan,nolanelizabeth.4058@example.org,Tunisia,2025-01-25,Standard,2905.01
4059,Nichole Mack,jameswhite.4059@example.com,Mozambique,2020-09-12,Standard,319.22
4060,Duane Bates,brianfrench.4060@example.org,Netherlands Antilles,2026-06-06,Basic,138.78
4061,Whitney Ochoa,speters.4061@example.net,Tanzania,2024-06-01,Standard,2096.29
4062,Phillip Dalton,keithjane.4062@example.net,Australia,2020-07-26,Standard,2740.1
4063,Paul Kirby,michael52.4063@example.org,Somalia,2023-04-14,Standard,692.19
4064,Patty Pugh,hsmith.4064@example.com,Tuvalu,2025-08-03,Basic,253.68
4065,Sherri Miles,kingjulie.4065@example.com,Puerto Rico,2021-11-14,Premium,12587.19
4066,Kristen Young,qmeadows.4066@example.org,Jamaica,2026-03-28,Premium,19993.9
4067,Alexandra Frazier,joseph95.4067@example.org,Thailand,2022-10-18,Basic,639.73
4068,Melissa Bryant,maria80.4068@example.com,Guam,2021-07-06,Basic,738.85
4069,Marcia Rocha,jreynolds.4069@example.org,Guernsey,2022-05-20,Standard,2090.04
4070,Charles Montgomery,freemandonald.4070@example.com,Andorra,2023-07-05,Standard,2656.64
4071,Ryan Craig,christine77.4071@example.com,Niue,2024-08-07,Basic,405.64
4072,Renee Lee,shawn69.4072@example.org,Bhutan,2026-03-15,Premium,4234.86
4073,William Morales,shurley.4073@example.com,Latvia,2021-04-20,Premium,14772.03
4074,Alexis Church,emily68.4074@example.com,Poland,2026-06-02,Standard,1884.13
4075,Angela Blake,zanderson.4075@example.com,Iceland,2023-07-12,Standard,1558.98
4076,Colton Carlson,kaylafernandez.4076@example.com,Brunei Darussalam,2020-11-08,Standard,969.97
4077,Yolanda Leonard,lindsey68.4077@example.net,Liberia,2026-03-12,Standard,2395.77
4078,Nichole Underwood,martinezmike.4078@example.org,French Polynesia,2022-05-02,Standard,2497.15
4079,Christine Love,moorepenny.4079@example.com,Cameroon,2024-02-24,Standard,1219.72
4080,Ronald Myers,earl23.4080@example.com,Antigua and Barbuda,2024-08-31,Standard,2797.75
4081,Ellen Myers,meyerjulie.4081@example.net,Bahrain,2020-02-02,Basic,295.79
4082,Chris Garrett,xwhite.4082@example.org,United States of America,2021-06-25,Premium,3936.12
4083,Kayla Watson,marksaunders.4083@example.org,Isle of Man,2024-08-03,Standard,666.28
4084,Matthew Allen,murphysusan.4084@example.net,Brunei Darussalam,2022-03-04,Standard,1584.64
4085,Lauren Hendricks,smithchristopher.4085@example.org,Tuvalu,2020-01-23,Standard,423.62
4086,Margaret Jones,jessicamcguire.4086@example.com,Tokelau,2020-02-26,Premium,14931.43
4087,Deborah Meadows,aguirreamanda.4087@example.com,Togo,2025-07-11,Standard,2426.27
4088,Kimberly Norris,erinreid.4088@example.com,Gabon,2021-01-09,Basic,439.57
4089,Joseph Perez,avilacolin.4089@example.org,Cuba,2020-09-02,Premium,18080.27
4090,Kelly Shaw,kdean.4090@example.net,Palau,2023-10-05,Basic,763.43
4091,Scott Martin,choilinda.4091@example.net,Ireland,2020-10-17,Basic,358.06
4092,Meghan Ward,victoria89.4092@example.com,Lebanon,2024-05-13,Standard,449.56
4093,Jennifer Saunders,xcompton.4093@example.com,French Southern Territories,2023-08-21,Standard,847.54
4094,Brittany Collins,jamestodd.4094@example.com,San Marino,2024-05-03,Basic,526.09
4095,Steven Cordova,davidmorris.4095@example.com,Philippines,2023-04-15,Standard,1336.2
4096,Jacob Spencer,angelarivera.4096@example.org,Malta,2025-03-15,Basic,548.01
4097,Mrs. Kaitlyn James,,Honduras,2024-04-23,Basic,533.39
4098,Michael Carey,patelamber.4098@example.com,Kiribati,2022-10-11,Premium,12896.63
4099,Daniel Sutton,sharpdavid.4099@example.net,Swaziland,2020-02-07,Basic,126.27
4100,Ashley Waters,jenniferprice.4100@example.com,Russian Federation,2021-10-29,Standard,1000.56
4101,Ryan Joseph,randydavis.4101@example.net,Wallis and Futuna,2020-11-16,Standard,1258.01
4102,Robert Smith,scottstephanie.4102@example.org,Iceland,2020-02-08,Standard,2508.37
4103,Sharon Reyes,ramirezjustin.4103@example.org,Gambia,2021-10-29,Standard,2110.22
4104,Kurt Salazar,jean44.4104@example.org,Lesotho,2021-05-19,Basic,515.95
4105,Robert Eaton,cochranfrances.4105@example.com,Solomon Islands,2020-07-06,Basic,537.71
4106,Brandon Brady,bmartin.4106@example.net,San Marino,2022-02-01,Standard,1608.97
4107,Kyle Diaz,latoyaturner.4107@example.com,Rwanda,2023-05-22,Standard,310.97
4108,Katie Massey,lisa61.4108@example.net,Lebanon,2021-03-11,Standard,763.14
4109,Kenneth Hernandez,tbrown.4109@example.org,New Caledonia,2021-10-28,Standard,592.85
4110,Steven Aguilar,jeff63.4110@example.net,Aruba,2020-02-19,Standard,379.19
4111,Lance Baker,jasonmartin.4111@example.org,Armenia,2020-05-03,Standard,1094.53
4112,Veronica Dennis,csmith.4112@example.org,Turkey,2021-01-19,Basic,630.18
4113,Nathan Crawford,,Albania,2023-01-11,Standard,522.37
4114,Zachary Farmer,zsmith.4114@example.com,Iran,2024-06-14,Standard,511.98
4115,Brenda Bond,smithtammy.4115@example.com,Mexico,2025-04-09,Standard,547.94
4116,Beth Carpenter,davidrasmussen.4116@example.net,Vanuatu,2024-03-17,Standard,955.5
4117,Justin Green,michelegordon.4117@example.net,Kazakhstan,2024-02-15,Premium,5639.73
4118,Christina Smith,ronalderickson.4118@example.org,French Southern Territories,2026-04-03,Premium,2251.3
4119,Amanda Morales,dawn69.4119@example.org,Palestinian Territory,2021-09-16,Standard,974.21
4120,David White,rjohnson.4120@example.net,El Salvador,2025-05-03,Basic,797.04
4121,Shawn Hart,jamie58.4121@example.net,Bouvet Island (Bouvetoya),2026-04-06,Standard,1142.16
4122,Dean Wilson,tina65.4122@example.org,Tunisia,2023-10-18,Premium,5802.66
4123,Kara Zimmerman,dcurry.4123@example.net,Gambia,2025-08-14,Basic,396.57
4124,Michael Barber,kristinaking.4124@example.net,Mozambique,2020-12-01,Standard,842.23
4125,Carol Dean,sara85.4125@example.net,Luxembourg,2025-11-15,Basic,447.72
4126,Michael Rogers,sandraclark.4126@example.com,Luxembourg,2023-10-09,Standard,1321.84
4127,John Bradley MD,tracymurray.4127@example.net,Monaco,2021-06-24,Standard,2711.16
4128,David Larson,xjones.4128@example.com,Myanmar,2020-05-30,Standard,2798.17
4129,Rebecca White,jeffrey80.4129@example.net,Solomon Islands,2024-10-24,Standard,2196.57
4130,Alexandria Shepherd,mwyatt.4130@example.org,Thailand,2022-11-18,Basic,172.56
4131,Bradley Lynch,bwilson.4131@example.org,Grenada,2022-01-27,Premium,10530.17
4132,Cristian Bonilla,alicia04.4132@example.com,Luxembourg,2022-08-11,Basic,244.34
4133,Anita Shields,katherinegreen.4133@example.net,Malta,2026-08-17,Basic,638.62
4134,Michele Smith,ydavis.4134@example.com,Taiwan,2022-11-10,Basic,23.34
4135,Tammy James,cooperrebecca.4135@example.org,New Zealand,2020-07-11,Basic,529.99
4136,William Silva,omurray.4136@example.com,India,2021-11-14,Standard,1105.04
4137,Jeffrey Walker,williamshoward.4137@example.org,China,2020-12-20,Standard,1546.81
4138,Veronica Huang,coxlauren.4138@example.net,United States Minor Outlying Islands,2024-08-01,Basic,258.4
4139,Maria Cox,christine71.4139@example.net,Pitcairn Islands,2025-05-08,Standard,1221.41
4140,Bryan Maldonado,kwilliamson.4140@example.com,Gambia,2025-08-15,Premium,14138.53
4141,Robert Cross,basssteven.4141@example.com,Thailand,2024-03-25,Standard,1867.38
4142,Jennifer Arnold,lsmith.4142@example.com,Mauritania,2025-02-19,Standard,883.45
4143,Larry Gonzalez,cwebster.4143@example.net,Guatemala,2022-10-16,Basic,34.91
4144,Daniel Terry,edowns.4144@example.net,Congo,2024-03-12,Standard,2596.86
4145,Curtis Burns,fhill.4145@example.org,Taiwan,2020-09-18,Standard,1578.46
4146,Rhonda Lindsey,zbarrett.4146@example.com,Saint Pierre and Miquelon,2023-08-07,Basic,494.98
4147,Kevin Baker,april66.4147@example.net,Kenya,2023-09-23,Standard,1567.8
4148,Scott Meadows,baileymeagan.4148@example.net,Tonga,2020-03-16,Basic,495.15
4149,Daisy Simpson,deborah24.4149@example.org,Netherlands Antilles,2023-08-31,Premium,13285.5
4150,Jennifer Johns,hansenjoshua.4150@example.net,Norway,2024-10-31,Premium,2270.73
4151,Hannah Spencer,marvin03.4151@example.com,Western Sahara,2022-06-16,Premium,11598.66
4152,Joseph Gonzalez,mejiatimothy.4152@example.org,Martinique,2023-08-23,Standard,1605.9
4153,Barbara Russell,sara93.4153@example.org,Hong Kong,2021-11-29,Standard,468.29
4154,Roberta Johnson,theresa80.4154@example.net,Cyprus,2021-10-23,Standard,2288.47
4155,Aaron Hobbs,zclark.4155@example.com,Cuba,2020-11-12,Standard,860.41
4156,Angel Rojas,lisamccarthy.4156@example.org,Cambodia,2022-03-11,Premium,2981.46
4157,Kevin Harris,oward.4157@example.net,Uganda,2025-05-15,Standard,2448.85
4158,Michael Cuevas,sandra74.4158@example.net,Zimbabwe,2026-04-03,Premium,17572.37
4159,Samuel Lynn,vshields.4159@example.org,United Kingdom,2024-04-01,Basic,192.56
4160,Deborah Rogers,ygonzalez.4160@example.net,Cameroon,2024-03-04,Basic,550.04
4161,Andrea Wiley,ericksonkatherine.4161@example.com,Angola,2024-02-07,Basic,3.96
4162,Ashley Russo,courtneygraham.4162@example.com,Greece,2023-03-08,Standard,2219.22
4163,Julia Knight,myerstiffany.4163@example.com,Latvia,2022-10-30,Standard,1501.5
4164,Dennis Lewis,aprilforbes.4164@example.org,Gibraltar,2024-02-25,Standard,2418.95
4165,Kara Lawrence,xatkins.4165@example.com,Timor-Leste,2025-03-30,Basic,314.43
4166,Philip Johnson,andrew52.4166@example.com,Iraq,2022-10-07,Basic,280.86
4167,Bradley Mathis,wcook.4167@example.com,Reunion,2023-10-13,Standard,2554.2
4168,Jennifer Davis,pughcarol.4168@example.org,Cuba,2023-02-22,Standard,308.21
4169,Matthew Meyer,andersontravis.4169@example.com,French Southern Territories,2021-11-28,Basic,149.73
4170,Dr. Jeremy Cook DDS,gravestammy.4170@example.org,Slovakia (Slovak Republic),2021-12-09,Premium,9418.32
4171,Nicole Kirk,burnscarl.4171@example.org,Haiti,2020-07-11,Standard,1869.75
4172,Andrew Gibson,tannerlori.4172@example.com,Costa Rica,2022-12-10,Standard,214.32
4173,Crystal Holmes,scott48.4173@example.org,Seychelles,2024-10-05,Basic,460.12
4174,Michael Parrish,steven65.4174@example.net,Turkey,2024-08-01,Standard,1259.78
4175,Adam Wilson,christine72.4175@example.net,Korea,2026-08-03,Standard,1964.01
4176,Travis Patterson,latoyahartman.4176@example.com,Samoa,2020-04-07,Premium,18325.53
4177,Stacy Pierce DDS,julie84.4177@example.com,United Arab Emirates,2025-01-31,Standard,1434.44
4178,Cody Garrett,wendy93.4178@example.org,Kyrgyz Republic,2025-04-25,Basic,443.66
4179,Rachael Martinez,ryan52.4179@example.com,Guyana,2022-12-01,Basic,370.23
4180,Lisa George,jamiebarr.4180@example.org,Nigeria,2021-11-22,Standard,531.86
4181,Samantha Martin,ojames.4181@example.org,Ecuador,2022-05-22,Standard,2420.72
4182,Veronica Johnson,melissa65.4182@example.com,Nepal,2024-07-24,Basic,708.16
4183,Melanie Clark,prattjoshua.4183@example.org,Central African Republic,2025-10-06,Basic,649.17
4184,Cindy Hansen,wilsonmichelle.4184@example.net,Uruguay,2024-04-18,Standard,2853.27
4185,Travis Taylor,adam42.4185@example.org,Argentina,2023-06-09,Standard,1510.48
4186,Shannon Casey,imahoney.4186@example.org,Antigua and Barbuda,2024-05-12,Premium,13741.79
4187,Dwayne West,reneebrown.4187@example.com,United States Virgin Islands,2020-06-21,Basic,134.67
4188,Laurie Fox,scott79.4188@example.com,San Marino,2024-01-25,Standard,2935.06
4189,Cynthia Gallegos,josephmoran.4189@example.net,Holy See (Vatican City State),2020-04-12,Standard,1825.55
4190,Jose Taylor,nicholstodd.4190@example.net,Venezuela,2026-05-31,Basic,209.33
4191,Cathy Cox,melissa95.4191@example.org,Oman,2025-12-11,Standard,2455.05
4192,Mary Miller,xjennings.4192@example.net,United Kingdom,2023-05-26,Basic,469.19
4193,Jay Acosta,brittany30.4193@example.net,Switzerland,2022-07-02,Standard,2859.09
4194,Michael Morgan,megan48.4194@example.com,Sweden,2024-11-23,Standard,2355.94
4195,Micheal Nguyen,william49.4195@example.net,Antarctica (the territory South of 60 deg S),2024-04-05,Basic,701.81
4196,David Cook,destinyroberts.4196@example.net,Kenya,2024-09-18,Basic,437.32
4197,Lindsay Marsh,xlarson.4197@example.com,Vietnam,2023-06-13,Basic,413.85
4198,Antonio Sherman,michealcook.4198@example.net,Burkina Faso,2021-07-30,Basic,605.86
4199,Russell Burton,seanparsons.4199@example.com,Vietnam,2020-06-27,Standard,494.04
4200,Shawn Wilson,knelson.4200@example.org,Cuba,2021-11-22,Standard,351.29
4201,Roberta Olson,shernandez.4201@example.net,Latvia,2023-07-15,Standard,2954.37
4202,Stephanie Greene,smithbryan.4202@example.com,Finland,2022-11-01,Basic,733.04
4203,Sarah Garcia,ashley67.4203@example.com,Japan,2023-05-21,Standard,2875.85
4204,Katherine Moore,jameselliott.4204@example.com,Haiti,2021-11-09,Basic,49.89
4205,Jessica Baker,matthewjohnson.4205@example.org,Saint Martin,2026-04-09,Basic,215.44
4206,Victoria Henry,bennettdavid.4206@example.org,Philippines,2022-06-14,Basic,721.23
4207,Ruth Fry,msanders.4207@example.org,Puerto Rico,2025-08-28,Basic,71.58
4208,Amy Campbell,joshuacrawford.4208@example.net,Haiti,2022-08-12,Standard,1464.02
4209,Gabrielle Rivas,angela45.4209@example.com,Uzbekistan,2022-12-19,Standard,1155.62
4210,Tina Alvarado MD,hsolis.4210@example.com,South Africa,2024-01-14,Basic,703.88
4211,Anthony Hoover,wlyons.4211@example.com,New Zealand,2021-10-04,Standard,1650.61
4212,Jason Robbins,katherine49.4212@example.org,French Polynesia,2021-06-20,Premium,7226.74
4213,Kristin Miranda,christopherdavis.4213@example.com,Bermuda,2022-07-14,Basic,419.44
4214,Stacy Osborne,oaguilar.4214@example.com,Nicaragua,2025-05-18,Standard,514.85
4215,Kenneth Stuart,monicabarnett.4215@example.com,Maldives,2020-12-19,Standard,2247.37
4216,Richard Arnold,debbie01.4216@example.org,Nepal,2022-12-04,Premium,13130.08
4217,Christopher Mitchell,davismike.4217@example.org,Antigua and Barbuda,2024-06-29,Standard,1881.98
4218,Kenneth Sanchez,ginagross.4218@example.net,Namibia,2024-09-20,Basic,350.28
4219,Kimberly Fields,lopezaaron.4219@example.net,Maldives,2022-11-26,Standard,1023.88
4220,Lisa Rice,sherrygamble.4220@example.org,Finland,2020-07-17,Standard,383.07
4221,Jessica Wright,wstone.4221@example.com,Turkmenistan,2020-02-08,Standard,2851.69
4222,Jose Davis,nicole20.4222@example.net,French Polynesia,2023-02-21,Basic,333.24
4223,Mr. Robert Parker,juliasullivan.4223@example.com,Thailand,2025-06-01,Basic,396.74
4224,Pamela Gill,scottdeborah.4224@example.org,Netherlands Antilles,2020-03-09,Standard,1252.15
4225,Erin Davis,crussell.4225@example.net,Puerto Rico,2025-12-07,Standard,2966.06
4226,Caroline Price,twallace.4226@example.com,Kiribati,2024-07-08,Standard,2429.28
4227,Claudia Mcguire,torresstephanie.4227@example.com,Nicaragua,2020-01-20,Standard,468.13
4228,Matthew Gonzalez,john55.4228@example.com,Fiji,2022-04-19,Standard,1902.89
4229,Sarah Mcmillan,davidcourtney.4229@example.net,Sri Lanka,2021-06-22,Standard,1556.98
4230,Michael Morton,ladams.4230@example.com,Bahrain,2026-05-07,Standard,2421.39
4231,Rachel Sanchez,stanleyamanda.4231@example.org,Sierra Leone,2023-09-16,Standard,2992.48
4232,Anthony Mcdonald,josephcastro.4232@example.org,Denmark,2022-03-02,Standard,2284.06
4233,James Joseph,xmann.4233@example.com,Costa Rica,2021-11-09,Premium,17568.72
4234,Kelly Murphy,tvasquez.4234@example.net,Macao,2023-10-08,Premium,11047.44
4235,James Mcbride,brettbaker.4235@example.com,Tuvalu,2020-01-13,Basic,298.88
4236,Sydney Pollard,emma76.4236@example.net,Sweden,2021-09-20,Standard,2001.18
4237,Stephen Rogers,jshaw.4237@example.net,Thailand,2021-02-07,Premium,15489.53
4238,Debbie Scott,sabrinawalsh.4238@example.com,Netherlands,2024-02-23,Basic,182.03
4239,Jacob Rodriguez,jason63.4239@example.org,Jordan,2024-06-22,Standard,1609.48
4240,Edgar Miller,james44.4240@example.org,Poland,2023-02-14,Basic,91.03
4241,Jacob Williams,dramos.4241@example.net,Greece,2020-12-07,Standard,805.79
4242,Tony Smith,welchchristopher.4242@example.net,Guam,2022-06-24,Basic,705.49
4243,Shawn Kelley,gbrooks.4243@example.org,Australia,2025-08-20,Standard,605.25
4244,Michelle Mason,garrettvanessa.4244@example.org,Vanuatu,2021-05-12,Premium,16604.27
4245,Charlotte Burns DDS,anolan.4245@example.net,Saint Barthelemy,2021-02-02,Basic,298.08
4246,April Williams,chandavid.4246@example.org,Samoa,2020-09-29,Basic,530.82
4247,Cameron Miller,doyletravis.4247@example.org,Ethiopia,2025-06-17,Standard,2748.91
4248,Kyle Cook,stephen49.4248@example.com,Bulgaria,2020-10-19,Basic,624.72
4249,Jessica Bernard,lsmith.4249@example.com,Spain,2023-11-21,Standard,2512.64
4250,Sean Burton,jason83.4250@example.org,Lesotho,2026-09-05,Basic,208.92
4251,Paul Prince,david06.4251@example.org,Burundi,2024-04-16,Basic,289.34
4252,Timothy Morrow,moralesbriana.4252@example.com,Bouvet Island (Bouvetoya),2022-10-03,Premium,15190.26
4253,Bradley Martinez,yesenia32.4253@example.org,Finland,2021-05-20,Basic,621.79
4254,James Williams,laurenwhite.4254@example.com,Cyprus,2020-01-05,Basic,632.04
4255,Alex Farmer,richardstrong.4255@example.com,El Salvador,2021-01-14,Basic,592.09
4256,Todd Shannon,vnguyen.4256@example.org,Peru,2026-05-16,Premium,6169.21
4257,Jesse Edwards,richardsnow.4257@example.net,Albania,2020-12-16,Basic,231.27
4258,Sylvia Leblanc,smallmichael.4258@example.net,Mexico,2020-02-18,Standard,2837.71
4259,Tyler Barton,lwilliams.4259@example.org,Christmas Island,2025-06-15,Standard,1750.81
4260,Michael Harris,wolfechristopher.4260@example.com,Cocos (Keeling) Islands,2022-10-19,Basic,603.56
4261,Paige Ellison,michaelflynn.4261@example.net,Andorra,2022-05-21,Standard,1877.75
4262,Bradley Harrell,joseph49.4262@example.net,Greenland,2024-10-18,Basic,739.6
4263,Charles Rodriguez,croth.4263@example.net,Marshall Islands,2023-07-01,Standard,2632.59
4264,Jennifer Rice,antonionelson.4264@example.com,Grenada,2026-02-11,Standard,931.85
4265,Elizabeth Chase,jocelyn90.4265@example.org,Palau,2023-02-15,Basic,707.77
4266,Eugene Williams,morriskevin.4266@example.net,Cyprus,2024-10-06,Standard,1040.11
4267,William Harris,justinhampton.4267@example.net,Dominica,2025-11-16,Standard,1434.75
4268,Cheryl Haynes,stewartjeanne.4268@example.com,Austria,2023-02-06,Standard,2583.45
4269,Ray Baker,,Korea,2021-11-25,Premium,7832.34
4270,Joel Poole,pjohnson.4270@example.org,San Marino,2026-07-07,Standard,1014.16
4271,Shelly Jackson,scott12.4271@example.com,United Arab Emirates,2021-07-07,Standard,2072.24
4272,Natasha Davis,michelleknapp.4272@example.net,Norway,2020-04-06,Basic,799.74
4273,Jaime Gomez,oscar17.4273@example.com,Bhutan,2023-11-12,Basic,104.85
4274,Cynthia Gallagher,pcrane.4274@example.net,Bangladesh,2026-08-06,Basic,560.85
4275,James Hammond,jenningsjennifer.4275@example.net,Comoros,2020-07-30,Standard,1675.48
4276,Steve Roberts,jenniferjones.4276@example.net,Luxembourg,2025-09-05,Basic,328.49
4277,Amanda Bell,stonejennifer.4277@example.com,Saint Barthelemy,2025-07-20,Premium,15497.46
4278,Dale Randall,sarah52.4278@example.net,Lao People's Democratic Republic,2026-03-18,Basic,443.87
4279,Adriana Green,beckmelissa.4279@example.com,Cocos (Keeling) Islands,2022-10-26,Standard,2433.87
4280,Matthew Griffith,harrisonnicole.4280@example.com,Korea,2021-09-14,Basic,595.08
4281,Carl Randolph,carpenterlori.4281@example.com,Norfolk Island,2023-06-04,Standard,2958.33
4282,Kayla Grimes,efrench.4282@example.org,Saint Vincent and the Grenadines,2020-12-13,Standard,2470.42
4283,Aaron Banks,johnsoncatherine.4283@example.org,Namibia,2025-08-20,Basic,53.44
4284,Amber Brennan,megan08.4284@example.org,Burkina Faso,2024-06-07,Standard,2382.82
4285,Haley Anthony,qvaughn.4285@example.org,Paraguay,2023-03-26,Basic,519.76
4286,Angela Lambert,fmarshall.4286@example.com,Kyrgyz Republic,2023-06-13,Basic,71.83
4287,George Holland,heidihunter.4287@example.org,Sierra Leone,2024-10-05,Standard,1895.37
4288,Mark Nixon,btorres.4288@example.com,Guyana,2023-07-01,Standard,2302.25
4289,Kevin Jackson,kdominguez.4289@example.net,Argentina,2025-08-12,Standard,752.14
4290,Scott Daniel,michelle13.4290@example.com,Montenegro,2026-03-07,Basic,347.93
4291,Lisa Bell,urobles.4291@example.net,Australia,2026-05-08,Basic,433.99
4292,Sherry Sharp,bkelly.4292@example.com,Israel,2024-02-23,Standard,1356.83
4293,Monica Burns,ilopez.4293@example.org,Luxembourg,2024-12-18,Basic,700.8
4294,Jacqueline Mercer,william47.4294@example.com,Vanuatu,2022-01-29,Standard,672.93
4295,James Lane,diamond43.4295@example.net,Latvia,2020-04-03,Standard,2360.36
4296,Lisa Brown,thompsonduane.4296@example.org,Hong Kong,2022-09-03,Basic,622.47
4297,John Ray,ronald91.4297@example.org,Montenegro,2025-10-29,Basic,358.42
4298,David Johnson,khayden.4298@example.org,Niue,2020-11-21,Standard,1710.54
4299,Frank Long,sanchezangela.4299@example.net,Bulgaria,2023-08-25,Standard,629.97
4300,Cassandra Norris,pbrooks.4300@example.com,Austria,2021-04-14,Standard,746.44
4301,Dawn Gordon,carmenhill.4301@example.net,Brazil,2022-11-14,Premium,11569.97
4302,Donna Richardson,angelicapowell.4302@example.net,Korea,2020-12-16,Standard,829.11
4303,Daniel Alexander,ashleymartin.4303@example.org,Kuwait,2024-11-29,Basic,645.17
4304,Destiny Griffith,arogers.4304@example.org,Tanzania,2025-06-01,Standard,1925.41
4305,Emily Sanford,wbrooks.4305@example.net,Puerto Rico,2025-01-25,Standard,358.42
4306,Eric Jones,xhardy.4306@example.net,Brunei Darussalam,2024-09-17,Basic,286.3
4307,Tim Jones,jason53.4307@example.com,Portugal,2021-07-28,Standard,2603.59
4308,Julia Williams,troy09.4308@example.org,Faroe Islands,2023-07-19,Standard,976.84
4309,Jacqueline Schneider,quinnjacob.4309@example.net,Israel,2020-09-12,Basic,575.77
4310,Jennifer Gray,nicolescott.4310@example.org,Sweden,2022-07-03,Premium,3688.4
4311,Erika Ross,zbray.4311@example.net,Senegal,2023-05-20,Standard,2805.49
4312,Amy Love,jeremy94.4312@example.com,Andorra,2024-06-20,Standard,1458.17
4313,Corey Ramirez,dustin79.4313@example.com,Myanmar,2020-08-24,Standard,1576.38
4314,Rebecca Wagner,dannyrosario.4314@example.org,Turkey,2025-06-08,Standard,1795.52
4315,Tyler Farmer,ncarr.4315@example.net,Tokelau,2023-01-25,Standard,1217.61
4316,Eric Shaw,mikemaddox.4316@example.com,North Macedonia,2025-11-21,Standard,2230.8
4317,Colin Ellis,garciamark.4317@example.com,Indonesia,2023-07-12,Basic,11.67
4318,Timothy Mcdaniel,daymonica.4318@example.com,Hungary,2023-08-28,Standard,654.17
4319,William Smith,kevineverett.4319@example.com,Christmas Island,2024-08-18,Standard,728.7
4320,Lisa Dominguez,rivasmatthew.4320@example.com,Cambodia,2025-06-25,Standard,1978.95
4321,Danielle Phillips,ashleysmith.4321@example.org,Falkland Islands (Malvinas),2021-01-19,Basic,712.48
4322,Sandra Green,dreyes.4322@example.net,Poland,2023-06-02,Premium,3145.52
4323,Danielle Duncan,lebrent.4323@example.org,Timor-Leste,2020-03-14,Basic,681.97
4324,Colton Anderson,williamsbelinda.4324@example.com,Eritrea,2023-03-04,Standard,2494.64
4325,Mark Freeman,singhaaron.4325@example.org,Iran,2025-06-09,Basic,61.3
4326,David Greer,reyesbobby.4326@example.net,Marshall Islands,2025-10-14,Standard,601.04
4327,James Simon,joseph33.4327@example.net,American Samoa,2021-11-23,Premium,8300.82
4328,Andrea Conway,aprilhooper.4328@example.net,Qatar,2022-08-01,Standard,521.07
4329,Monica Dunn,andrea79.4329@example.org,Mongolia,2023-09-08,Standard,2323.2
4330,Carolyn Olsen,padillagregory.4330@example.com,Tokelau,2022-08-24,Basic,403.26
4331,Kevin Lawson,daycurtis.4331@example.com,Macao,2021-03-10,Standard,1350.14
4332,Jose Cox,robertsjustin.4332@example.org,Romania,2022-01-14,Standard,2229.85
4333,Diane Jackson,lvalenzuela.4333@example.org,Gibraltar,2022-09-13,Premium,7272.12
4334,Amanda Cole,adammartinez.4334@example.org,Tuvalu,2023-06-20,Basic,697.23
4335,Mia Graham,hernandezchristine.4335@example.net,Macao,2026-02-26,Standard,2031.11
4336,Melissa Thomas,npowell.4336@example.com,Colombia,2023-08-23,Basic,277.2
4337,Lawrence Garcia,wrightpaul.4337@example.net,Israel,2022-08-03,Basic,431.9
4338,Chase Wilson,sue91.4338@example.com,Palau,2024-05-31,Standard,926.46
4339,Sonya Robinson,staffordcorey.4339@example.org,Guinea-Bissau,2025-03-02,Basic,787.98
4340,Cynthia White,ipoole.4340@example.org,El Salvador,2022-11-17,Standard,1419.69
4341,Tammy Foster,acostadylan.4341@example.net,Western Sahara,2023-04-09,Standard,2710.97
4342,Richard Smith,fwoods.4342@example.net,Burundi,2021-06-15,Standard,2938.46
4343,Jessica Williams,john42.4343@example.org,Kiribati,2025-10-12,Standard,1700.22
4344,Monique Pearson,tcruz.4344@example.org,North Macedonia,2025-10-17,Standard,2243.99
4345,John Williams,bbowman.4345@example.net,Mauritius,2021-03-03,Premium,12300.44
4346,Matthew White,itucker.4346@example.org,French Guiana,2022-04-24,Basic,73.25
4347,Rick Bond,smithmarissa.4347@example.net,Andorra,2021-10-26,Premium,19143.52
4348,Regina Taylor,jlevy.4348@example.com,Falkland Islands (Malvinas),2026-03-03,Standard,1478.58
4349,Robert Zhang,ryanroberts.4349@example.org,Nauru,2020-06-08,Premium,18093.14
4350,Tiffany Mckinney,brittneywashington.4350@example.com,Djibouti,2021-05-21,Standard,2035.69
4351,Juan Pope,holly38.4351@example.net,Malawi,2022-02-08,Basic,84.15
4352,Paula Stevens,rebeccawong.4352@example.net,Pakistan,2023-09-29,Premium,9506.95
4353,Denise Curtis,eblack.4353@example.net,Djibouti,2021-08-31,Standard,748.37
4354,Lindsey Riley,,Barbados,2023-08-03,Standard,675.61
4355,Brad Lee,swansonerin.4355@example.net,Egypt,2024-12-29,Basic,572.07
4356,Victoria Barajas,jasmine05.4356@example.org,Afghanistan,2025-07-16,Premium,2540.36
4357,Tamara Barrera,amendoza.4357@example.net,Mongolia,2020-08-29,Basic,772.91
4358,Gregory Gray,donna99.4358@example.com,Israel,2020-12-05,Standard,1459.79
4359,Alexandra Nguyen,emartinez.4359@example.org,Mozambique,2020-08-20,Standard,1571.32
4360,Diana Jackson,charles48.4360@example.com,United Arab Emirates,2026-01-31,Standard,1038.4
4361,Samantha Zimmerman,brandi51.4361@example.org,Samoa,2024-05-11,Standard,439.73
4362,Christine Barker,cheryl54.4362@example.org,Bouvet Island (Bouvetoya),2023-07-21,Standard,1847.08
4363,Michael Madden,johnsonrobert.4363@example.com,Sri Lanka,2025-04-15,Premium,8205.58
4364,Alexandra Castaneda,wperez.4364@example.com,Saint Martin,2023-12-02,Standard,1947.4
4365,Susan Taylor,kingtravis.4365@example.com,Eritrea,2021-07-28,Standard,1756.16
4366,Julie Yu,robertpark.4366@example.net,Armenia,2023-05-30,Standard,807.35
4367,Roger Rodriguez,nicolemckenzie.4367@example.org,Maldives,2024-09-13,Premium,10309.77
4368,Martha Hudson,alexanderolivia.4368@example.net,Denmark,2020-03-28,Standard,1062.58
4369,Nicole Wiley,shirley47.4369@example.net,Zimbabwe,2024-01-20,Standard,871.23
4370,Kevin Sanchez,jonesevan.4370@example.net,Togo,2023-04-28,Standard,2355.17
4371,Larry Finley,nvance.4371@example.org,Dominican Republic,2020-06-18,Basic,9.53
4372,William Brown,hurstwendy.4372@example.net,Jersey,2021-10-05,Standard,952.87
4373,Alyssa Cervantes,kimberly94.4373@example.net,Martinique,2022-12-31,Standard,1687.04
4374,Joshua Watson,hicksandrew.4374@example.net,Bermuda,2022-04-16,Premium,10570.63
4375,Bill King,hardindavid.4375@example.net,Mayotte,2021-12-09,Basic,752.13
4376,Amy Walters,westdennis.4376@example.com,Latvia,2024-05-04,Standard,2562.24
4377,Austin Bradley,omay.4377@example.org,Montserrat,2022-09-14,Standard,2304.49
4378,Tonya Ramirez,aatkins.4378@example.org,Norway,2023-04-30,Standard,1639.42
4379,Eric Garcia,elizabeth43.4379@example.net,Isle of Man,2025-05-03,Premium,9720.32
4380,April Smith,carl00.4380@example.com,French Guiana,2020-08-15,Basic,29.26
4381,Patrick Duncan,gonzalezjimmy.4381@example.com,Burkina Faso,2022-05-28,Standard,2500.67
4382,Bethany Hall,lekathleen.4382@example.org,Guinea-Bissau,2020-06-27,Standard,1406.0
4383,Bradley Gray,sfischer.4383@example.com,Slovakia (Slovak Republic),2026-03-14,Premium,7777.41
4384,Kristin Perkins,pagelauren.4384@example.net,Luxembourg,2021-03-29,Basic,485.31
4385,Jacob Brown,ehenry.4385@example.net,Macao,2025-06-25,Basic,603.31
4386,Lisa Miller,emarshall.4386@example.org,Montserrat,2021-04-11,Basic,418.44
4387,Jonathon Walker,christinaday.4387@example.org,Falkland Islands (Malvinas),2022-03-02,Basic,119.67
4388,Jennifer Hicks,daryl45.4388@example.com,Switzerland,2024-01-25,Basic,737.32
4389,Brian Peters,brewerkristy.4389@example.net,Poland,2025-07-23,Standard,515.98
4390,Eric Byrd,jimenezterri.4390@example.net,Egypt,2021-03-10,Premium,19452.29
4391,Lisa Meadows,baileytodd.4391@example.com,Botswana,2021-06-04,Standard,1438.94
4392,Douglas Torres,john62.4392@example.org,Comoros,2025-11-23,Standard,2850.54
4393,Darlene Hahn,brandywest.4393@example.net,Denmark,2022-02-25,Basic,731.72
4394,Nancy Stuart,melanie70.4394@example.org,Belarus,2021-05-27,Premium,9312.81
4395,Steven Howard,james84.4395@example.org,Pakistan,2024-12-20,Premium,16400.46
4396,Peter Johnson,jennifer35.4396@example.com,Senegal,2020-08-10,Standard,451.36
4397,Kimberly Lang,sbryant.4397@example.net,Vanuatu,2025-10-18,Premium,3489.22
4398,Rebecca Farmer,dawnmerritt.4398@example.org,Antigua and Barbuda,2025-11-08,Premium,8407.22
4399,Donald Mack,gibsondonald.4399@example.net,Niger,2025-09-22,Premium,12976.13
4400,Brian Wallace,troy11.4400@example.org,Paraguay,2021-12-22,Standard,226.1
4401,Stephen Cisneros,amedina.4401@example.com,Georgia,2020-10-05,Premium,11273.15
4402,Trevor Hernandez,fortiz.4402@example.net,Jersey,2022-11-04,Premium,19561.64
4403,David Dunn,kaylaturner.4403@example.com,Latvia,2022-03-28,Standard,2603.65
4404,Julie Smith,wilsonalexis.4404@example.org,Ecuador,2026-05-30,Basic,185.98
4405,Edward Floyd,markfrank.4405@example.net,Antarctica (the territory South of 60 deg S),2024-03-22,Standard,1678.59
4406,Patricia Knight,tsanchez.4406@example.com,Nicaragua,2026-04-25,Premium,5085.36
4407,Meghan Fischer,qsandoval.4407@example.net,Northern Mariana Islands,2025-01-07,Basic,210.61
4408,Dr. Jessica Larson,greensusan.4408@example.net,Saint Vincent and the Grenadines,2024-10-11,Basic,738.4
4409,Alex Wyatt,joseskinner.4409@example.org,British Virgin Islands,2020-09-30,Premium,19960.01
4410,Jeffery Levine,hickmanerin.4410@example.org,Ecuador,2020-06-17,Standard,879.17
4411,Robyn Davis,johncervantes.4411@example.com,Solomon Islands,2020-04-23,Premium,5817.22
4412,Karen Smith,martinmichael.4412@example.org,Faroe Islands,2023-12-19,Basic,307.09
4413,Brittney Beasley,rebeccastevens.4413@example.org,Sri Lanka,2021-05-07,Standard,1448.4
4414,James Edwards,yphillips.4414@example.net,Turkey,2026-08-12,Basic,71.4
4415,Mark Wilson,jamiejones.4415@example.com,Taiwan,2020-11-19,Basic,118.17
4416,David Morales MD,bowmananthony.4416@example.org,Austria,2026-05-01,Standard,1389.52
4417,Ellen Martin,warddavid.4417@example.org,Tonga,2024-06-18,Premium,6237.57
4418,Mrs. Nicole Velasquez,cmueller.4418@example.net,Monaco,2020-09-15,Basic,675.95
4419,Jason Richmond,elizabeth56.4419@example.org,Germany,2020-05-22,Basic,601.24
4420,Donald Wilcox,joseph26.4420@example.net,Germany,2022-08-24,Basic,429.07
4421,Brittany Moreno,samuelschroeder.4421@example.com,Saint Helena,2022-04-07,Premium,9787.33
4422,Sarah Collins,brian14.4422@example.net,Antigua and Barbuda,2022-02-09,Basic,664.79
4423,Leslie Petersen,laurenanderson.4423@example.com,Malawi,2023-07-14,Basic,132.8
4424,Felicia Newman,steelestacy.4424@example.net,Malawi,2020-11-12,Basic,709.91
4425,Shane Moran,rogerssara.4425@example.com,Malawi,2020-11-12,Standard,337.42
4426,Rhonda Ward,willisnicole.4426@example.net,Solomon Islands,2024-08-23,Standard,2785.5
4427,Kara Burns,rhonda52.4427@example.com,El Salvador,2026-08-15,Standard,588.67
4428,Kevin Johnson,kimberly49.4428@example.com,Japan,2021-10-30,Basic,649.68
4429,Joseph Dixon,lindsay06.4429@example.org,Burkina Faso,2026-03-25,Basic,14.44
4430,Megan Diaz,bevans.4430@example.org,Haiti,2022-04-22,Standard,2482.22
4431,Matthew Roberts,tylerwheeler.4431@example.net,Spain,2022-03-31,Standard,1835.4
4432,Stephen King,gsmith.4432@example.org,Lao People's Democratic Republic,2020-08-08,Premium,2342.62
4433,Lindsey Williams,micheleking.4433@example.com,Saudi Arabia,2022-10-30,Standard,2367.79
4434,Mark King,nbrown.4434@example.org,Antarctica (the territory South of 60 deg S),2023-05-01,Basic,81.25
4435,Todd Bauer,zelliott.4435@example.org,Romania,2024-06-08,Premium,11718.3
4436,Anthony Anderson,hphillips.4436@example.net,Bahamas,2021-01-21,Standard,1129.61
4437,Michael Harper,karagood.4437@example.net,Vietnam,2021-04-05,Basic,607.33
4438,Brittney Middleton,stacie27.4438@example.net,Japan,2022-11-21,Standard,2589.02
4439,Molly Rogers,hartmanvictor.4439@example.com,South Georgia and the South Sandwich Islands,2020-06-19,Standard,1499.97
4440,Morgan Liu,cassandra59.4440@example.com,China,2020-12-16,Standard,2322.23
4441,Shane Becker PhD,uhardy.4441@example.org,Spain,2024-03-16,Standard,2766.55
4442,Charles Vega,scottrodriguez.4442@example.org,United Arab Emirates,2026-05-18,Premium,14405.61
4443,Max Anderson,martincarol.4443@example.org,Iceland,2023-10-31,Standard,1101.57
4444,Pamela Hill,murraysamantha.4444@example.com,Armenia,2020-12-20,Standard,1497.27
4445,Bobby Tran,jessica65.4445@example.net,Djibouti,2026-08-16,Standard,843.99
4446,Chad Booth,kruegertammie.4446@example.com,Bulgaria,2023-06-28,Standard,1483.54
4447,Gina Kelly,benjaminhampton.4447@example.com,South Africa,2024-10-16,Premium,6426.03
4448,Robert White DDS,scottvelazquez.4448@example.com,Ghana,2021-04-26,Premium,16530.5
4449,Brandi Alexander,jay37.4449@example.org,Cuba,2023-11-13,Premium,12978.51
4450,Tyler Wilson,lcarrillo.4450@example.org,American Samoa,2020-07-05,Premium,13398.43
4451,Cory Burton,nicolasburns.4451@example.org,El Salvador,2024-03-08,Basic,88.21
4452,Valerie House,khuber.4452@example.net,Guam,2021-05-09,Premium,2026.29
4453,Brian Johnson,nancyjones.4453@example.com,Cocos (Keeling) Islands,2026-01-30,Standard,2409.72
4454,Courtney Ortega,castroanita.4454@example.org,Montenegro,2020-05-13,Premium,11761.52
4455,Samuel Conway,brett93.4455@example.org,Bosnia and Herzegovina,2024-05-12,Premium,18767.96
4456,Natalie Holmes,cherylzhang.4456@example.com,Austria,2020-12-06,Premium,11670.31
4457,Sandra Horton,gabriellechavez.4457@example.com,Malta,2024-08-04,Standard,801.1
4458,Kaitlyn Thompson,robertmoran.4458@example.org,Monaco,2023-04-20,Standard,2155.73
4459,Sarah Cantrell,kmiller.4459@example.org,Guatemala,2026-06-20,Basic,560.79
4460,Jason Johnson,johnferrell.4460@example.net,Dominica,2024-05-10,Premium,3179.59
4461,Stephanie Black,charlesmurphy.4461@example.net,Kyrgyz Republic,2022-06-27,Standard,2142.22
4462,Christopher Smith,danny57.4462@example.net,Vietnam,2020-08-01,Basic,170.02
4463,Austin Rogers,bauermichelle.4463@example.net,Chile,2023-12-25,Standard,912.66
4464,Mario Henderson,david30.4464@example.org,Pakistan,2022-12-12,Premium,2565.46
4465,Gina Ritter,zachary75.4465@example.com,Namibia,2020-05-08,Premium,13292.7
4466,Luke Kerr,bailey14.4466@example.com,Christmas Island,2023-11-20,Premium,15171.13
4467,Jeremy Shaw,peterhowell.4467@example.net,Zimbabwe,2021-05-27,Basic,184.39
4468,Eric Ponce,dan14.4468@example.net,Czech Republic,2021-07-25,Standard,2419.11
4469,Deanna Morales,kathy50.4469@example.net,Botswana,2020-01-22,Standard,2333.69
4470,Edward Kane,qmcdowell.4470@example.net,Togo,2022-06-27,Basic,327.81
4471,Jessica Kline,daniel67.4471@example.com,Monaco,2021-06-17,Standard,391.03
4472,Theresa Patel,velliott.4472@example.net,Kiribati,2020-06-24,Standard,984.52
4473,Teresa Ellis,christine10.4473@example.com,Canada,2022-11-26,Premium,4977.72
4474,David Riley,froberts.4474@example.net,Mauritania,2021-06-21,Standard,2884.69
4475,Diana Lewis,jay70.4475@example.org,Tajikistan,2020-11-23,Premium,16719.4
4476,Kelly Thomas,reynoldsjoseph.4476@example.net,Uganda,2023-02-13,Standard,419.45
4477,Aaron Williams,tina78.4477@example.org,Niue,2020-06-03,Standard,1637.69
4478,Jacqueline Hartman,pauljones.4478@example.net,Christmas Island,2026-08-15,Basic,213.51
4479,Sandra Ayala,lyoder.4479@example.org,Wallis and Futuna,2023-02-24,Standard,289.93
4480,Daniel Peterson,elizabethfry.4480@example.org,Luxembourg,2026-08-29,Basic,257.84
4481,Virginia Moore MD,thomaspedro.4481@example.com,Anguilla,2025-11-22,Premium,4296.54
4482,Ashley Young,stephen89.4482@example.com,Romania,2026-07-20,Basic,178.19
4483,Joshua Ramsey,hunter66.4483@example.org,Afghanistan,2023-08-18,Premium,7877.73
4484,Amber Mckay,sabrina83.4484@example.com,Antarctica (the territory South of 60 deg S),2022-10-30,Basic,327.11
4485,Jennifer Pena,racheladams.4485@example.org,Brunei Darussalam,2024-10-23,Basic,374.75
4486,Lindsey Villarreal,ryan84.4486@example.net,Tonga,2020-07-16,Standard,1656.55
4487,Mr. Andrew Jimenez DVM,bvelasquez.4487@example.net,Bolivia,2025-08-13,Standard,1236.0
4488,Rachel Quinn MD,kristin37.4488@example.org,Trinidad and Tobago,2022-03-01,Basic,398.68
4489,Jeffrey Keller,sbraun.4489@example.org,Northern Mariana Islands,2020-01-19,Basic,334.29
4490,Shaun Knox,sallen.4490@example.com,Uganda,2021-08-03,Premium,19359.9
4491,Nancy Scott,zzimmerman.4491@example.com,Holy See (Vatican City State),2021-08-14,Basic,54.11
4492,Joshua Porter,hpatterson.4492@example.org,Bangladesh,2020-02-04,Premium,12547.12
4493,Danielle Swanson,george85.4493@example.org,Netherlands,2024-06-20,Standard,742.21
4494,Kenneth Miller,nthompson.4494@example.net,Central African Republic,2020-08-20,Standard,1251.23
4495,Kelly Randall,jamierobinson.4495@example.net,Uruguay,2025-08-29,Basic,437.17
4496,Michael Martinez,davidhart.4496@example.org,Tokelau,2023-01-11,Standard,2327.47
4497,Jorge Leblanc,dorothysmith.4497@example.net,Guernsey,2024-10-19,Standard,2937.65
4498,Ronald Estrada,ychavez.4498@example.com,Bouvet Island (Bouvetoya),2022-04-09,Standard,1582.14
4499,Ethan Kelley,ysantos.4499@example.com,Taiwan,2020-11-18,Standard,919.54
4500,Nancy Wood,barbaramcclain.4500@example.com,Palau,2021-03-16,Standard,2416.41
4501,Nicole Ross,yvasquez.4501@example.net,Holy See (Vatican City State),2024-04-26,Standard,820.4
4502,Karen Long,yball.4502@example.com,Monaco,2024-10-14,Basic,406.27
4503,Jeffrey Rivera,david85.4503@example.net,Gibraltar,2021-10-15,Standard,2570.79
4504,Kimberly Simpson,chadcox.4504@example.com,Burkina Faso,2022-05-22,Premium,9268.37
4505,Donald Jackson,dferrell.4505@example.com,Jersey,2026-04-26,Standard,1759.54
4506,Steve Jackson,,Sweden,2025-09-11,Premium,4151.9
4507,Rachel Hill,obowers.4507@example.net,Bahamas,2022-10-05,Standard,356.71
4508,Tyler Harris,imcbride.4508@example.com,Argentina,2021-08-11,Standard,2961.59
4509,Cory Stephens,francisdelacruz.4509@example.com,Comoros,2022-01-05,Standard,700.91
4510,Brian Melton,johnsmith.4510@example.org,Estonia,2023-08-07,Standard,1139.54
4511,Joseph Flores,moralesjohn.4511@example.net,Burkina Faso,2023-10-16,Standard,1613.12
4512,Donald Jenkins,michael96.4512@example.org,Kuwait,2021-03-25,Basic,299.58
4513,Jesse Armstrong,michael83.4513@example.com,Mayotte,2020-06-09,Standard,472.55
4514,Erin Novak,debrabryant.4514@example.org,Zimbabwe,2023-04-24,Standard,751.36
4515,Christina Randall,bsloan.4515@example.org,Rwanda,2025-05-01,Premium,10882.06
4516,John Ferguson,jennifer86.4516@example.net,Cambodia,2021-01-07,Premium,9898.43
4517,Lucas Aguilar,shirley60.4517@example.net,Bouvet Island (Bouvetoya),2022-09-24,Standard,2434.94
4518,John Padilla,banderson.4518@example.net,Chile,2021-01-29,Standard,1073.01
4519,Jeffrey Heath,phillipmcclure.4519@example.net,Taiwan,2021-08-14,Premium,18925.67
4520,Justin Roberson,washingtonbrittany.4520@example.org,Turks and Caicos Islands,2024-02-04,Premium,7090.59
4521,Tara Sweeney,davisnatalie.4521@example.org,Suriname,2021-11-29,Standard,1127.64
4522,Nathan Lowe,lawsonbrian.4522@example.net,Brunei Darussalam,2021-10-06,Standard,2858.08
4523,Thomas Martinez,lopezstephanie.4523@example.com,Tokelau,2026-08-28,Basic,672.39
4524,Guy Hogan,dana90.4524@example.net,Chile,2021-02-24,Standard,1087.51
4525,Andrew Myers,lisa46.4525@example.net,Jamaica,2021-04-07,Premium,9115.12
4526,Victoria Gomez,yrobinson.4526@example.org,Mali,2026-03-20,Standard,2558.33
4527,David Ryan,keithdennis.4527@example.com,Zimbabwe,2023-09-05,Premium,3549.61
4528,Scott Sherman,alexis07.4528@example.com,Taiwan,2020-04-15,Premium,7304.17
4529,Douglas Evans,cameron42.4529@example.org,Sao Tome and Principe,2022-11-03,Standard,1688.36
4530,Nichole Lewis,brandon45.4530@example.org,Tonga,2023-10-12,Standard,2520.93
4531,Sonia Franklin,shellyrobertson.4531@example.net,Lao People's Democratic Republic,2021-09-10,Premium,12163.1
4532,Christina Johnson,taylorjoseph.4532@example.com,Niger,2023-08-31,Standard,1571.38
4533,Michael Park,mcdonaldcole.4533@example.net,Dominican Republic,2024-05-02,Standard,2893.93
4534,Katherine Gomez,katherineburns.4534@example.net,Equatorial Guinea,2021-09-03,Premium,4095.39
4535,John Perez,csanders.4535@example.org,Gibraltar,2025-06-06,Basic,624.05
4536,Catherine Price,angela14.4536@example.com,Japan,2023-01-10,Standard,555.7
4537,Raymond Mcgee,morganfrances.4537@example.net,Brunei Darussalam,2026-06-10,Basic,586.26
4538,Timothy Garcia,harold02.4538@example.org,Turks and Caicos Islands,2020-08-02,Basic,434.47
4539,Christopher Montgomery,maria33.4539@example.net,Saint Vincent and the Grenadines,2022-03-02,Standard,941.01
4540,Michael Collier,william47.4540@example.com,Bangladesh,2024-10-27,Standard,1721.34
4541,Thomas Barker,carriemunoz.4541@example.org,Bouvet Island (Bouvetoya),2025-12-25,Basic,703.53
4542,Rachel Edwards,valeriereed.4542@example.org,Papua New Guinea,2021-06-25,Standard,1522.11
4543,Ann Shepard,rushlaurie.4543@example.org,Colombia,2026-07-21,Premium,2118.41
4544,Mikayla Nguyen,arthurhowe.4544@example.com,Benin,2021-04-17,Standard,358.5
4545,David Lewis,smithjoshua.4545@example.com,Ethiopia,2022-10-13,Standard,1971.38
4546,Dawn Moore,john29.4546@example.com,Senegal,2022-02-07,Basic,542.35
4547,Steve Alexander,welchsteven.4547@example.org,Saint Barthelemy,2022-11-02,Basic,321.42
4548,Katie Khan,luismurray.4548@example.org,Kiribati,2026-01-12,Basic,194.22
4549,Chelsea Christensen,elizabeth10.4549@example.net,Cuba,2024-11-23,Basic,572.77
4550,Christine Cantrell,smithbrianna.4550@example.org,Guam,2025-04-28,Standard,1051.65
4551,Diane Wood,ebrewer.4551@example.com,Isle of Man,2021-09-12,Standard,407.23
4552,Martha Allen,mendozaangela.4552@example.com,Falkland Islands (Malvinas),2026-05-01,Basic,327.69
4553,Sally Gomez,olittle.4553@example.org,Solomon Islands,2022-11-29,Basic,431.31
4554,Patricia Cook,hfoley.4554@example.com,San Marino,2024-05-11,Basic,772.5
4555,Jon Edwards,vnavarro.4555@example.org,Saudi Arabia,2024-08-30,Basic,473.78
4556,Sarah Porter,rothxavier.4556@example.org,Montenegro,2024-06-06,Standard,783.3
4557,Jennifer Mccormick,khoward.4557@example.com,American Samoa,2024-01-09,Standard,2530.14
4558,Jo Edwards,floyddanielle.4558@example.org,Cocos (Keeling) Islands,2023-03-18,Basic,233.19
4559,Anita Elliott,hdoyle.4559@example.com,Colombia,2024-04-30,Premium,19267.01
4560,Thomas Walters,markoconnor.4560@example.com,Taiwan,2026-01-19,Standard,1110.87
4561,Andrew Jones,shawnanderson.4561@example.com,Cambodia,2022-08-09,Standard,2746.65
4562,Kaitlyn Gardner,dparker.4562@example.org,Cyprus,2023-06-01,Standard,2661.07
4563,Alan Maxwell,lmoore.4563@example.net,Guyana,2021-03-15,Standard,2619.18
4564,Carol Little,larrywerner.4564@example.org,Antigua and Barbuda,2022-05-17,Premium,2708.94
4565,Stephanie Hawkins,moranemily.4565@example.com,Anguilla,2025-02-28,Premium,17297.66
4566,Rhonda Gonzalez,rtrujillo.4566@example.net,Austria,2024-04-12,Standard,2219.64
4567,Mrs. Kathleen Ellis DDS,nryan.4567@example.net,Australia,2021-05-30,Standard,1136.04
4568,William Bennett,twagner.4568@example.com,Georgia,2023-08-26,Premium,10821.77
4569,Krystal Parker,ryansutton.4569@example.org,Maldives,2025-06-05,Standard,1991.76
4570,Nicholas Moreno,rwagner.4570@example.net,Grenada,2020-10-29,Standard,2841.9
4571,Rebecca Bennett,matthewschultz.4571@example.org,Mongolia,2020-05-31,Standard,2384.24
4572,Nicholas Moore,jasongentry.4572@example.org,Ecuador,2022-08-17,Standard,1399.8
4573,Carol Woodward,jennifer68.4573@example.net,Saint Lucia,2024-05-22,Standard,2007.18
4574,Sheri Spence,taylor33.4574@example.com,Israel,2022-02-04,Basic,148.7
4575,Elizabeth Daniel,wgarcia.4575@example.org,Hungary,2025-06-27,Premium,9630.96
4576,Jonathan Dunn,paynetina.4576@example.net,Saudi Arabia,2025-08-29,Standard,2415.64
4577,David Shannon,nbender.4577@example.org,Equatorial Guinea,2023-07-24,Standard,1898.45
4578,Lisa Miller,molinaerin.4578@example.net,Japan,2022-07-14,Premium,16098.48
4579,Anthony Hoffman,robert13.4579@example.net,Mauritius,2020-04-11,Basic,407.85
4580,Kimberly Martinez,heatheryoung.4580@example.org,Mozambique,2025-06-29,Basic,304.11
4581,Maria Tyler,josephfisher.4581@example.org,Costa Rica,2025-12-26,Standard,2279.11
4582,Lisa Roman,msheppard.4582@example.org,Bermuda,2022-12-16,Basic,75.0
4583,Brendan Duran,ernestmarsh.4583@example.org,Cocos (Keeling) Islands,2023-06-15,Standard,2940.1
4584,Christian Jones,smitheric.4584@example.net,Congo,2025-01-14,Standard,2855.45
4585,Austin Tate,lisafoster.4585@example.net,Nauru,2024-08-25,Premium,17846.63
4586,Joshua Herman,christopherwashington.4586@example.org,Liberia,2020-11-26,Premium,17917.01
4587,Albert Charles,austinrodriguez.4587@example.net,Ecuador,2024-06-29,Standard,1630.96
4588,Stuart Terry,alvaradostephen.4588@example.net,American Samoa,2026-03-07,Standard,1594.25
4589,Yolanda Goodman,,Zambia,2025-01-07,Standard,2496.23
4590,Carrie Carter,vbennett.4590@example.org,Georgia,2023-03-19,Standard,993.12
4591,Karen Watson,jonathanrobinson.4591@example.net,Barbados,2023-07-01,Standard,2579.76
4592,Ashley Bray,justin74.4592@example.com,Azerbaijan,2021-09-26,Premium,5615.84
4593,Charlotte Johnson,esmith.4593@example.org,Equatorial Guinea,2024-06-01,Standard,2661.5
4594,Alexandra Kane,williamsjohn.4594@example.net,Venezuela,2021-08-12,Premium,11739.53
4595,Ryan Jackson,justinreeves.4595@example.net,Hong Kong,2022-04-14,Standard,2560.99
4596,Derek Jones,johnsonmichelle.4596@example.net,Djibouti,2021-10-09,Standard,1580.8
4597,Janice Ward,feliciawebster.4597@example.org,Palau,2022-03-29,Basic,486.75
4598,John Reed,hensonchristopher.4598@example.org,French Guiana,2022-06-14,Premium,18682.15
4599,James Frazier,allisonwhitehead.4599@example.org,Bolivia,2020-07-21,Standard,1370.99
4600,Victoria Mcdonald,moraleswilliam.4600@example.org,Switzerland,2024-10-18,Basic,176.23
4601,Brendan Lopez,mdoyle.4601@example.org,Indonesia,2022-12-12,Premium,3637.65
4602,Carolyn Williams,karen67.4602@example.org,Montserrat,2026-05-07,Standard,1851.94
4603,Diane Nunez,christopher53.4603@example.net,Guyana,2021-03-17,Premium,12999.53
4604,Grant West,chrisboyd.4604@example.org,South Africa,2024-06-21,Premium,13172.69
4605,Eddie Hickman,aaron48.4605@example.com,Kiribati,2021-03-13,Standard,304.07
4606,Leonard Williams,halltyler.4606@example.com,Albania,2023-08-29,Premium,2493.48
4607,Edward Williams,wendysantos.4607@example.com,Vietnam,2023-04-13,Standard,2707.17
4608,Steven Ramos,marcrobbins.4608@example.org,Korea,2022-12-31,Basic,556.4
4609,Krystal Wilson,usanchez.4609@example.org,Portugal,2024-05-17,Standard,517.29
4610,Amy Lee,davidward.4610@example.org,Antarctica (the territory South of 60 deg S),2025-07-15,Premium,3343.46
4611,Stephen Carlson,ywoodard.4611@example.net,Haiti,2022-02-12,Basic,129.49
4612,Michael Little,whiteblake.4612@example.com,Switzerland,2025-09-05,Standard,2459.37
4613,Anthony Long,melissa71.4613@example.net,Mauritius,2021-03-27,Basic,578.47
4614,Kristi Crane,sheila79.4614@example.com,Norfolk Island,2021-12-16,Standard,1988.23
4615,Jo Keller,martinstephanie.4615@example.com,Anguilla,2022-01-28,Standard,1994.21
4616,Mary Martinez,cynthia81.4616@example.org,Bahamas,2026-05-17,Basic,687.1
4617,Gabriela Russell,garciakaren.4617@example.com,South Africa,2020-10-16,Premium,8002.26
4618,Gina Adams,amarshall.4618@example.org,Iran,2022-08-22,Basic,257.78
4619,Joanna Torres,davisbenjamin.4619@example.org,Belarus,2022-11-02,Standard,1391.2
4620,Christian Harris,dberg.4620@example.org,Albania,2025-05-07,Basic,791.74
4621,Shane Alexander,jane53.4621@example.com,Palestinian Territory,2023-04-01,Premium,11988.18
4622,Thomas Fields,marcuslopez.4622@example.org,Norway,2026-06-18,Standard,1731.32
4623,David Fletcher,amandawarren.4623@example.net,Luxembourg,2024-12-12,Premium,16572.69
4624,Tiffany Lewis,tiffanybernard.4624@example.net,Saint Kitts and Nevis,2024-09-14,Basic,142.45
4625,Amanda Ochoa,jackie02.4625@example.net,Ecuador,2025-01-12,Premium,9297.22
4626,Kelsey Cannon,mwade.4626@example.net,France,2021-01-29,Premium,13544.52
4627,Emma Blake,joseph73.4627@example.net,South Africa,2023-01-01,Basic,790.41
4628,Kristen Stanley,david39.4628@example.org,Iraq,2023-12-02,Standard,632.51
4629,William Perez,kristinamoore.4629@example.org,Dominica,2021-05-24,Standard,1465.67
4630,Jennifer Lee,patty62.4630@example.org,Faroe Islands,2020-10-17,Standard,2735.63
4631,James Gonzalez,wilsonhayley.4631@example.org,Turkmenistan,2020-11-27,Standard,2231.49
4632,Sean Hawkins,gregory63.4632@example.com,Cocos (Keeling) Islands,2025-04-11,Premium,13048.04
4633,Jack Lloyd,jamesstevens.4633@example.com,British Indian Ocean Territory (Chagos Archipelago),2024-05-23,Standard,919.9
4634,John Baker,james42.4634@example.org,Morocco,2021-11-17,Standard,724.19
4635,Carol Hess,kelly95.4635@example.com,Norfolk Island,2024-12-05,Standard,1247.79
4636,Stephanie Jones,hayden46.4636@example.org,Nigeria,2024-08-24,Standard,914.3
4637,Maria Thompson,martinezrenee.4637@example.com,El Salvador,2025-06-16,Premium,16552.57
4638,Wanda Thompson,lroberts.4638@example.net,Kazakhstan,2026-01-31,Basic,576.56
4639,Sonia Brooks,marcuspearson.4639@example.net,Oman,2025-11-24,Premium,17033.57
4640,Robert Green,wardmelissa.4640@example.org,Western Sahara,2021-03-18,Standard,679.03
4641,Keith Lowery,roblesjeffrey.4641@example.com,Ukraine,2025-02-21,Standard,1067.91
4642,Frederick Gonzalez,brandonrosario.4642@example.net,Belarus,2022-08-17,Standard,2351.94
4643,Elijah Clements,ramseychristopher.4643@example.com,Samoa,2022-09-11,Basic,130.84
4644,Elizabeth Garner,rnichols.4644@example.com,Svalbard & Jan Mayen Islands,2024-04-29,Standard,607.69
4645,Noah Garza,mccallcrystal.4645@example.org,Brazil,2024-01-10,Basic,306.45
4646,Paul Gentry,graymichelle.4646@example.net,New Caledonia,2022-10-21,Standard,722.02
4647,Katherine Sosa,ibarradylan.4647@example.org,Niue,2026-09-06,Basic,63.12
4648,Deborah Miller,cruzalbert.4648@example.org,Mozambique,2021-03-02,Basic,250.22
4649,Nicholas Lee,garciarachel.4649@example.com,Israel,2020-08-24,Premium,17760.79
4650,William Martin,smithjonathan.4650@example.org,Vanuatu,2020-03-11,Basic,45.23
4651,Ashley Thompson,gmccormick.4651@example.org,Micronesia,2025-06-11,Basic,452.88
4652,Kimberly Thomas,qoneal.4652@example.net,Argentina,2022-09-19,Standard,1776.41
4653,Robin Goodwin,wmontgomery.4653@example.com,Korea,2022-12-03,Premium,11555.13
4654,Ryan Taylor,frank01.4654@example.com,India,2024-05-04,Premium,11099.16
4655,Michael Ferguson,mayjeffrey.4655@example.com,Jamaica,2022-11-29,Standard,248.26
4656,Michael Cameron,higginsmichael.4656@example.com,Saint Vincent and the Grenadines,2023-11-02,Standard,332.86
4657,Steven Hurst,stephen57.4657@example.net,Reunion,2020-05-22,Standard,1631.38
4658,Mr. Matthew Burke MD,brittanyjohnson.4658@example.com,Switzerland,2021-01-16,Standard,2911.27
4659,Mario Williams,peterhamilton.4659@example.com,Namibia,2026-03-26,Standard,1342.33
4660,Aaron Campbell,catherineblair.4660@example.net,Tanzania,2023-01-05,Premium,10501.88
4661,Jessica Johnson,ashleyhester.4661@example.com,Burkina Faso,2021-02-12,Premium,19677.14
4662,Jessica Smith,katrina69.4662@example.net,Niger,2022-06-21,Premium,16024.04
4663,Thomas Smith,tlewis.4663@example.net,Libyan Arab Jamahiriya,2022-03-28,Basic,616.09
4664,Earl Price,megan21.4664@example.org,Panama,2021-10-31,Standard,1613.26
4665,Kelsey Walter,noahroberson.4665@example.com,Bulgaria,2021-12-18,Basic,718.33
4666,Richard Schultz,michael40.4666@example.net,Gibraltar,2024-11-15,Basic,464.94
4667,Margaret Ruiz,vbrooks.4667@example.org,Korea,2020-09-17,Basic,525.36
4668,Patricia Morris,benjamin76.4668@example.net,Ukraine,2022-01-26,Standard,2405.16
4669,Rebecca Gomez,toddheath.4669@example.net,Uruguay,2023-02-16,Basic,325.27
4670,Natasha Gallegos,markjackson.4670@example.com,Italy,2023-08-12,Basic,762.62
4671,John Nguyen,omcguire.4671@example.org,Chile,2025-11-20,Basic,790.41
4672,Lisa Hart,melissachapman.4672@example.net,Senegal,2026-03-04,Premium,12568.48
4673,Jennifer Scott,kmurphy.4673@example.org,Tunisia,2021-12-27,Standard,821.76
4674,Debra Kim,thomaslori.4674@example.net,Bahamas,2023-08-09,Premium,15948.24
4675,Carl Thomas,katherine59.4675@example.net,Mongolia,2020-02-24,Premium,7798.49
4676,Andrea Kaiser,terry53.4676@example.net,Peru,2024-02-15,Standard,1815.89
4677,Duane Jones,pbrooks.4677@example.com,Bulgaria,2021-01-08,Basic,69.36
4678,Hector Johnson,badkins.4678@example.com,Somalia,2020-06-27,Premium,16533.03
4679,Kyle Fox,jamesmcclure.4679@example.org,Comoros,2024-06-28,Premium,19263.57
4680,Gregory Morrison,lthomas.4680@example.net,Switzerland,2021-03-11,Basic,75.38
4681,Michael Austin,donnaholt.4681@example.org,Liberia,2023-03-11,Premium,15168.78
4682,Christina Clayton PhD,brocklinda.4682@example.org,Djibouti,2020-09-03,Premium,17495.1
4683,Matthew Wright,wagnernathaniel.4683@example.com,Palau,2024-12-25,Basic,87.6
4684,Larry Gonzalez,lbrown.4684@example.net,Cyprus,2025-02-10,Basic,197.44
4685,Melinda Jones,ilozano.4685@example.org,Mozambique,2023-11-04,Standard,1297.24
4686,Kathleen Ellis,sarahwashington.4686@example.net,Kyrgyz Republic,2025-08-03,Standard,2542.93
4687,Joy Collins,aallen.4687@example.com,Guernsey,2022-12-02,Standard,1581.61
4688,Kathy Austin,mark03.4688@example.com,Sri Lanka,2021-03-31,Standard,583.5
4689,Marcus Andrews,james11.4689@example.org,Holy See (Vatican City State),2021-01-04,Basic,205.1
4690,Brandy Vazquez,jimmywilliams.4690@example.net,Comoros,2021-06-19,Basic,373.9
4691,Matthew Edwards,harriserika.4691@example.org,San Marino,2021-05-04,Standard,309.94
4692,Charles Flynn,marshalldouglas.4692@example.com,American Samoa,2022-02-28,Standard,1966.79
4693,Zachary Francis,talexander.4693@example.org,French Southern Territories,2021-06-07,Standard,270.9
4694,Timothy Irwin,lisa76.4694@example.org,France,2023-12-14,Premium,16055.68
4695,Shawn Snow,jessicascott.4695@example.org,Korea,2020-12-28,Standard,2254.78
4696,Gabriel Woods,brianaguilar.4696@example.org,Chile,2024-02-27,Premium,17577.92
4697,Patricia Ward,gary02.4697@example.org,Niger,2022-03-26,Basic,126.17
4698,Christopher Baker,shawntate.4698@example.org,Seychelles,2024-08-04,Standard,1887.24
4699,Tonya Greer,vargaspamela.4699@example.net,Guinea-Bissau,2023-06-06,Standard,2386.88
4700,Nicole Graves,cruzjessica.4700@example.net,Falkland Islands (Malvinas),2026-01-19,Standard,1644.1
4701,Randall Thomas,mary64.4701@example.com,Sweden,2022-12-10,Basic,104.64
4702,Shane Good,johnsoncharles.4702@example.com,Turkey,2021-12-21,Basic,79.14
4703,Steve Cobb,xsimpson.4703@example.com,Macao,2023-12-09,Standard,1896.51
4704,Andrew Barry,mgill.4704@example.net,Gabon,2024-05-27,Premium,10956.94
4705,Meghan Perez,chayes.4705@example.net,Liechtenstein,2022-12-08,Basic,743.65
4706,Susan Wolfe,katherinebenton.4706@example.org,Azerbaijan,2023-09-28,Premium,17009.13
4707,Mark Allen,elizabeth77.4707@example.net,Reunion,2023-02-23,Standard,2226.5
4708,Daniel Evans,pwilliams.4708@example.org,San Marino,2022-01-16,Premium,19683.14
4709,Janice Adams,imatthews.4709@example.net,Liberia,2022-02-04,Basic,555.69
4710,Michelle Dawson,megan75.4710@example.com,Papua New Guinea,2026-01-24,Premium,3662.53
4711,Steven Morgan Jr.,mistywolf.4711@example.com,Guinea,2024-07-07,Standard,417.18
4712,Andrea Howard,hendersonnicole.4712@example.net,Lao People's Democratic Republic,2020-08-21,Standard,2484.43
4713,Angela Fisher,schwartzmichael.4713@example.com,Monaco,2026-06-07,Standard,1209.97
4714,Cynthia King,tina93.4714@example.com,Northern Mariana Islands,2024-10-04,Standard,2787.99
4715,Jason Boyer,petersonnicole.4715@example.com,Barbados,2020-05-02,Basic,94.6
4716,Dean Watson,jamiecook.4716@example.org,Belarus,2024-11-12,Basic,159.03
4717,Angela Thomas,nathaniellawson.4717@example.org,Russian Federation,2023-12-10,Standard,2364.87
4718,Kristin Wolf,cberger.4718@example.net,Turkey,2026-02-13,Standard,2572.93
4719,Laura Wilcox,jriley.4719@example.com,Niue,2023-04-10,Basic,693.76
4720,Danny Bailey,fstevenson.4720@example.net,Lithuania,2023-06-20,Basic,79.31
4721,Virginia White,greenjamie.4721@example.net,Guatemala,2022-02-07,Standard,1269.05
4722,Brandi Campbell,hendersondean.4722@example.org,Namibia,2022-02-24,Standard,2009.88
4723,Ann Petersen,rodriguezpeter.4723@example.org,Tokelau,2024-02-17,Premium,18538.32
4724,Joseph Contreras,rsanchez.4724@example.net,Czech Republic,2025-07-14,Premium,6302.27
4725,Adam Lopez,ysmith.4725@example.org,Israel,2025-12-15,Premium,12806.17
4726,James Oliver IV,vharris.4726@example.com,Seychelles,2025-02-25,Premium,4583.35
4727,Michelle Robinson,lauren04.4727@example.org,Samoa,2024-01-29,Premium,15451.02
4728,Joseph Fletcher,taylorsmith.4728@example.org,Gabon,2023-05-06,Basic,102.02
4729,Nathaniel Cobb,yclark.4729@example.com,Taiwan,2022-04-09,Basic,799.99
4730,Brittany Sanford,jmiller.4730@example.net,Syrian Arab Republic,2025-02-18,Basic,73.81
4731,Lauren Wagner,mcdanielruben.4731@example.net,Isle of Man,2022-02-15,Standard,2118.94
4732,Tracy Baxter,donnahart.4732@example.org,Russian Federation,2021-10-16,Standard,2375.71
4733,Julie Pope,davissarah.4733@example.net,Antarctica (the territory South of 60 deg S),2025-10-20,Premium,6643.82
4734,Matthew Mays,danacoleman.4734@example.com,Gabon,2023-12-10,Standard,913.52
4735,Jason Sweeney,ethompson.4735@example.net,Mozambique,2022-05-15,Standard,1869.21
4736,Anthony Thompson DDS,matthew33.4736@example.net,Fiji,2025-10-13,Standard,1965.33
4737,Michael Wade,walltracy.4737@example.org,Botswana,2026-06-08,Basic,576.42
4738,Michael Benton,ericking.4738@example.com,Greenland,2022-02-15,Basic,464.24
4739,Amber Drake,ghayes.4739@example.net,Slovenia,2023-06-27,Standard,688.51
4740,Joy Jones,brianpowell.4740@example.com,Reunion,2023-03-26,Basic,739.31
4741,Joshua Jones,srivera.4741@example.net,Guinea-Bissau,2024-09-09,Premium,4999.01
4742,Jonathan Jackson,laurengreene.4742@example.net,Albania,2026-05-11,Premium,12174.29
4743,Jason Andrews,murphyjoshua.4743@example.com,Ecuador,2023-09-01,Premium,18560.05
4744,Ryan Taylor,aswanson.4744@example.com,United Arab Emirates,2025-05-03,Premium,18433.45
4745,Keith Murphy,susanwarner.4745@example.com,Ethiopia,2023-12-25,Standard,670.14
4746,Scott Carpenter,prestonsusan.4746@example.net,French Polynesia,2025-12-06,Standard,868.09
4747,Erica Castillo,emilygarner.4747@example.com,Sudan,2022-09-15,Premium,12833.31
4748,Tamara Herrera,eboyer.4748@example.net,Jordan,2022-07-29,Basic,269.73
4749,Sarah Terry,colleen00.4749@example.net,Nepal,2022-10-28,Standard,2246.47
4750,Daniel Terry,jennifer78.4750@example.org,Saint Vincent and the Grenadines,2026-08-30,Standard,1662.73
4751,Tammy Riley,susan93.4751@example.com,Finland,2024-02-02,Standard,945.05
4752,Justin Murphy,mooresteve.4752@example.com,Denmark,2021-01-07,Standard,1350.91
4753,Whitney Gonzales,hjohnson.4753@example.com,Afghanistan,2020-04-09,Standard,2135.11
4754,Michelle Pierce,anthonyhodge.4754@example.org,Mexico,2023-06-20,Standard,2398.4
4755,Jennifer Woods,hardingeric.4755@example.net,Cyprus,2025-05-21,Basic,295.65
4756,Courtney Schroeder,bmartin.4756@example.org,Macao,2023-03-16,Standard,493.96
4757,Mr. Brian Fuller,valeriebennett.4757@example.com,Afghanistan,2023-09-30,Standard,1189.18
4758,Sarah Chapman,richard57.4758@example.com,Liechtenstein,2025-05-03,Premium,13348.47
4759,Christina Sanchez,qjohnson.4759@example.com,India,2023-06-14,Basic,607.87
4760,Debra Simmons DDS,jessica09.4760@example.net,Martinique,2026-01-27,Standard,2663.05
4761,Nicole Holmes,pfrancis.4761@example.net,Macao,2024-04-06,Standard,2893.44
4762,William Taylor,dferguson.4762@example.org,Namibia,2024-11-20,Basic,423.49
4763,William Waters,robertokhan.4763@example.org,Ukraine,2025-03-23,Standard,2664.58
4764,Adrian Davis,parksanna.4764@example.net,French Polynesia,2024-03-10,Premium,6717.4
4765,Patricia Smith,umartinez.4765@example.net,Anguilla,2020-05-02,Standard,1767.02
4766,Joseph Hurley,hendricksemily.4766@example.org,Equatorial Guinea,2022-11-09,Standard,1710.28
4767,Eric Crawford,walexander.4767@example.net,Ecuador,2020-12-11,Basic,614.96
4768,Amanda Munoz,omullins.4768@example.net,Bosnia and Herzegovina,2023-05-31,Standard,2364.74
4769,Barry Robinson,danielschmidt.4769@example.net,Botswana,2020-12-15,Standard,998.96
4770,Kimberly King,susanbell.4770@example.org,Somalia,2023-05-28,Standard,2680.41
4771,Lauren Williams,michaeljones.4771@example.org,Saudi Arabia,2022-04-19,Standard,2696.18
4772,Kenneth Brown,carolyn09.4772@example.com,Cocos (Keeling) Islands,2020-02-19,Premium,19068.35
4773,Amanda Vega,annette99.4773@example.net,Senegal,2020-10-31,Basic,366.12
4774,Victoria Price,johndaniels.4774@example.com,Jersey,2023-05-13,Premium,19773.46
4775,Kelly Hurley,chaneypaul.4775@example.org,Ukraine,2020-07-11,Basic,627.93
4776,Daniel Salazar,shannonkimberly.4776@example.com,Latvia,2025-09-21,Basic,522.55
4777,Cheyenne Rice,amandamitchell.4777@example.net,Malawi,2025-01-26,Premium,9780.64
4778,Madeline Salas,rickmartin.4778@example.net,Svalbard & Jan Mayen Islands,2024-09-28,Basic,673.94
4779,Dana Jackson,lthornton.4779@example.com,Albania,2021-02-24,Basic,611.31
4780,Gabriel Walker,tmartinez.4780@example.net,Sweden,2025-04-27,Standard,1839.56
4781,Jeffrey Cole,jonesterry.4781@example.com,Tajikistan,2024-03-29,Standard,2992.01
4782,Dr. Robin Hansen,lsnyder.4782@example.org,New Caledonia,2022-08-11,Premium,6490.3
4783,Kerry Haas,kathrynbaxter.4783@example.org,Kenya,2020-01-02,Premium,13551.57
4784,Nicole Lopez,linda40.4784@example.com,Philippines,2023-07-15,Basic,256.9
4785,John Wheeler DDS,clarkalexander.4785@example.com,Ethiopia,2025-04-27,Premium,10241.18
4786,Paul Marshall,lbates.4786@example.com,Comoros,2020-03-22,Standard,1149.05
4787,Melissa Davis,acampbell.4787@example.com,Samoa,2020-05-08,Standard,1136.75
4788,Nathan Kaufman,leslie75.4788@example.org,French Southern Territories,2022-07-24,Premium,8782.87
4789,Ryan Munoz,tonyamorris.4789@example.net,Australia,2023-06-03,Basic,45.34
4790,Ashley Rodriguez,velasquezmichael.4790@example.org,Saint Pierre and Miquelon,2023-03-04,Basic,31.89
4791,Hailey Flores,palvarez.4791@example.org,Japan,2022-11-06,Basic,579.94
4792,Matthew Potter,jill70.4792@example.net,Tanzania,2021-09-15,Premium,7596.35
4793,Wendy Villarreal,walleramy.4793@example.net,Czech Republic,2020-05-26,Standard,259.4
4794,Troy Williams,ryan02.4794@example.com,Uruguay,2020-03-17,Basic,65.18
4795,Sarah Waters,julie56.4795@example.org,Morocco,2020-08-29,Standard,748.38
4796,Randy Hayes,johnhanson.4796@example.com,Guadeloupe,2024-08-12,Standard,334.99
4797,Sarah Mays,stewartnicole.4797@example.com,Northern Mariana Islands,2025-04-03,Standard,2849.21
4798,Christina Martin,richardnichols.4798@example.org,Ethiopia,2022-11-28,Standard,1791.41
4799,Megan Mejia,stevengray.4799@example.net,Saint Barthelemy,2020-07-08,Standard,1303.27
4800,Jason Trujillo,dcarpenter.4800@example.net,Zambia,2022-10-12,Standard,1691.59
4801,Marisa Ramirez,cynthiajohnson.4801@example.net,Monaco,2026-08-03,Premium,4030.76
4802,Brendan Ritter,sgoodwin.4802@example.org,Comoros,2021-09-02,Basic,561.48
4803,Diana Ingram,hoganeric.4803@example.net,Rwanda,2023-04-14,Standard,2914.85
4804,Melissa Camacho,sarahmiles.4804@example.org,Serbia,2023-08-06,Premium,4351.83
4805,Sharon Davis,plopez.4805@example.net,Macao,2022-03-16,Basic,122.08
4806,Lisa Flores,joshua54.4806@example.org,Ukraine,2022-12-05,Standard,1960.26
4807,Hannah Walker,christophercannon.4807@example.org,Cook Islands,2023-02-25,Standard,625.4
4808,Eric Salazar,williamjordan.4808@example.org,Gambia,2023-03-03,Basic,100.84
4809,Heather Garcia,wriley.4809@example.net,Switzerland,2024-10-18,Basic,536.39
4810,Patrick Richardson,fpena.4810@example.org,Malta,2023-11-19,Standard,1932.24
4811,Emily Carter,ithompson.4811@example.com,Niue,2020-05-10,Basic,174.19
4812,Samantha Hahn,kennethhughes.4812@example.net,China,2020-01-16,Standard,2504.9
4813,Cassandra Harper,andrewjackson.4813@example.com,Pakistan,2022-09-29,Standard,494.7
4814,Dale Smith,randall36.4814@example.org,Micronesia,2026-01-25,Premium,7986.35
4815,Tracy Hernandez,paul17.4815@example.org,Seychelles,2020-03-31,Premium,15299.62
4816,Anthony Bryan,youngjared.4816@example.com,Finland,2020-06-22,Standard,1918.92
4817,Robert Allen,fcampbell.4817@example.net,Timor-Leste,2024-07-16,Standard,1880.2
4818,Amy Sampson,michelefrazier.4818@example.org,Bolivia,2023-01-06,Basic,549.02
4819,William Maddox,xjenkins.4819@example.com,Malta,2021-07-17,Standard,2010.1
4820,Aaron Reid,michael54.4820@example.org,Korea,2021-05-21,Standard,2647.96
4821,Ryan Schultz,khernandez.4821@example.com,Malawi,2024-06-11,Basic,455.01
4822,Patricia Burgess,alison10.4822@example.com,Saint Vincent and the Grenadines,2023-07-03,Basic,321.03
4823,Kevin Walsh,whitepedro.4823@example.org,Kenya,2024-04-07,Standard,2345.05
4824,Lori Stout,cheyenne53.4824@example.net,Saint Helena,2021-11-15,Basic,207.39
4825,Vincent Butler,ivance.4825@example.com,Niue,2023-07-09,Basic,607.67
4826,Dr. Connie Carey,sgardner.4826@example.com,United States of America,2025-10-01,Premium,7039.71
4827,Denise Prince,jordanbrian.4827@example.org,Singapore,2022-02-12,Standard,1545.07
4828,Robert May,michaelnewton.4828@example.org,American Samoa,2022-08-25,Standard,2269.74
4829,Christopher Stanley,navila.4829@example.net,Anguilla,2021-02-03,Standard,1957.45
4830,David Morgan,danielle06.4830@example.com,Venezuela,2024-04-08,Standard,439.93
4831,Dawn Andrews,dianeparsons.4831@example.com,Ghana,2020-03-20,Standard,1450.37
4832,Sharon Neal,jonathan12.4832@example.net,French Guiana,2021-08-30,Basic,649.48
4833,Megan Dunn,erichoover.4833@example.org,Guinea-Bissau,2024-10-07,Standard,2990.94
4834,Brian Alexander,brandonwillis.4834@example.net,India,2020-02-17,Standard,1507.03
4835,Carol Hanna,wilsonlisa.4835@example.com,Thailand,2026-08-12,Basic,68.74
4836,Paul Greene,katherine73.4836@example.net,Djibouti,2022-09-13,Basic,292.95
4837,Perry Tucker,john32.4837@example.com,Netherlands Antilles,2022-08-31,Basic,391.94
4838,Katie Campbell,ycervantes.4838@example.org,Australia,2023-08-03,Standard,405.6
4839,Kevin Adams,timothylong.4839@example.com,Tajikistan,2024-04-09,Premium,17556.66
4840,Ms. Margaret Nicholson,jo03.4840@example.org,France,2023-01-27,Standard,1708.62
4841,Kaylee Burnett,irios.4841@example.net,Grenada,2025-11-29,Standard,1365.12
4842,Kathleen Rodriguez,molinajoseph.4842@example.net,Myanmar,2026-06-07,Standard,1312.12
4843,Julie Jackson,huffdavid.4843@example.org,Bahamas,2021-05-04,Basic,22.65
4844,Crystal Rodriguez,webbkeith.4844@example.com,Barbados,2024-09-22,Standard,1652.85
4845,Curtis Scott,qmartinez.4845@example.net,India,2022-01-04,Standard,1531.61
4846,Katelyn Clark,rose86.4846@example.com,French Polynesia,2026-08-28,Standard,1168.48
4847,Daniel Gray,carol66.4847@example.org,Azerbaijan,2021-09-10,Standard,2044.3
4848,Justin Daniels,melissa74.4848@example.org,Congo,2021-12-21,Standard,1350.89
4849,Heather Mathews,nblack.4849@example.net,Somalia,2024-10-10,Basic,457.41
4850,Autumn Smith,adam39.4850@example.org,Indonesia,2025-04-10,Premium,17930.76
4851,Jessica Castro,timothy75.4851@example.org,Yemen,2020-11-10,Basic,291.11
4852,John Jones,robinsonjoy.4852@example.com,Germany,2023-09-18,Premium,9162.63
4853,David Cruz,joseholland.4853@example.org,Ethiopia,2022-04-24,Standard,2624.53
4854,Louis Smith,chelseasuarez.4854@example.net,Zimbabwe,2024-02-02,Basic,286.48
4855,Sarah Williams,john52.4855@example.net,Palau,2023-09-21,Premium,9908.53
4856,Donna Grimes,jacob98.4856@example.com,Bermuda,2026-08-04,Premium,16414.62
4857,Elizabeth Good,kinglisa.4857@example.com,Faroe Islands,2026-03-30,Standard,1857.23
4858,Amanda Hodges,pharris.4858@example.com,Zambia,2024-05-16,Standard,2814.88
4859,Eric Carson,johnstonrobert.4859@example.net,Iceland,2024-07-17,Premium,10471.93
4860,Richard Johnson,bailey73.4860@example.net,Cook Islands,2026-01-03,Premium,10622.48
4861,Sarah Carpenter,andrew73.4861@example.com,Uzbekistan,2021-03-24,Premium,2772.71
4862,Michele Crawford,stonejulie.4862@example.com,Turks and Caicos Islands,2024-11-07,Standard,752.45
4863,Micheal Martin,ruben43.4863@example.org,Bosnia and Herzegovina,2025-02-28,Standard,1712.0
4864,Jessica Leblanc,zstanley.4864@example.org,Namibia,2020-11-07,Basic,149.69
4865,David Hines,hugheswilliam.4865@example.org,British Indian Ocean Territory (Chagos Archipelago),2025-11-22,Basic,362.87
4866,Sylvia Barnes DVM,bakermichele.4866@example.com,Bouvet Island (Bouvetoya),2024-09-03,Premium,7099.71
4867,Ronnie Tran,paullamb.4867@example.net,Cambodia,2022-04-27,Standard,258.28
4868,Sarah Hicks,martintracy.4868@example.net,United States Minor Outlying Islands,2023-03-28,Premium,10551.97
4869,Shawn Johnson,jonathanmoses.4869@example.net,Marshall Islands,2023-04-10,Standard,2009.56
4870,Cheryl Reeves,cory58.4870@example.com,Bahamas,2026-02-21,Standard,1147.05
4871,Isabella Powell,jason63.4871@example.org,Lithuania,2026-06-24,Basic,621.22
4872,Dawn Mckinney,snyderdavid.4872@example.net,Tanzania,2025-05-24,Standard,608.95
4873,Nicholas Johnson,nelsonkevin.4873@example.org,Kenya,2024-05-11,Standard,455.62
4874,Jay Novak,robert23.4874@example.org,Armenia,2020-09-11,Standard,2817.56
4875,Jason Yang,mmack.4875@example.com,Christmas Island,2026-02-11,Basic,737.33
4876,Natalie Green,kara42.4876@example.com,Namibia,2020-11-23,Standard,1338.32
4877,Scott Wilson,vjohnston.4877@example.net,Timor-Leste,2021-02-11,Standard,1375.81
4878,Roger Morris,znorris.4878@example.com,Falkland Islands (Malvinas),2020-06-18,Basic,680.83
4879,Julia Castro,xoconnor.4879@example.net,Wallis and Futuna,2026-05-03,Standard,1685.46
4880,Sara Morris,stephaniewashington.4880@example.org,Namibia,2023-04-19,Standard,527.92
4881,Melissa Simpson,michaelklein.4881@example.org,British Indian Ocean Territory (Chagos Archipelago),2021-07-30,Standard,521.65
4882,Dylan Walker,james60.4882@example.net,Angola,2020-07-16,Standard,567.17
4883,Amy Carter,bryan25.4883@example.com,Cook Islands,2022-10-03,Standard,2386.14
4884,Charles Frank,ortizrandy.4884@example.com,Afghanistan,2024-11-02,Premium,12834.13
4885,Michelle Barker,jrodriguez.4885@example.com,Bosnia and Herzegovina,2026-08-25,Standard,1039.35
4886,Shane Juarez,vjordan.4886@example.com,Christmas Island,2023-09-10,Standard,653.81
4887,Melissa Clark,umoore.4887@example.net,Mexico,2024-01-22,Basic,98.77
4888,Timothy Jackson,tuckerjennifer.4888@example.com,Turks and Caicos Islands,2025-08-03,Basic,593.11
4889,Trevor Foster,vjohnson.4889@example.com,Djibouti,2026-01-11,Basic,708.69
4890,John Rogers,floreskyle.4890@example.com,Austria,2021-11-14,Basic,424.86
4891,Mrs. Christina Oliver,patrick78.4891@example.org,India,2026-08-19,Basic,618.17
4892,Robert Long,floreslaura.4892@example.com,Bahrain,2023-06-21,Premium,7096.31
4893,Sean Moore,jonathanmiles.4893@example.com,Sierra Leone,2026-03-21,Standard,1839.86
4894,Jared Morris,ochoajennifer.4894@example.com,Palau,2020-10-13,Standard,1426.51
4895,Mark Pearson,nguyenjill.4895@example.org,Puerto Rico,2020-08-25,Standard,445.54
4896,Michael Landry,rlevine.4896@example.org,Macao,2025-11-30,Premium,10772.6
4897,Holly Preston,dmcintyre.4897@example.net,Dominican Republic,2024-06-30,Standard,2571.0
4898,James Drake,mckayshawn.4898@example.org,Togo,2021-03-03,Standard,344.99
4899,Brian Wilson,vphillips.4899@example.com,Kazakhstan,2025-12-25,Standard,1535.9
4900,Mrs. Tracey Moore,haneymichael.4900@example.com,Yemen,2020-09-06,Basic,698.61
4901,Debra Davis,barry68.4901@example.com,Sierra Leone,2024-07-24,Standard,2412.2
4902,Tracy Payne,matthewnunez.4902@example.net,Jordan,2021-05-15,Standard,1581.66
4903,Shelly Wright,sarahstewart.4903@example.com,Jersey,2020-06-21,Standard,679.76
4904,Amy Miller,johnsondeborah.4904@example.com,South Georgia and the South Sandwich Islands,2025-05-22,Standard,2575.87
4905,Christina Rich,xneal.4905@example.org,El Salvador,2025-08-31,Standard,628.78
4906,Sean Aguirre,jeffery27.4906@example.org,Grenada,2020-09-15,Standard,975.1
4907,Christopher Gonzalez,caldwellclaudia.4907@example.com,Ethiopia,2020-08-15,Standard,547.97
4908,Angela Hernandez,zhines.4908@example.com,Reunion,2024-02-09,Standard,1485.23
4909,Bethany Leonard,pcarrillo.4909@example.org,Eritrea,2020-03-11,Premium,13325.56
4910,William Rodriguez,rwilliams.4910@example.net,Marshall Islands,2024-12-27,Basic,661.69
4911,Kimberly Williams,jacksonjennifer.4911@example.org,Tajikistan,2026-02-14,Basic,369.07
4912,Sharon Luna,john48.4912@example.net,Saint Martin,2025-01-08,Standard,2918.02
4913,Paul Guzman,pachecopatricia.4913@example.net,Algeria,2021-07-17,Standard,1868.4
4914,Leslie Salas,boydandrew.4914@example.net,Greenland,2021-04-09,Standard,1892.35
4915,Micheal Johnson,paynejoseph.4915@example.org,Antigua and Barbuda,2024-07-20,Basic,140.23
4916,Travis Walker,nealpatricia.4916@example.com,Norway,2020-05-30,Standard,732.32
4917,Cody Garcia,lpatrick.4917@example.net,Dominica,2023-08-06,Basic,461.3
4918,Alex Taylor,davisjacqueline.4918@example.net,North Macedonia,2022-12-31,Basic,576.7
4919,Tonya Gallegos,martinstephanie.4919@example.com,Singapore,2024-12-23,Standard,773.18
4920,Monica Knight,douglas12.4920@example.net,Tonga,2021-05-09,Standard,1555.25
4921,Debra Hicks,randymoore.4921@example.com,Monaco,2025-02-04,Standard,1197.36
4922,Jasmine Atkins,brenda59.4922@example.org,Canada,2024-09-03,Standard,1428.54
4923,Jaclyn Schmitt,sanchezchristian.4923@example.com,Guinea,2021-08-05,Standard,821.97
4924,John Valencia,hbaldwin.4924@example.com,Malaysia,2022-05-21,Basic,112.58
4925,Sarah Turner,clarkjustin.4925@example.net,Vanuatu,2020-06-10,Premium,7769.02
4926,Andrew Cruz,groberts.4926@example.com,Turkey,2023-01-02,Standard,2632.97
4927,Zachary Kaiser,james22.4927@example.org,Uganda,2021-09-28,Standard,2454.63
4928,Steven Caldwell,gcruz.4928@example.org,Montenegro,2020-10-04,Basic,81.32
4929,James Gordon,lisa57.4929@example.com,American Samoa,2023-09-29,Standard,445.86
4930,Vincent Holmes,melissa39.4930@example.org,Heard Island and McDonald Islands,2023-10-17,Standard,1580.26
4931,Kayla Gomez,cynthia42.4931@example.net,Mayotte,2020-07-28,Standard,976.67
4932,James Gonzalez,lawrencealexis.4932@example.net,Heard Island and McDonald Islands,2021-03-29,Standard,2505.59
4933,Brenda Perry,dpatrick.4933@example.com,Dominica,2020-07-20,Basic,388.94
4934,Barbara Harris,draketheodore.4934@example.org,Saint Vincent and the Grenadines,2024-07-16,Basic,682.17
4935,Amanda Stein,tammy78.4935@example.net,Slovenia,2022-04-05,Basic,86.56
4936,Michael Johnson Jr.,patriciasmith.4936@example.com,French Polynesia,2020-06-22,Basic,776.06
4937,Peter Mitchell,mikayla02.4937@example.net,Korea,2021-04-12,Premium,15807.82
4938,Spencer Day,kimberlyestrada.4938@example.com,Qatar,2026-07-11,Standard,2249.25
4939,David Graves,christinejohnson.4939@example.org,Sweden,2021-09-16,Standard,2832.61
4940,Shannon Walsh,vmassey.4940@example.com,Tuvalu,2024-07-29,Standard,1516.85
4941,John Walters,fhenderson.4941@example.net,Sao Tome and Principe,2023-02-17,Standard,616.89
4942,Elizabeth Arnold,marquezconnor.4942@example.net,Malawi,2021-03-19,Basic,397.52
4943,Ricky Day,john78.4943@example.org,Kiribati,2022-01-20,Premium,16674.03
4944,Maria Lopez,ydawson.4944@example.net,Venezuela,2020-02-04,Standard,2606.72
4945,Luis Anderson,douglas53.4945@example.net,Brunei Darussalam,2024-12-29,Standard,1567.93
4946,Joy King,nicole77.4946@example.com,Kiribati,2022-03-27,Basic,585.84
4947,Chelsea Garcia,brandon18.4947@example.net,Uzbekistan,2023-05-04,Basic,197.56
4948,Chelsey Hall,alicia60.4948@example.org,Sweden,2021-01-08,Standard,845.53
4949,Kathy Evans,idawson.4949@example.com,Sudan,2025-07-05,Basic,469.01
4950,Steven Garrett,changlaura.4950@example.com,Turks and Caicos Islands,2021-06-17,Basic,337.4
4951,Paul Brown,miguelshaw.4951@example.net,Hungary,2023-10-14,Standard,650.95
4952,Matthew Brown,feliciathompson.4952@example.com,Vietnam,2025-11-01,Basic,609.09
4953,Maria Vargas,lance16.4953@example.net,French Guiana,2024-10-07,Standard,1690.01
4954,Matthew Jones,creese.4954@example.net,Senegal,2024-01-13,Standard,1657.1
4955,Shelley Kane,alewis.4955@example.net,Greece,2025-12-08,Premium,5407.57
4956,Amy Joseph,kimberly59.4956@example.org,Grenada,2021-03-06,Standard,875.19
4957,Amber Montgomery,othompson.4957@example.com,Kuwait,2026-06-10,Standard,2139.58
4958,Craig Herman,troyduncan.4958@example.org,Myanmar,2023-09-21,Premium,17334.26
4959,Kristine Dean,wware.4959@example.com,Lithuania,2022-09-27,Standard,696.19
4960,Lynn Patrick,thudson.4960@example.com,South Africa,2021-09-16,Standard,2474.57
4961,Richard Davis,andrewpierce.4961@example.net,Equatorial Guinea,2024-12-24,Standard,2406.67
4962,Jennifer Flores,williamrussell.4962@example.com,Gibraltar,2026-07-11,Premium,16668.41
4963,Kevin Fischer,vmorris.4963@example.org,Armenia,2024-08-12,Premium,12471.39
4964,Wendy Smith,ogriffin.4964@example.net,Malawi,2020-03-20,Standard,1185.16
4965,Karen White,smithjoseph.4965@example.com,Cayman Islands,2023-02-19,Basic,616.82
4966,William Schwartz,timothynunez.4966@example.net,India,2024-11-23,Basic,383.96
4967,Rose Gonzalez,qbailey.4967@example.org,Aruba,2022-08-28,Standard,821.22
4968,Gary White,danny19.4968@example.com,Cuba,2025-03-02,Basic,321.91
4969,Julie Lowe,jamie35.4969@example.org,Pitcairn Islands,2024-09-23,Standard,1481.61
4970,Rachel Anderson,njimenez.4970@example.com,South Georgia and the South Sandwich Islands,2020-06-13,Basic,404.28
4971,Benjamin Evans,amanda75.4971@example.org,Oman,2023-09-24,Premium,18156.14
4972,John Soto,qgreene.4972@example.org,Poland,2021-02-23,Standard,1351.26
4973,Matthew Ray,michellejohnson.4973@example.com,Argentina,2023-04-03,Standard,997.47
4974,Veronica Munoz,zkirby.4974@example.com,Luxembourg,2022-07-27,Standard,2894.57
4975,Carolyn Tate,thomas17.4975@example.org,Heard Island and McDonald Islands,2025-05-24,Premium,6355.07
4976,Nancy Robinson,qhenderson.4976@example.org,Guernsey,2025-10-21,Premium,2200.09
4977,Charles Cox,paulzhang.4977@example.net,Martinique,2023-01-31,Standard,2579.5
4978,Nicholas Wells,yluna.4978@example.com,Monaco,2023-08-04,Standard,2872.45
4979,Courtney Larson,reesedonna.4979@example.org,Sudan,2024-03-08,Basic,545.71
4980,Michael Ayers,rrandall.4980@example.net,Cocos (Keeling) Islands,2024-05-19,Premium,9337.69
4981,Lisa Douglas,ndavis.4981@example.net,Paraguay,2024-03-31,Basic,435.0
4982,Sydney Cook,danielberry.4982@example.org,Qatar,2025-03-27,Standard,2529.6
4983,Mark Copeland,jonathan90.4983@example.net,India,2026-07-25,Basic,708.27
4984,Christina Thomas,brobinson.4984@example.org,Uzbekistan,2025-07-15,Premium,3845.47
4985,David Griffin,sparksbrian.4985@example.net,Kyrgyz Republic,2020-11-24,Basic,694.4
4986,Dan Valdez,pittsmary.4986@example.net,Serbia,2023-03-09,Basic,493.88
4987,Wendy Welch,morganwatts.4987@example.com,Netherlands,2023-01-31,Basic,25.82
4988,Stacie Cannon,kdiaz.4988@example.com,Nepal,2023-05-27,Basic,86.79
4989,Michael Cook,beverly86.4989@example.com,French Southern Territories,2023-07-14,Standard,327.5
4990,Lisa Lynch,wellsvalerie.4990@example.net,Netherlands Antilles,2024-10-19,Basic,758.85
4991,Teresa Smith,nguyenjane.4991@example.org,Palestinian Territory,2022-10-25,Standard,1394.25
4992,Christy Anderson,audreyrobinson.4992@example.net,Malawi,2021-10-05,Standard,2203.72
4993,David Chang,thomasgreen.4993@example.org,Tanzania,2023-01-22,Basic,1.37
4994,Natalie Ewing,charles77.4994@example.org,Malta,2025-09-17,Standard,2420.88
4995,Rebecca Mullins,gerald51.4995@example.net,Lebanon,2022-01-30,Standard,1549.7
4996,Brooke Robinson,xestrada.4996@example.com,Heard Island and McDonald Islands,2020-02-20,Basic,738.88
4997,Alexander Mcneil MD,nicole85.4997@example.net,Albania,2026-07-12,Standard,1658.51
4998,Timothy Salinas,katrinapayne.4998@example.net,Guinea-Bissau,2021-04-23,Premium,16198.4
4999,Mr. Steven Bell DVM,amygonzales.4999@example.net,Pakistan,2024-01-12,Standard,1962.51
5000,Emily Mclaughlin,kevans.5000@example.com,Ethiopia,2025-05-08,Basic,416.43
5001,Michael Prince,xhill.5001@example.com,Ecuador,2021-11-01,Basic,758.6
5002,Dr. Molly Williams DDS,changsandra.5002@example.org,Vietnam,2022-04-10,Premium,10920.79
5003,Teresa Christensen,vstewart.5003@example.com,San Marino,2021-11-15,Standard,2698.69
5004,Aaron Conway,amy05.5004@example.net,Moldova,2020-12-31,Standard,301.02
5005,Jeffrey Chapman,ftucker.5005@example.com,Kiribati,2021-01-08,Standard,2040.77
5006,Phillip Allen,ybennett.5006@example.net,Cyprus,2021-04-01,Standard,2752.65
5007,Jennifer Perez,kevinwallace.5007@example.com,Zambia,2023-01-23,Basic,719.42
5008,Tara Jordan,jray.5008@example.org,Uganda,2023-07-20,Standard,1558.15
5009,Christopher Washington,waynejensen.5009@example.org,Costa Rica,2020-02-09,Standard,1521.87
5010,Christopher Burke,usanchez.5010@example.org,Algeria,2025-08-28,Standard,2469.44
5011,Jason Weber,rebekah04.5011@example.com,Tonga,2024-07-08,Standard,1138.04
5012,Kevin Hayes,emartin.5012@example.com,Ireland,2020-06-21,Standard,2824.05
5013,Lauren Obrien,ismith.5013@example.net,Bermuda,2025-08-19,Premium,6512.31
5014,Jeffrey Harris,fpotter.5014@example.net,Kazakhstan,2020-03-15,Premium,3339.16
5015,Melanie Leach,alexandria48.5015@example.net,Tunisia,2023-09-30,Basic,617.54
5016,Dawn Baker,shawn31.5016@example.net,Somalia,2023-02-09,Premium,9285.04
5017,Erica Morgan,bbrown.5017@example.org,El Salvador,2023-05-11,Standard,1196.18
5018,Christopher Thomas,rwoods.5018@example.org,Madagascar,2026-05-24,Basic,256.73
5019,Angel Vincent,zachary75.5019@example.com,Niger,2026-03-13,Premium,19647.96
5020,James Watkins,reillykatelyn.5020@example.net,Paraguay,2021-11-12,Standard,1800.69
5021,Richard Hull,davidlopez.5021@example.net,Gibraltar,2023-11-16,Standard,2977.36
5022,James Pierce,floresmichael.5022@example.org,Finland,2026-05-31,Standard,1162.03
5023,Eric Lopez,morrisashley.5023@example.net,Ireland,2024-11-14,Standard,1359.11
5024,Chad Bishop,michelestevenson.5024@example.com,Egypt,2025-12-07,Standard,792.94
5025,Jacob Moody,hamptonkathryn.5025@example.com,Turkey,2022-11-27,Standard,1405.02
5026,Alicia Foster,cheyenne75.5026@example.net,Sudan,2021-11-22,Premium,3116.1
5027,Sydney Fox,williamcross.5027@example.org,Monaco,2023-06-01,Premium,2010.04
5028,Matthew Arnold,ugallagher.5028@example.net,Slovakia (Slovak Republic),2025-06-17,Standard,1468.61
5029,Kevin Harrison,djoyce.5029@example.com,Cyprus,2026-03-18,Standard,2288.87
5030,Jonathan Hudson,mikaylabruce.5030@example.com,Luxembourg,2024-08-01,Basic,349.65
5031,Diamond Cox,sarah00.5031@example.net,Aruba,2024-09-21,Premium,11324.1
5032,Leonard Dudley,mpadilla.5032@example.com,Sierra Leone,2023-06-03,Standard,1447.72
5033,Michelle Norris,parksandre.5033@example.com,Cameroon,2022-02-19,Standard,1675.05
5034,Dylan Young,ckelly.5034@example.net,Grenada,2022-10-29,Standard,2371.69
5035,Jimmy Flores,emily56.5035@example.com,Myanmar,2023-04-30,Standard,2450.6
5036,Brandon Suarez,zmartin.5036@example.net,Solomon Islands,2025-06-14,Premium,17085.04
5037,Adrienne Murphy,glambert.5037@example.net,Germany,2023-09-18,Standard,794.8
5038,James Montgomery,hannahdrake.5038@example.com,Lesotho,2025-04-20,Standard,1481.96
5039,Amanda Chavez,samuelrobinson.5039@example.net,Qatar,2020-03-07,Basic,664.8
5040,Jason White,baileylauren.5040@example.org,Slovakia (Slovak Republic),2025-01-22,Premium,18953.82
5041,Jerry Johnson,amandastewart.5041@example.net,Venezuela,2023-05-23,Basic,434.39
5042,Keith Olsen,timothyblackburn.5042@example.com,Sierra Leone,2026-09-03,Standard,1580.4
5043,Emily Walker,danielgood.5043@example.net,Bosnia and Herzegovina,2023-02-25,Standard,2340.87
5044,Andrew Bernard,ballen.5044@example.net,Holy See (Vatican City State),2023-03-14,Premium,19850.5
5045,Christina Dalton,arthurhansen.5045@example.net,Slovakia (Slovak Republic),2020-11-07,Standard,1392.61
5046,George Gutierrez,hendersonfernando.5046@example.net,Vietnam,2025-05-24,Basic,132.08
5047,Joann Sanchez,xwells.5047@example.com,United States Minor Outlying Islands,2024-09-09,Standard,2536.06
5048,Maureen Ramos,kelly05.5048@example.net,United Arab Emirates,2025-10-07,Standard,2189.19
5049,Michael Pratt,michaelsmith.5049@example.org,Martinique,2020-08-14,Premium,4611.36
5050,Kelsey Hernandez,johnsonamber.5050@example.com,Guam,2021-05-31,Standard,1105.83
5051,Lori Williams,wgordon.5051@example.com,Angola,2025-11-11,Basic,442.58
5052,Anthony Owens,keithwilson.5052@example.com,Zambia,2020-04-12,Standard,2248.1
5053,Michael Patterson,bethany16.5053@example.com,Pitcairn Islands,2023-05-26,Basic,624.52
5054,Jeffrey Hall,millercynthia.5054@example.net,Finland,2022-09-15,Basic,124.59
5055,Andrew Savage,bushscott.5055@example.net,Georgia,2026-04-13,Standard,806.9
5056,Mark Johnson,andrea08.5056@example.net,Tunisia,2025-09-23,Standard,2283.54
5057,Loretta Rivera,mcintoshpatrick.5057@example.net,Pakistan,2025-12-29,Standard,525.11
5058,Matthew Clark,jocelyn80.5058@example.net,Cuba,2021-12-06,Standard,1594.85
5059,Frederick Hicks,icarter.5059@example.org,Samoa,2023-12-05,Premium,11827.86
5060,Austin Hines,washingtonalexandria.5060@example.org,French Polynesia,2024-09-05,Basic,271.48
5061,Michelle Morales,jorgelucas.5061@example.net,Egypt,2026-06-20,Basic,637.07
5062,Kevin Vaughan,townsendjessica.5062@example.com,Mexico,2020-01-18,Standard,355.16
5063,Paige Lloyd,nelsonteresa.5063@example.net,Israel,2026-07-13,Basic,621.96
5064,Michael Bennett,uchen.5064@example.org,Saint Vincent and the Grenadines,2022-05-17,Basic,516.83
5065,Christine Jimenez,lwilliams.5065@example.net,American Samoa,2020-11-09,Standard,1620.21
5066,Ashley Barry,claytara.5066@example.net,Denmark,2024-02-12,Basic,697.9
5067,Anthony James,noah12.5067@example.net,Greece,2025-03-23,Standard,766.29
5068,Brian Cline,sara62.5068@example.com,Cyprus,2020-11-12,Standard,2442.17
5069,Jodi Jackson,crodriguez.5069@example.com,Tonga,2020-04-09,Premium,5379.94
5070,Jonathan Reese,kristinraymond.5070@example.net,Myanmar,2025-12-29,Standard,2973.25
5071,Justin Wagner,tracy50.5071@example.net,Slovenia,2026-03-30,Basic,26.21
5072,Peter Schroeder,owilson.5072@example.net,Bhutan,2021-01-16,Standard,1748.95
5073,Tony Miller,rjohnson.5073@example.org,Syrian Arab Republic,2026-01-16,Basic,134.41
5074,Deborah Garcia,seth65.5074@example.org,Colombia,2026-01-30,Standard,1342.33
5075,Natalie Thomas,wgreen.5075@example.net,United Kingdom,2026-09-01,Standard,614.25
5076,Mrs. Mary Combs,srodgers.5076@example.net,South Georgia and the South Sandwich Islands,2021-06-12,Standard,742.71
5077,Dawn Hunter,conleysarah.5077@example.com,Switzerland,2023-11-14,Standard,370.75
5078,Rhonda Wallace,mtaylor.5078@example.org,Nepal,2026-08-25,Premium,2144.06
5079,Christopher Alvarez,vgalvan.5079@example.org,Israel,2026-01-13,Standard,2214.06
5080,Emily Green,bushtodd.5080@example.net,Serbia,2024-01-16,Premium,10162.29
5081,Harold Campbell,adam26.5081@example.net,Greece,2021-04-26,Premium,2820.66
5082,Tony Cortez,matthew18.5082@example.org,Switzerland,2020-07-24,Standard,2829.12
5083,Heather Jones,clarkjonathan.5083@example.org,Algeria,2021-09-24,Standard,2063.71
5084,Gina Richardson,joshua25.5084@example.org,United Kingdom,2020-06-08,Standard,939.96
5085,Melissa Gonzales,dixonjoshua.5085@example.net,Latvia,2021-04-21,Standard,1428.35
5086,Matthew Douglas,hernandezjacob.5086@example.com,Croatia,2020-07-01,Basic,391.41
5087,Brittany Harrison,gmoreno.5087@example.net,Korea,2025-02-04,Standard,1795.8
5088,Thomas Jordan,johnjohns.5088@example.org,French Guiana,2023-12-11,Basic,685.96
5089,Shannon Carpenter,vmacias.5089@example.net,Tanzania,2023-06-18,Standard,1851.72
5090,Nicole Silva,kathryn87.5090@example.net,Canada,2025-05-30,Premium,19617.07
5091,John Walsh,joseph93.5091@example.org,Lithuania,2022-09-30,Basic,581.45
5092,Dean Briggs,vanessacalderon.5092@example.com,Turkey,2022-09-11,Basic,790.81
5093,Stephanie Lucas,browningmark.5093@example.com,Cote d'Ivoire,2021-05-20,Standard,1742.1
5094,Michelle Clark,anthonyjones.5094@example.org,Botswana,2022-12-22,Standard,2099.66
5095,Andrew Clark,acole.5095@example.com,Pitcairn Islands,2021-03-02,Standard,2266.12
5096,Mary Eaton,jaimegarcia.5096@example.com,Bhutan,2023-12-10,Standard,2313.29
5097,Brooke Henderson,garciarichard.5097@example.net,Mauritania,2026-09-01,Basic,19.54
5098,Sara Rojas,meltonmonica.5098@example.org,Nicaragua,2023-07-25,Standard,556.93
5099,Stephen Shannon,stephanie11.5099@example.com,Mongolia,2021-12-31,Premium,6099.0
5100,Mr. Brandon Stewart,gstephens.5100@example.com,Spain,2024-08-07,Premium,6886.9
5101,Jason White,smithnicholas.5101@example.com,Saint Barthelemy,2025-06-25,Premium,18296.63
5102,Charles Durham,sgomez.5102@example.com,Palau,2023-02-26,Standard,2223.29
5103,Lisa Thomas,lisacollins.5103@example.com,Uzbekistan,2021-09-03,Standard,601.19
5104,Annette Conner,daniel82.5104@example.com,Ecuador,2024-10-09,Basic,341.08
5105,Dylan Jones,bradley62.5105@example.org,Tonga,2021-04-02,Standard,880.74
5106,Alicia Taylor,lrichard.5106@example.com,Nicaragua,2026-09-01,Standard,2523.62
5107,Catherine Blanchard,johnsonyolanda.5107@example.com,Marshall Islands,2022-02-15,Standard,2769.83
5108,Mrs. Kristen Farmer,xbarnes.5108@example.org,Moldova,2022-05-05,Standard,660.01
5109,Craig Fox,danielwilliams.5109@example.org,Korea,2024-11-10,Standard,1366.4
5110,Manuel Morrison,mcleankaren.5110@example.net,Zimbabwe,2020-01-30,Standard,2867.94
5111,Cassandra Flynn,anthonywilliams.5111@example.net,Liberia,2021-05-10,Basic,525.67
5112,Jose Nguyen DDS,chentraci.5112@example.com,Nigeria,2020-11-02,Basic,694.48
5113,Stacy Crosby,bryanjackson.5113@example.org,Cape Verde,2022-08-12,Basic,286.15
5114,Tracey Murphy,geraldandrews.5114@example.net,Argentina,2023-09-13,Basic,167.76
5115,Michael Singleton,phillipsemily.5115@example.net,French Polynesia,2021-03-14,Standard,2135.65
5116,Bradley Herrera,xtownsend.5116@example.com,Solomon Islands,2022-04-20,Standard,584.79
5117,John Soto,michael47.5117@example.net,Switzerland,2025-02-28,Standard,2551.73
5118,Jason George,jilladams.5118@example.com,Mali,2026-04-14,Basic,603.87
5119,Mariah Ramirez,timothybell.5119@example.net,Uruguay,2020-02-04,Premium,7488.32
5120,Shannon Porter,amy87.5120@example.com,Kyrgyz Republic,2024-03-12,Standard,1596.39
5121,Richard Davis,williamsonbrian.5121@example.org,Turkey,2020-03-03,Premium,16385.49
5122,April Lee,leonkatie.5122@example.net,Dominica,2023-06-24,Standard,2817.75
5123,Deborah Wilson,drakenicholas.5123@example.com,Belize,2025-11-17,Standard,1186.05
5124,Thomas Clark,richard19.5124@example.net,Colombia,2025-05-02,Premium,16219.85
5125,Janet Parks,sweeneyryan.5125@example.org,Cote d'Ivoire,2021-07-22,Standard,744.51
5126,Jennifer Giles,fritzjulia.5126@example.org,Djibouti,2021-09-23,Standard,2729.91
5127,Cheryl Smith,graykelly.5127@example.net,Lebanon,2025-03-28,Basic,549.0
5128,John Rodgers,vazquezdavid.5128@example.net,Aruba,2025-06-24,Premium,4749.31
5129,Benjamin Kemp,kathryn99.5129@example.com,Algeria,2021-11-16,Premium,15316.92
5130,Jeremy Stokes,skinnerkatherine.5130@example.com,Northern Mariana Islands,2020-01-08,Standard,2227.36
5131,Angie Marsh,eric63.5131@example.com,Dominican Republic,2022-12-21,Standard,2278.43
5132,Brittany Lopez,ian13.5132@example.net,Vanuatu,2024-02-22,Basic,275.9
5133,Gabriel Henderson,gmendoza.5133@example.org,Chile,2022-12-19,Standard,2271.44
5134,Dustin Beck,bianca35.5134@example.com,Mozambique,2026-04-01,Basic,661.26
5135,Carl Crawford,richardsonchristopher.5135@example.com,Pitcairn Islands,2025-06-09,Standard,1171.96
5136,William Stewart,rbenson.5136@example.com,Kyrgyz Republic,2025-04-07,Standard,782.28
5137,Wesley Stewart,moralesjessica.5137@example.org,Brazil,2020-02-19,Basic,710.3
5138,Edward Shaffer,jonesfrancisco.5138@example.com,Georgia,2025-09-15,Premium,13172.49
5139,Michael Harris,olivia67.5139@example.org,Belarus,2025-01-18,Basic,368.31
5140,Steven Smith,thuang.5140@example.com,Ireland,2022-08-27,Premium,17835.39
5141,Kimberly Alvarez,tharper.5141@example.com,Suriname,2023-12-10,Standard,580.82
5142,Rebecca Fitzpatrick,leeadrian.5142@example.org,Iraq,2025-07-05,Premium,16590.52
5143,Amanda Garcia,murraypaul.5143@example.org,Brunei Darussalam,2026-01-21,Standard,1574.3
5144,Kelly Clayton,olewis.5144@example.org,Benin,2023-09-07,Basic,34.02
5145,James Friedman,pmartin.5145@example.com,Jamaica,2020-04-10,Premium,19507.03
5146,Sarah Spears,alexander19.5146@example.org,United States Minor Outlying Islands,2024-02-19,Premium,16005.2
5147,Steven Kim,kelly26.5147@example.net,Svalbard & Jan Mayen Islands,2024-07-18,Standard,801.32
5148,Christine Farmer,melissajones.5148@example.com,China,2020-05-23,Standard,2786.35
5149,Kara Rich,susan11.5149@example.com,Palestinian Territory,2025-06-18,Standard,2818.97
5150,Kelsey Martinez,jbender.5150@example.com,Zambia,2021-05-07,Basic,640.37
5151,Benjamin Miller,newmanpatricia.5151@example.com,Uruguay,2025-12-14,Premium,4289.07
5152,Anne Miles,richard38.5152@example.net,Nicaragua,2023-09-07,Standard,721.87
5153,Charles Bruce,johncalhoun.5153@example.com,Lithuania,2022-02-25,Standard,2311.29
5154,Jeffrey Cline,roger53.5154@example.org,Mozambique,2020-05-23,Standard,2758.66
5155,Ashley Vazquez,albert05.5155@example.net,Croatia,2020-02-13,Standard,802.05
5156,Maria Roberts,pbaird.5156@example.org,Jamaica,2024-12-15,Basic,368.66
5157,Kimberly Abbott,cynthiasherman.5157@example.org,Aruba,2022-07-10,Standard,633.42
5158,Jodi Bennett,knichols.5158@example.net,Bouvet Island (Bouvetoya),2025-08-13,Basic,382.41
5159,Madison Rasmussen,traceyhill.5159@example.net,Northern Mariana Islands,2021-07-16,Standard,1999.08
5160,Daniel Odom,tracy73.5160@example.org,Switzerland,2026-02-25,Standard,251.95
5161,Brandon Simmons,wwright.5161@example.net,Sierra Leone,2026-04-18,Basic,514.34
5162,Sarah Webb,eric53.5162@example.org,Tokelau,2020-09-05,Basic,511.8
5163,Bradley Adkins,brandon09.5163@example.org,Maldives,2024-04-28,Basic,364.01
5164,Mathew Rojas,christine89.5164@example.net,Guinea-Bissau,2026-04-13,Standard,2707.13
5165,Amanda Bell,annettemurphy.5165@example.net,Uruguay,2022-02-27,Basic,107.86
5166,Jeanette Wagner,wayneschmidt.5166@example.com,Indonesia,2020-06-14,Basic,41.05
5167,Donna Simmons,joyceobrien.5167@example.net,North Macedonia,2025-11-07,Basic,396.66
5168,Michael Cummings,davismichael.5168@example.com,United Arab Emirates,2023-03-03,Standard,1692.5
5169,Stephanie Johnson,fthompson.5169@example.net,Martinique,2020-03-07,Basic,213.35
5170,Brittany Contreras,longlauren.5170@example.org,British Indian Ocean Territory (Chagos Archipelago),2025-08-13,Standard,2892.56
5171,Julian Osborne,vzuniga.5171@example.net,Turkmenistan,2024-07-15,Basic,202.98
5172,John Taylor,jasonsosa.5172@example.org,Afghanistan,2020-06-20,Standard,956.45
5173,Christopher Stevens,aprilcooper.5173@example.com,Brazil,2021-09-23,Basic,648.79
5174,Kathleen Thomas,christopher42.5174@example.com,Germany,2020-02-14,Basic,738.26
5175,Richard Lowe,fhall.5175@example.com,Georgia,2026-05-20,Premium,11650.52
5176,David Olson,alexanderking.5176@example.org,Bouvet Island (Bouvetoya),2020-03-01,Standard,253.35
5177,Donna Peterson,debra71.5177@example.net,Tokelau,2025-04-27,Standard,1195.22
5178,Stephanie Roman,wendy25.5178@example.org,Afghanistan,2023-06-02,Basic,179.15
5179,Tracy Lawson,michael87.5179@example.com,Indonesia,2023-11-24,Basic,408.81
5180,Gregory Hernandez,emily27.5180@example.org,Mali,2025-06-04,Basic,546.06
5181,Charles Allen,hendersonerin.5181@example.org,Bosnia and Herzegovina,2025-12-25,Basic,313.95
5182,Amber Johnson,kellerdana.5182@example.org,Greenland,2020-11-07,Standard,1704.61
5183,David Mccann,nathanhubbard.5183@example.org,Fiji,2020-02-13,Premium,15677.49
5184,Nicholas White,jennifer12.5184@example.org,Togo,2020-10-31,Standard,889.21
5185,Erica Padilla,rebeccagrant.5185@example.org,Sri Lanka,2024-07-24,Basic,156.77
5186,Christine Guerra,xbrown.5186@example.net,Bosnia and Herzegovina,2023-10-20,Standard,2455.78
5187,Jessica Stone,timothyriggs.5187@example.com,Lesotho,2020-07-23,Basic,29.62
5188,Travis Spencer,daviddodson.5188@example.org,Burundi,2021-07-26,Basic,120.48
5189,Rhonda Clark,hbanks.5189@example.org,Bangladesh,2023-08-04,Standard,234.6
5190,Elizabeth Klein,daniel31.5190@example.com,Mayotte,2024-11-18,Basic,444.31
5191,Matthew Barron,ambergonzalez.5191@example.net,Spain,2022-04-18,Standard,1880.24
5192,Michael Andrews,amydavis.5192@example.org,Indonesia,2026-05-08,Standard,1686.89
5193,Scott Khan,kevindiaz.5193@example.com,American Samoa,2026-08-20,Standard,1359.95
5194,Tony Stone,floresjesse.5194@example.com,Timor-Leste,2025-02-13,Standard,1681.28
5195,Peggy Johnson,sallyarnold.5195@example.org,Moldova,2023-01-14,Premium,5490.88
5196,Amy Arias PhD,annettereese.5196@example.net,Martinique,2025-11-12,Standard,2513.48
5197,Kaylee Doyle,travis98.5197@example.org,Cyprus,2024-11-12,Premium,19653.91
5198,Ariel Henson,xjones.5198@example.com,Sri Lanka,2023-06-22,Standard,1713.74
5199,Jason Snow,javierjohnson.5199@example.org,Bahamas,2022-12-19,Standard,1248.2
5200,Richard Jones,olewis.5200@example.org,Jersey,2025-07-25,Standard,2416.99
5201,Patrick Johnson,duarteveronica.5201@example.net,Ecuador,2023-09-22,Basic,154.46
5202,Anthony Freeman,hharris.5202@example.org,Nigeria,2021-03-22,Standard,1098.17
5203,Mr. Daniel Perry,kaufmanalan.5203@example.org,Sudan,2026-09-07,Premium,18919.65
5204,Mrs. Beverly Woods,natashakemp.5204@example.com,Sri Lanka,2020-06-15,Basic,149.04
5205,Elizabeth Evans,myersmaria.5205@example.com,Monaco,2024-08-24,Basic,89.69
5206,Tammy Brown,sarah32.5206@example.com,Jamaica,2024-05-20,Standard,1729.79
5207,Steven Cruz,mary99.5207@example.org,United States Virgin Islands,2023-12-02,Basic,469.93
5208,Jerry Moore,hweber.5208@example.org,Ukraine,2020-05-06,Premium,12748.7
5209,Alison Young,howellthomas.5209@example.net,Qatar,2023-04-17,Basic,131.58
5210,Rebekah Coffey,alex81.5210@example.net,Israel,2025-12-19,Standard,2219.21
5211,Zachary Terry,joshua65.5211@example.net,Mauritania,2021-08-07,Standard,878.39
5212,Amanda Edwards MD,hollowayseth.5212@example.com,North Macedonia,2024-08-15,Premium,19065.85
5213,Dr. Adam Cobb,rebecca55.5213@example.com,Australia,2025-09-28,Basic,182.37
5214,Linda Sanchez,danieldebbie.5214@example.com,Uzbekistan,2026-05-14,Standard,248.47
5215,Shane Bailey,jonesnicole.5215@example.net,Norfolk Island,2023-06-14,Standard,1789.97
5216,David Glover,hughestimothy.5216@example.net,Zimbabwe,2022-02-05,Premium,5651.26
5217,Anthony Williams,hhoward.5217@example.com,French Polynesia,2024-09-04,Basic,502.86
5218,Darlene Murray,johnsonjennifer.5218@example.com,Marshall Islands,2023-04-02,Standard,841.8
5219,Isaiah Smith,kennethfaulkner.5219@example.com,Ukraine,2024-03-11,Standard,1398.64
5220,Javier Miller,michelefoster.5220@example.org,Congo,2024-12-16,Standard,702.64
5221,William Rodriguez,hortoncarrie.5221@example.net,Papua New Guinea,2024-09-30,Basic,343.05
5222,Jacqueline Hawkins,sparkspatrick.5222@example.org,British Indian Ocean Territory (Chagos Archipelago),2021-08-15,Standard,582.26
5223,George Smith,ashlee90.5223@example.com,Trinidad and Tobago,2025-01-19,Basic,270.38
5224,Donald Avery,parsonsjonathan.5224@example.net,Liberia,2023-08-16,Standard,757.01
5225,Melissa Orozco,xhumphrey.5225@example.org,Singapore,2026-03-22,Premium,16689.83
5226,Anthony Cox,jackiemartinez.5226@example.com,Honduras,2024-05-29,Standard,2242.19
5227,Kevin Campbell,gutierrezjonathan.5227@example.com,Senegal,2025-12-17,Premium,5002.75
5228,Cathy Kline,johnparker.5228@example.net,Bangladesh,2026-07-18,Standard,432.13
5229,Denise Reese,chaselaura.5229@example.com,Pitcairn Islands,2026-08-25,Standard,272.08
5230,Mitchell Werner,katrina92.5230@example.net,Bermuda,2024-12-23,Basic,181.34
5231,Alicia Smith DDS,rose48.5231@example.net,Hungary,2023-12-29,Standard,1544.5
5232,Wesley Carpenter,melissa84.5232@example.com,Norway,2020-10-15,Standard,1319.67
5233,Tyler Walton,ann87.5233@example.net,Lesotho,2022-07-31,Standard,2920.2
5234,David Armstrong,rwade.5234@example.com,Uzbekistan,2023-03-06,Premium,16260.42
5235,Charles Rodriguez,shawnwilliams.5235@example.org,Bolivia,2025-03-21,Premium,3407.36
5236,Elizabeth Graham,imartinez.5236@example.net,Kuwait,2023-12-08,Standard,645.01
5237,Angela Martinez,zcoleman.5237@example.org,Comoros,2022-12-08,Premium,2478.78
5238,Mariah Clark,frank42.5238@example.com,Kiribati,2020-12-24,Premium,4488.07
5239,Heather Walton,fhancock.5239@example.org,Kiribati,2024-10-13,Basic,423.53
5240,Richard Hogan,barbara05.5240@example.net,Saint Martin,2022-11-20,Standard,414.87
5241,Rachel Woods,qwashington.5241@example.com,Liberia,2020-03-29,Basic,47.89
5242,Julie Schaefer,nelsonmichael.5242@example.com,Burkina Faso,2021-11-24,Standard,530.85
5243,Douglas Williamson,wendy01.5243@example.com,Argentina,2025-11-17,Basic,535.53
5244,Mark Henry,stephen52.5244@example.com,Zambia,2020-10-17,Standard,254.2
5245,George Caldwell,sarah84.5245@example.com,Lebanon,2022-09-18,Premium,19453.27
5246,David Morgan,wdunlap.5246@example.net,Faroe Islands,2023-06-04,Basic,304.63
5247,Keith Peterson,aaronconway.5247@example.com,Cuba,2020-07-23,Premium,8058.57
5248,Joseph Mann,jenningsethan.5248@example.net,Singapore,2021-02-08,Standard,1529.48
5249,Kristie Brown,thomasarmstrong.5249@example.net,Saint Barthelemy,2026-04-15,Basic,414.29
5250,Jason Henderson,mckenzie26.5250@example.com,New Zealand,2023-12-13,Standard,1376.04
5251,Shaun Baker,frenchjacob.5251@example.com,China,2021-05-28,Standard,1561.71
5252,Lindsey Sanders,james50.5252@example.org,Bosnia and Herzegovina,2021-02-18,Standard,1151.25
5253,Julie Fox,ekelly.5253@example.com,Burundi,2022-11-05,Premium,7796.13
5254,Laurie Price DVM,travis64.5254@example.net,Japan,2024-11-02,Basic,21.85
5255,Hailey Garcia,andrew72.5255@example.com,New Caledonia,2024-11-18,Premium,14092.41
5256,Mario Thomas,baileychloe.5256@example.net,Austria,2021-04-21,Standard,1928.36
5257,Daniel Horn,bsantiago.5257@example.net,Gambia,2024-11-06,Standard,2072.7
5258,Christopher Archer,thomasstacey.5258@example.com,Montserrat,2025-12-28,Basic,752.84
5259,Aaron Horton,katherineramirez.5259@example.com,Peru,2021-07-06,Basic,378.47
5260,Carrie Boone,rebecca91.5260@example.org,Italy,2020-03-05,Standard,2668.96
5261,Joel Greene,benjamin11.5261@example.net,Bhutan,2026-05-30,Basic,355.15
5262,Bradley Thomas,ryan59.5262@example.com,Sudan,2023-06-28,Premium,10597.05
5263,Dr. Lindsey Cruz,margarethart.5263@example.net,Jersey,2025-03-11,Basic,506.36
5264,Travis Roberts,qlucas.5264@example.org,Comoros,2022-02-20,Premium,5886.23
5265,Yolanda Tanner,jenniferhoward.5265@example.net,Marshall Islands,2021-12-31,Standard,808.6
5266,Joshua Strickland,paul77.5266@example.org,Austria,2021-07-03,Premium,11176.97
5267,Karen Taylor,aleczavala.5267@example.org,Somalia,2021-06-13,Basic,54.89
5268,Hunter Rush,cowanbarbara.5268@example.org,Greenland,2023-02-25,Basic,189.33
5269,Diana Wilkinson,james67.5269@example.net,North Macedonia,2020-09-15,Standard,2421.55
5270,James Grant,emma83.5270@example.net,Kyrgyz Republic,2025-08-18,Standard,1498.45
5271,Mary Hudson,plawrence.5271@example.net,Ethiopia,2023-06-02,Standard,274.54
5272,Jonathan Castillo,solismelissa.5272@example.com,Luxembourg,2026-02-13,Standard,370.08
5273,Jeremy Bush,fcalhoun.5273@example.org,Togo,2023-05-11,Standard,2774.64
5274,Ruben Campbell,candicecline.5274@example.com,Samoa,2022-01-10,Premium,19220.93
5275,Dustin Baker,todd18.5275@example.org,Romania,2023-06-11,Standard,1995.09
5276,Reginald Ramirez,stevenscurtis.5276@example.org,Solomon Islands,2021-01-11,Standard,717.85
5277,Jeffrey Leblanc,stephenmcneil.5277@example.org,French Guiana,2025-07-05,Basic,294.47
5278,Kevin Wood,wwalker.5278@example.com,United Kingdom,2024-10-24,Standard,1055.31
5279,Kayla Wood,stanleyanthony.5279@example.org,Kenya,2020-12-25,Standard,2398.44
5280,Michael Ramsey,stephaniedavis.5280@example.org,Saint Barthelemy,2023-11-22,Standard,1703.85
5281,Anna Tapia,benitezheather.5281@example.com,Guyana,2023-08-06,Premium,16033.82
5282,Mrs. Terri Thornton DDS,zlynn.5282@example.com,Thailand,2021-05-05,Standard,1209.43
5283,Karen Schultz,nlewis.5283@example.org,Aruba,2020-10-25,Basic,695.61
5284,Terry Knight,skinnernancy.5284@example.org,Isle of Man,2025-01-30,Premium,9724.92
5285,Brooke Grimes,chaselindsey.5285@example.net,Zambia,2021-10-06,Standard,1368.65
5286,James Nelson,alexis06.5286@example.org,Puerto Rico,2023-06-21,Basic,391.28
5287,Emily Miller,dhouse.5287@example.org,Zambia,2021-08-27,Standard,1857.06
5288,Angela Greer,john80.5288@example.com,Rwanda,2024-05-14,Standard,2703.51
5289,Bradley Stewart,mcknightantonio.5289@example.com,Ecuador,2020-04-29,Basic,366.2
5290,Susan Hayden,zimmermanashley.5290@example.com,Suriname,2022-05-27,Standard,2804.38
5291,Richard Lindsey,jbrown.5291@example.com,Reunion,2023-08-28,Premium,9086.03
5292,Anthony Murphy,laura77.5292@example.net,United States Minor Outlying Islands,2022-12-08,Basic,259.66
5293,Donald White,nicholas57.5293@example.com,Iran,2024-02-04,Basic,236.04
5294,Melissa Perry,katherine69.5294@example.com,Bouvet Island (Bouvetoya),2021-03-16,Premium,2380.74
5295,Caitlin Waters,qmorgan.5295@example.org,Botswana,2022-12-14,Premium,17284.59
5296,Jacob Hawkins,evansangela.5296@example.org,Yemen,2025-01-21,Basic,63.39
5297,John Hawkins,bradleyemily.5297@example.com,Iran,2022-03-25,Standard,1136.13
5298,Deborah Gross,yrojas.5298@example.com,Bermuda,2021-01-18,Standard,901.28
5299,Debbie Thomas,rebecca42.5299@example.net,Iraq,2025-09-01,Standard,2284.42
5300,Melissa Charles,bgibbs.5300@example.net,Bahrain,2025-03-15,Basic,746.07
5301,Jennifer Wise,lori37.5301@example.net,Christmas Island,2024-07-19,Standard,2486.79
5302,Charles Brown,nhicks.5302@example.com,Saint Kitts and Nevis,2025-05-02,Premium,7759.97
5303,James Ryan,phillipsmorgan.5303@example.org,Kazakhstan,2025-03-16,Premium,10203.63
5304,Ian Kennedy,williamsamanda.5304@example.com,Paraguay,2024-12-28,Standard,891.7
5305,Omar Vega,caitlinsantos.5305@example.com,Germany,2023-05-29,Basic,739.18
5306,Robert Reynolds,david71.5306@example.com,Belgium,2020-02-17,Standard,532.48
5307,Shirley Smith,hbailey.5307@example.net,Kiribati,2023-12-29,Standard,2865.47
5308,Jacob Bryant,lspencer.5308@example.net,Bosnia and Herzegovina,2021-10-28,Basic,650.93
5309,John Watts,emccall.5309@example.org,Netherlands,2025-03-03,Standard,2192.42
5310,Sean Green,laurenthompson.5310@example.org,Algeria,2023-02-17,Standard,2367.18
5311,Lisa Nichols,danielmoore.5311@example.org,Congo,2026-01-19,Premium,8108.24
5312,Amy Warren,dmckay.5312@example.com,Morocco,2023-12-25,Basic,236.71
5313,Rhonda Morton,jacksonkaylee.5313@example.com,Portugal,2023-09-06,Basic,305.14
5314,Sarah Zhang,xburton.5314@example.com,Mauritius,2026-02-22,Basic,145.29
5315,Jared Anderson,davisemily.5315@example.org,Martinique,2023-03-06,Standard,2289.81
5316,Brittany Henry,robertpaul.5316@example.net,Palestinian Territory,2022-07-06,Standard,1530.12
5317,Anthony Valdez,connermelissa.5317@example.net,Saint Barthelemy,2022-06-26,Premium,17944.58
5318,Lisa Dyer,stephenperez.5318@example.com,Nigeria,2025-11-06,Basic,702.71
5319,Jessica Gutierrez,stewartpeter.5319@example.com,Montserrat,2025-01-20,Premium,4805.37
5320,Tammy Francis,wliu.5320@example.net,Hungary,2021-02-03,Standard,812.69
5321,Chelsea Thomas,andersonmichael.5321@example.com,Bahamas,2023-04-17,Basic,328.51
5322,Joshua Landry,gregorymarks.5322@example.com,Angola,2022-06-25,Premium,4138.66
5323,Robert Ford,bmendez.5323@example.net,Costa Rica,2024-04-28,Standard,2130.41
5324,Donna Wilson,ipruitt.5324@example.org,Azerbaijan,2020-05-07,Premium,15276.72
5325,Kaylee Gay,bowmansamuel.5325@example.com,Dominican Republic,2024-10-09,Standard,2219.78
5326,Danny Cain,stephanieavila.5326@example.com,Taiwan,2024-12-18,Basic,376.17
5327,Tiffany Crawford,ismith.5327@example.net,Argentina,2021-07-07,Standard,2561.01
5328,Marcus Smith,rhill.5328@example.org,Finland,2021-01-02,Basic,484.68
5329,Emily Spencer,dstephenson.5329@example.net,Ecuador,2024-03-12,Premium,19885.01
5330,Laura Moore,bakeralexis.5330@example.com,Korea,2021-09-19,Standard,2483.23
5331,Tony Williams,hbaker.5331@example.org,Uruguay,2026-04-18,Basic,577.81
5332,Tiffany Sexton,princedavid.5332@example.net,Greenland,2025-03-08,Basic,98.64
5333,Catherine Parker,timothy88.5333@example.org,Hong Kong,2026-05-21,Standard,2531.28
5334,Gregory Walker,williammason.5334@example.org,American Samoa,2023-07-29,Standard,1055.6
5335,Jacob Brown,heather85.5335@example.org,Comoros,2026-04-10,Basic,335.13
5336,Kristen Wells,eric71.5336@example.org,Senegal,2020-02-04,Basic,370.21
5337,Miss Melissa Wiley,alexander51.5337@example.org,North Macedonia,2021-12-09,Standard,1127.67
5338,Dylan Martinez,christopher05.5338@example.net,Rwanda,2020-01-06,Premium,3951.9
5339,Nancy Brooks,vasquezcrystal.5339@example.org,Greenland,2024-07-12,Premium,5588.55
5340,Brittany Russell,ncarpenter.5340@example.org,Nigeria,2023-06-01,Standard,2449.71
5341,Lauren West,kristenreyes.5341@example.net,Malawi,2021-12-03,Standard,2026.36
5342,Brittany Wood,mhood.5342@example.org,Thailand,2022-01-14,Standard,2839.96
5343,Craig Shepherd,carriebennett.5343@example.org,Kazakhstan,2024-04-21,Standard,2498.99
5344,Daniel Bruce,hernandezmaria.5344@example.org,Nicaragua,2021-03-16,Standard,1326.22
5345,Stephanie Price,taylorlawrence.5345@example.org,France,2023-06-10,Standard,2401.38
5346,Michael Miller,ryanclark.5346@example.com,Gambia,2024-02-07,Standard,1814.0
5347,Kristen Wilson,heather94.5347@example.com,Antigua and Barbuda,2021-08-09,Standard,1001.64
5348,Matthew Irwin,victoria46.5348@example.net,Martinique,2021-07-11,Premium,19551.61
5349,Priscilla Allen,lwilliamson.5349@example.com,Peru,2022-05-15,Basic,742.79
5350,Christine Hess,andersonalan.5350@example.org,Puerto Rico,2023-12-17,Standard,514.16
5351,Erika Bishop,dalehudson.5351@example.org,Rwanda,2021-09-13,Premium,17109.59
5352,Danielle Conley,tylergreen.5352@example.org,United States Virgin Islands,2022-07-15,Standard,417.52
5353,Andrew Porter,bhickman.5353@example.net,Cape Verde,2023-08-20,Standard,2800.69
5354,Nicholas Obrien,kwilliams.5354@example.com,Zambia,2021-04-01,Standard,1947.66
5355,Wesley Washington,gharris.5355@example.org,Marshall Islands,2023-10-21,Standard,666.43
5356,Stephen Williams,cameronkim.5356@example.org,Kuwait,2020-12-03,Standard,2488.33
5357,Elizabeth Porter,davislaura.5357@example.net,Norfolk Island,2020-12-14,Standard,1644.19
5358,Brenda Smith,hcox.5358@example.net,Madagascar,2021-08-01,Premium,3071.9
5359,Victoria Thompson,zfranco.5359@example.com,Pakistan,2021-11-30,Standard,2435.6
5360,Adam Hampton,suarezamy.5360@example.net,United Arab Emirates,2020-03-13,Premium,16190.09
5361,Amy Meadows,gcastaneda.5361@example.net,Libyan Arab Jamahiriya,2026-06-06,Standard,1549.77
5362,Michael Bennett,collinsmichelle.5362@example.com,Macao,2022-01-22,Standard,2247.11
5363,Chad Welch,hendersonkimberly.5363@example.net,Bolivia,2025-05-18,Basic,32.12
5364,Andrew Brown,cholder.5364@example.org,Croatia,2026-01-11,Premium,7725.92
5365,Haley Swanson,angelica09.5365@example.net,Equatorial Guinea,2025-05-09,Standard,2085.02
5366,Kimberly Lee,cpierce.5366@example.com,Israel,2025-07-23,Standard,845.7
5367,Brett Jones,amber72.5367@example.com,Madagascar,2020-09-01,Standard,1461.15
5368,Anthony Weeks,hendersonroberto.5368@example.net,New Caledonia,2022-06-27,Basic,745.56
5369,Kim Hardy,treid.5369@example.org,Algeria,2024-12-27,Premium,16881.53
5370,Michelle Randall,seanthompson.5370@example.net,Kazakhstan,2023-11-07,Standard,1762.39
5371,Allison Kaiser,martinezjessica.5371@example.net,Belgium,2020-01-14,Standard,1814.81
5372,Annette Welch,kristin57.5372@example.net,Kazakhstan,2023-10-17,Basic,709.6
5373,Barbara Woods,jennifercampbell.5373@example.org,Guadeloupe,2025-05-18,Premium,17535.06
5374,Desiree Sharp,rhendrix.5374@example.com,Egypt,2025-07-16,Basic,70.64
5375,Darrell Aguirre,marycrawford.5375@example.net,Guinea,2022-07-26,Basic,372.46
5376,Samantha Dorsey,iortiz.5376@example.org,Kazakhstan,2021-07-31,Basic,152.68
5377,Evelyn Cole,jennifer64.5377@example.org,Ireland,2022-01-25,Standard,433.02
5378,Kayla Stewart,mtaylor.5378@example.net,Japan,2021-12-24,Standard,1018.71
5379,Brittany Cook,,Solomon Islands,2022-04-26,Premium,12991.59
5380,Lawrence Mcknight,lmorales.5380@example.net,Central African Republic,2022-01-06,Basic,635.5
5381,Jeffrey Johnson,tonifisher.5381@example.net,Germany,2023-01-21,Standard,2754.93
5382,Tanya Hawkins,damon82.5382@example.com,Paraguay,2020-04-09,Premium,9613.21
5383,Mary Obrien,veronicajensen.5383@example.org,Iceland,2021-11-03,Standard,1382.5
5384,Jonathan Fisher,ericlucas.5384@example.com,Mongolia,2022-02-07,Basic,122.6
5385,James Crawford,fbarry.5385@example.org,Norway,2021-01-09,Basic,155.87
5386,Angela Torres,hansenlarry.5386@example.com,Sierra Leone,2025-11-13,Standard,486.99
5387,Matthew Johnson,robertcastillo.5387@example.net,Saint Lucia,2024-07-07,Standard,2932.52
5388,Mallory Johnson,hernandezronnie.5388@example.com,South Georgia and the South Sandwich Islands,2026-02-05,Basic,102.08
5389,Shannon Smith,mjones.5389@example.org,Nepal,2023-10-03,Basic,605.31
5390,Erica Morgan,jordanmichael.5390@example.net,Georgia,2020-09-24,Basic,254.21
5391,Sarah Anderson,benjamindavis.5391@example.net,Saint Pierre and Miquelon,2026-01-18,Standard,1704.01
5392,Regina Smith,wacosta.5392@example.net,Oman,2023-01-23,Standard,2643.59
5393,Laura Peck,henry25.5393@example.net,Kuwait,2024-07-29,Basic,748.93
5394,Jason Sanders,brianayala.5394@example.org,Swaziland,2022-07-20,Premium,6324.15
5395,Amy Patel,ghudson.5395@example.org,Papua New Guinea,2023-04-22,Standard,2751.55
5396,Anna Caldwell,epotter.5396@example.org,El Salvador,2023-04-10,Premium,6536.94
5397,Christopher Irwin,fowlermichael.5397@example.org,Italy,2021-11-26,Standard,2453.43
5398,Charles Jordan,john94.5398@example.net,Poland,2023-09-16,Basic,12.2
5399,Mr. Samuel Miller DVM,bruce53.5399@example.com,American Samoa,2024-11-26,Premium,11634.17
5400,Ryan Leach,williamhaynes.5400@example.com,Mexico,2020-02-19,Standard,2232.28
5401,Katherine Stewart,mcooper.5401@example.net,Venezuela,2020-11-15,Premium,17100.9
5402,Frank Rivers,briancummings.5402@example.net,Marshall Islands,2025-08-18,Basic,672.9
5403,Todd Chandler,kathrynwilliams.5403@example.org,Angola,2023-10-23,Basic,239.09
5404,Judith Ramirez,courtneydavies.5404@example.net,Norway,2026-07-05,Standard,2588.82
5405,Michael Fox,jeremy29.5405@example.net,Yemen,2024-01-16,Basic,258.92
5406,Amy Osborn,usteele.5406@example.com,Ukraine,2024-05-14,Premium,6207.81
5407,Pamela Ball,ihahn.5407@example.com,United States Minor Outlying Islands,2026-01-04,Basic,1.18
5408,Christine Ayala,yhernandez.5408@example.net,Bosnia and Herzegovina,2024-05-31,Basic,188.57
5409,Alison Carlson,ortizcourtney.5409@example.net,Kenya,2022-03-15,Premium,4131.9
5410,Kelly Jones,kelly29.5410@example.net,North Macedonia,2023-07-13,Basic,539.95
5411,Jonathan Horne,david28.5411@example.org,Latvia,2021-07-29,Premium,4606.18
5412,Kevin Smith,poncemichelle.5412@example.org,Norway,2022-03-27,Standard,1839.07
5413,Samuel Rice,terrence99.5413@example.org,Eritrea,2024-07-19,Premium,4276.42
5414,Bruce Hernandez,josephtravis.5414@example.com,Sierra Leone,2020-12-29,Basic,563.53
5415,Sean Holt,justinellison.5415@example.com,Malaysia,2024-06-28,Premium,7139.82
5416,Cynthia Murphy,perrydenise.5416@example.org,Pakistan,2023-11-27,Premium,7556.53
5417,Sydney Vincent,john78.5417@example.net,Niger,2022-01-23,Standard,1993.08
5418,Becky Mills,newtonjason.5418@example.net,Barbados,2020-04-19,Basic,751.16
5419,Anna Keller,bauerian.5419@example.com,Belgium,2024-09-16,Standard,2976.48
5420,Pamela Reid,jonathan78.5420@example.net,Korea,2025-07-06,Standard,1200.34
5421,Marc Arroyo,freemanmitchell.5421@example.org,Saint Helena,2024-11-17,Standard,2849.71
5422,Charlene Sullivan,littlesarah.5422@example.com,Venezuela,2022-10-24,Basic,489.86
5423,Christian Rosario,jennifer32.5423@example.com,Lithuania,2024-05-14,Standard,2738.11
5424,Yvonne Newton,scotttravis.5424@example.com,Norway,2022-10-09,Standard,277.99
5425,Gary Graves DDS,scottmiddleton.5425@example.com,Niger,2022-05-24,Basic,26.54
5426,Ashley Stone,mhouston.5426@example.com,Guyana,2022-03-09,Standard,408.81
5427,Jonathon Cox,joseph98.5427@example.net,Saint Barthelemy,2021-05-29,Standard,2452.3
5428,Alicia Barnes,alisonross.5428@example.org,United States Virgin Islands,2026-06-25,Basic,110.37
5429,Timothy Griffin,daniel99.5429@example.com,Spain,2024-06-14,Standard,694.44
5430,Danny Woodward,xrosario.5430@example.net,Barbados,2021-03-03,Standard,1839.12
5431,Maurice Davidson,xandrews.5431@example.org,Svalbard & Jan Mayen Islands,2025-10-13,Standard,2880.85
5432,Jenny Davis,yrivera.5432@example.org,Kyrgyz Republic,2021-01-04,Basic,453.69
5433,Alex Smith,dward.5433@example.org,Aruba,2023-12-20,Basic,586.08
5434,Kristine Barron,victorcoleman.5434@example.net,Swaziland,2021-02-08,Standard,725.66
5435,Calvin Nguyen,abrown.5435@example.com,Malaysia,2022-06-01,Standard,2759.69
5436,Michael Rivera,baxterkristen.5436@example.org,Cuba,2024-05-27,Standard,356.45
5437,Nicholas Mcdonald,ydavenport.5437@example.net,Morocco,2026-09-05,Premium,7090.74
5438,Ryan Cruz,jennaschaefer.5438@example.com,Colombia,2026-08-19,Premium,10167.04
5439,Cory Jones,randallrobertson.5439@example.net,Turkmenistan,2025-12-26,Premium,6071.1
5440,Scott Johnson MD,frank43.5440@example.net,Netherlands,2021-07-29,Premium,13947.69
5441,Matthew Adams,jessicacollins.5441@example.net,Slovenia,2020-08-16,Standard,2100.62
5442,Wayne Andrews,wheeleranne.5442@example.net,Senegal,2026-01-20,Premium,5813.44
5443,Donald Church,,Yemen,2026-03-04,Premium,2154.64
5444,Henry Nash,katiegriffin.5444@example.net,Denmark,2021-11-11,Standard,408.09
5445,Frank Rodriguez,arice.5445@example.net,Mauritius,2020-02-16,Standard,201.2
5446,Teresa Davis,michaellucas.5446@example.org,Martinique,2024-05-01,Premium,18297.09
5447,Brian Ramirez,bchavez.5447@example.com,Saint Vincent and the Grenadines,2020-07-04,Premium,13189.98
5448,Monica Parks,robert19.5448@example.com,South Africa,2020-04-08,Standard,587.62
5449,Cynthia Cooley,schmittjennifer.5449@example.org,Seychelles,2026-04-07,Standard,459.04
5450,Jesse Benson,smithjacob.5450@example.net,Kyrgyz Republic,2023-04-25,Basic,654.08
5451,Corey Taylor,robert65.5451@example.net,Norway,2020-09-30,Basic,648.83
5452,Gail Hamilton,tcastillo.5452@example.org,Greece,2024-05-17,Basic,741.9
5453,Anthony Logan,sparkslaurie.5453@example.org,Uganda,2022-06-20,Standard,645.97
5454,John Johnson,lhodges.5454@example.org,Italy,2023-08-02,Basic,417.82
5455,Ryan Ford,monroestephanie.5455@example.com,Taiwan,2026-01-04,Standard,540.13
5456,Kyle Tapia,morriskimberly.5456@example.com,Russian Federation,2021-08-03,Standard,2427.79
5457,Amy Johnston,reidmarilyn.5457@example.org,Pakistan,2024-04-27,Standard,1354.96
5458,Ryan Reynolds,drodriguez.5458@example.com,British Virgin Islands,2025-07-16,Standard,2148.31
5459,Julia Rivera,omunoz.5459@example.com,Bahamas,2022-10-31,Standard,284.88
5460,Julie Lynch,david79.5460@example.net,Peru,2026-06-27,Premium,16002.76
5461,Andrew Conrad,daltonjohnston.5461@example.com,Iceland,2022-12-30,Basic,183.59
5462,Sharon Hernandez,dunnjoseph.5462@example.com,Tokelau,2023-01-26,Premium,17170.48
5463,Emily Harrison,andrewcaldwell.5463@example.com,Thailand,2025-11-29,Standard,720.4
5464,Victoria Yang,jonathanrobinson.5464@example.com,Mauritania,2024-04-01,Basic,632.08
5465,Chelsea Horton,cdavies.5465@example.com,American Samoa,2025-10-22,Standard,575.5
5466,Robert Garza,hudsonscott.5466@example.com,Guinea,2025-04-14,Premium,13941.51
5467,Scott Acosta,wilsonvirginia.5467@example.org,Benin,2024-10-05,Standard,2381.92
5468,Andrea Smith,conleypatrick.5468@example.net,Cayman Islands,2021-08-12,Standard,1281.45
5469,Lee Gallegos,staceygoodwin.5469@example.com,South Africa,2022-08-31,Basic,195.47
5470,Amy Ramirez,davidsonshannon.5470@example.com,Northern Mariana Islands,2025-10-11,Standard,1164.68
5471,Terrence Ortiz,elizabethpatton.5471@example.net,Dominica,2024-02-13,Basic,237.27
5472,Matthew Carr,flucero.5472@example.org,Haiti,2021-11-15,Standard,1972.59
5473,Kevin Johnson,huntcharles.5473@example.org,Falkland Islands (Malvinas),2022-03-10,Basic,35.65
5474,Diana Green,twheeler.5474@example.com,Sierra Leone,2025-03-09,Basic,33.15
5475,Philip Jensen,faith81.5475@example.com,United States of America,2021-03-11,Premium,7179.91
5476,Dr. Vanessa Dean DDS,troycunningham.5476@example.org,Jordan,2020-09-30,Standard,975.53
5477,Amber Henderson,smithvincent.5477@example.com,Uzbekistan,2025-02-11,Premium,5187.26
5478,Jessica Fowler,staffordmarissa.5478@example.com,Trinidad and Tobago,2021-12-05,Standard,2207.08
5479,Sara Ramirez,edavis.5479@example.com,Afghanistan,2025-02-12,Basic,19.01
5480,Amanda Yang,eoneal.5480@example.org,Samoa,2023-07-27,Standard,2787.86
5481,Karen Dawson,angela40.5481@example.com,Namibia,2026-09-02,Standard,2320.96
5482,Anthony Miller,jacqueline24.5482@example.org,Bahrain,2023-07-05,Basic,322.37
5483,Jessica Mejia,wdavis.5483@example.net,Poland,2025-10-19,Premium,17460.82
5484,Ashlee Nelson,cheryl76.5484@example.com,Tajikistan,2025-09-07,Premium,13126.76
5485,Kenneth Miller,michelle32.5485@example.com,Burkina Faso,2021-06-01,Basic,456.18
5486,Victoria Ramos,qhall.5486@example.net,Sao Tome and Principe,2026-08-29,Basic,250.41
5487,Laura Jefferson,eterry.5487@example.org,Chad,2024-12-26,Standard,2056.69
5488,Heather Wood,phunter.5488@example.net,Congo,2020-09-18,Standard,591.15
5489,April Martinez,jonathan21.5489@example.org,Oman,2020-01-15,Basic,419.92
5490,Jacqueline Dickson,thomas94.5490@example.org,Cote d'Ivoire,2021-10-24,Basic,92.89
5491,Adrian Chang,toni32.5491@example.org,New Zealand,2020-02-09,Standard,1446.41
5492,Robyn Hernandez,dallen.5492@example.com,Saint Barthelemy,2022-05-23,Standard,1925.56
5493,Parker Carroll,dylanyoung.5493@example.net,South Georgia and the South Sandwich Islands,2026-08-30,Standard,635.41
5494,Carol Smith,bmoody.5494@example.com,Congo,2023-03-15,Basic,177.7
5495,Michael Wise,nathanielsmith.5495@example.net,Saint Helena,2020-02-28,Basic,650.61
5496,Steven Williams,duartekevin.5496@example.net,Togo,2023-04-21,Standard,916.0
5497,Jeremiah White,aprillopez.5497@example.net,Comoros,2021-06-19,Standard,467.56
5498,Heather Hunter,bjohnson.5498@example.org,Kyrgyz Republic,2025-09-21,Standard,1125.93
5499,Casey Rhodes,oscarmills.5499@example.com,Italy,2020-08-09,Standard,2818.39
5500,Jason Stevens,katelyngiles.5500@example.net,Thailand,2025-02-24,Standard,2142.59
5501,Joann Johnson,brownmitchell.5501@example.org,Singapore,2022-12-25,Premium,12357.82
5502,Jill Buckley,marywang.5502@example.com,Saudi Arabia,2020-02-16,Premium,17127.55
5503,Jennifer Fitzgerald,irosales.5503@example.net,Benin,2024-07-01,Basic,528.15
5504,Aimee Johnson,vanessahuerta.5504@example.net,Sudan,2023-01-16,Premium,16600.62
5505,Whitney Yates,,Romania,2025-02-27,Premium,13828.83
5506,Jeanette Carey,dianafrank.5506@example.net,Korea,2024-02-18,Basic,691.41
5507,Evelyn Moore,megan76.5507@example.com,Greece,2025-04-06,Basic,499.21
5508,Vincent Douglas,kmoore.5508@example.org,Slovenia,2023-01-29,Premium,6767.75
5509,Melissa Hughes,kelsey44.5509@example.org,Cote d'Ivoire,2020-01-20,Standard,315.13
5510,Nicholas Hudson,westangelica.5510@example.com,South Georgia and the South Sandwich Islands,2020-11-15,Basic,84.26
5511,James Sweeney,cassiebaker.5511@example.org,Cook Islands,2023-01-25,Standard,1634.85
5512,Kelli Cross,christinajones.5512@example.org,American Samoa,2022-08-28,Standard,2920.95
5513,Rebecca Rodriguez,heather78.5513@example.com,Azerbaijan,2025-04-23,Standard,2326.49
5514,Kyle Curtis,robertlee.5514@example.org,Pakistan,2022-10-02,Standard,2371.24
5515,Kevin Austin,udurham.5515@example.net,Barbados,2025-10-01,Basic,531.03
5516,Lauren Leon,jasonjackson.5516@example.net,Afghanistan,2021-04-03,Premium,18262.79
5517,Steven Stevens,hfarmer.5517@example.org,Finland,2022-07-28,Standard,2259.29
5518,Richard Gutierrez,robinharris.5518@example.com,Antarctica (the territory South of 60 deg S),2025-01-20,Premium,6650.54
5519,Denise Pham,tina84.5519@example.com,Libyan Arab Jamahiriya,2020-10-30,Premium,10990.68
5520,Richard Page,kimberlypittman.5520@example.org,Lithuania,2022-02-23,Premium,9278.17
5521,Angel Matthews,jlewis.5521@example.org,Poland,2025-01-10,Basic,132.31
5522,Amber Garza,owenjesse.5522@example.com,Latvia,2023-12-09,Premium,6002.79
5523,Rachel Thompson,xrivera.5523@example.com,Moldova,2025-03-15,Standard,998.44
5524,Sarah Kennedy,hawkinssusan.5524@example.org,Kyrgyz Republic,2023-06-13,Premium,5125.59
5525,Ashley Moore,carmenreeves.5525@example.net,Hungary,2025-09-29,Basic,173.85
5526,Anthony Parks,christine74.5526@example.com,Botswana,2025-11-12,Standard,2765.9
5527,Alice Thompson,charlesrose.5527@example.com,Ecuador,2026-07-07,Basic,274.59
5528,Shelley Patel,troyedwards.5528@example.net,New Zealand,2020-10-24,Standard,2517.05
5529,Gregory Glenn,andrewrobinson.5529@example.com,Chad,2023-12-14,Standard,380.29
5530,Gregory Davis,kdavis.5530@example.org,Armenia,2020-10-06,Standard,2949.07
5531,Sara Todd,beltranmargaret.5531@example.com,Bahrain,2021-07-12,Premium,15766.25
5532,Matthew Jones,randywalsh.5532@example.org,Panama,2022-01-03,Basic,725.37
5533,Marissa Castro,lfriedman.5533@example.org,Tanzania,2024-04-26,Basic,420.73
5534,Nicole Price,walllarry.5534@example.org,Iceland,2022-11-19,Standard,1976.71
5535,John Thomas,grimesjoel.5535@example.com,Liechtenstein,2025-10-12,Standard,1210.29
5536,Micheal Blanchard,barrypaul.5536@example.com,Albania,2021-12-30,Standard,1409.69
5537,Stacey Perez,nfitzgerald.5537@example.net,Costa Rica,2024-02-16,Standard,2302.08
5538,William Johnson,anthony62.5538@example.com,Tajikistan,2025-02-06,Basic,39.97
5539,Steven Wade,nicholas17.5539@example.org,Sudan,2026-07-21,Basic,29.24
5540,Jessica Brown,craig32.5540@example.org,Tonga,2021-08-21,Standard,2649.78
5541,Ryan Morgan,kellysmith.5541@example.com,Norfolk Island,2024-11-26,Standard,508.02
5542,Courtney Reyes,pperry.5542@example.org,Panama,2020-07-26,Basic,576.82
5543,Francisco Gordon,timothy33.5543@example.net,Reunion,2023-08-20,Standard,758.72
5544,Michael Freeman,johnsonangela.5544@example.org,Aruba,2022-10-07,Standard,1225.38
5545,Debra Cox,reevesrussell.5545@example.org,Switzerland,2026-05-29,Standard,1021.94
5546,Jacqueline Wilkinson,perezjonathan.5546@example.net,Malawi,2025-03-03,Basic,392.27
5547,Brian Brewer,paul42.5547@example.org,Netherlands Antilles,2026-03-14,Basic,661.33
5548,Gregory Greene,taylorgary.5548@example.org,Mexico,2025-09-08,Premium,17759.61
5549,John Bailey,sullivanalfred.5549@example.net,Korea,2022-09-29,Standard,821.72
5550,Julia Walters,david92.5550@example.com,Spain,2024-11-25,Premium,8077.67
5551,Mary Nunez,ramirezclinton.5551@example.com,United States of America,2020-03-15,Premium,17064.5
5552,Shawn Harrell,victoria96.5552@example.com,Moldova,2023-09-24,Standard,450.98
5553,Aaron Bruce,kmueller.5553@example.org,Yemen,2020-04-25,Basic,93.52
5554,Michael Perez,bmiller.5554@example.org,Libyan Arab Jamahiriya,2024-11-03,Standard,1542.83
5555,Charles Maynard,fgoodwin.5555@example.com,Tokelau,2026-06-18,Standard,2412.4
5556,Gabrielle Brown,lwilson.5556@example.com,French Polynesia,2024-07-21,Standard,1140.73
5557,Amber Fuller,beverly50.5557@example.net,Ukraine,2025-08-13,Standard,394.41
5558,Craig Edwards,whitneyjennifer.5558@example.com,United States Minor Outlying Islands,2021-07-26,Basic,774.29
5559,Jason Davis,derek72.5559@example.net,Zimbabwe,2026-08-24,Standard,2828.95
5560,Matthew Wilson,cunninghamshelby.5560@example.com,Russian Federation,2023-09-06,Standard,2025.32
5561,Craig Smith,cortega.5561@example.org,French Polynesia,2024-07-05,Basic,545.5
5562,Jack Rogers,vasquezkristen.5562@example.org,United States of America,2025-02-24,Standard,2814.35
5563,Joanna Lopez,donnamiller.5563@example.com,Colombia,2024-04-10,Premium,13589.54
5564,Derek Johnson MD,solomonmichael.5564@example.org,Kiribati,2022-02-13,Standard,2407.55
5565,Brian Lopez,bellandrea.5565@example.net,Costa Rica,2024-02-02,Standard,1497.84
5566,Stephanie Johnson,karicarr.5566@example.com,United States Virgin Islands,2024-05-16,Standard,838.41
5567,Jessica Rodriguez,lauriehenderson.5567@example.net,Sudan,2025-09-24,Basic,666.03
5568,Nathan Copeland,harringtonsherri.5568@example.com,Lesotho,2023-03-21,Standard,2116.27
5569,Gary Williams,jgreen.5569@example.com,Eritrea,2023-05-10,Standard,1010.77
5570,Samantha Berry,brian14.5570@example.org,Mongolia,2023-05-13,Basic,498.62
5571,Carolyn Reynolds,michaelandrade.5571@example.net,Algeria,2020-10-06,Standard,2486.16
5572,Joseph Garrison,abigailfuller.5572@example.org,Gibraltar,2020-08-07,Standard,956.97
5573,Kimberly Ortiz,donald32.5573@example.net,Syrian Arab Republic,2020-02-19,Premium,15826.74
5574,Kendra Maxwell,herreratamara.5574@example.net,Colombia,2024-06-14,Standard,402.56
5575,Gina Smith,lisawise.5575@example.org,Jersey,2022-10-19,Standard,1949.86
5576,Courtney Brown,arobinson.5576@example.net,Monaco,2025-10-15,Premium,19980.81
5577,Leslie Horton,andrew67.5577@example.com,Trinidad and Tobago,2024-09-10,Standard,2625.85
5578,Adam Burns,perkinsdeborah.5578@example.net,Bolivia,2020-12-11,Premium,17761.84
5579,Thomas Parker,wjohnson.5579@example.com,Vietnam,2020-09-01,Standard,2105.0
5580,Danielle Gibson,angel69.5580@example.org,Jordan,2022-06-13,Standard,1491.32
5581,Raymond Frost,pclark.5581@example.com,Ghana,2026-02-26,Standard,2096.2
5582,Julia Martin,robert69.5582@example.com,Honduras,2020-04-28,Standard,1099.34
5583,Christopher Baker,jillianperez.5583@example.net,Denmark,2021-04-02,Standard,1747.75
5584,Lisa Duncan,mavila.5584@example.net,Armenia,2020-03-13,Standard,1711.1
5585,David Lee,robert51.5585@example.com,Uganda,2022-10-07,Premium,11787.15
5586,Kenneth Hunter,psanders.5586@example.org,Hungary,2026-08-13,Standard,1353.57
5587,Rita Burton,davidsonkaitlyn.5587@example.org,Myanmar,2024-07-27,Premium,8350.43
5588,Sean Patterson,ruizadrian.5588@example.net,Dominican Republic,2023-04-20,Standard,1124.99
5589,Joseph Jones,qwright.5589@example.org,Belarus,2020-12-18,Basic,179.78
5590,Karen Wilson,james13.5590@example.com,Jordan,2022-05-18,Standard,1427.93
5591,Mrs. Tammy Jackson MD,robertjones.5591@example.net,Equatorial Guinea,2023-07-04,Standard,529.69
5592,Emily Ramirez,yryan.5592@example.org,Gibraltar,2021-11-02,Basic,721.26
5593,Wanda Brown,laura64.5593@example.com,Bolivia,2024-09-17,Premium,3254.31
5594,James Kennedy,uhunt.5594@example.net,Saint Kitts and Nevis,2026-07-21,Basic,669.93
5595,Debra Dunn,smithmiranda.5595@example.net,Aruba,2021-05-17,Basic,193.0
5596,Whitney Garcia,evanselizabeth.5596@example.com,Holy See (Vatican City State),2021-09-07,Standard,2589.01
5597,Rebecca Baker,hsmith.5597@example.org,Bangladesh,2020-11-04,Premium,14964.79
5598,James Baldwin,potteremily.5598@example.com,Moldova,2024-11-07,Premium,18577.55
5599,Amanda Ayers,ryanmcdonald.5599@example.com,Mayotte,2023-02-01,Basic,696.19
5600,Angela Elliott,zrobinson.5600@example.com,Portugal,2021-11-23,Standard,2163.05
5601,Leah Harris,blackjames.5601@example.org,Samoa,2021-06-19,Basic,121.34
5602,Steven Warren,torresadam.5602@example.org,Saint Vincent and the Grenadines,2020-06-21,Standard,1737.33
5603,John Scott,joshuarodriguez.5603@example.org,Colombia,2023-03-08,Standard,1151.52
5604,Anne Rich,sgonzalez.5604@example.com,Vanuatu,2024-07-26,Standard,2680.17
5605,Rhonda Norman,sbanks.5605@example.org,Bosnia and Herzegovina,2021-07-27,Standard,2642.24
5606,Holly Gordon,coxrachael.5606@example.net,Egypt,2020-01-04,Standard,1079.3
5607,Mr. Matthew Sanchez,randolphchristopher.5607@example.com,Georgia,2023-03-01,Basic,537.36
5608,Adam Dixon,sloanthomas.5608@example.net,Georgia,2024-07-08,Standard,1147.2
5609,Kiara Jones,kennedyrobert.5609@example.net,Guadeloupe,2022-04-22,Basic,542.55
5610,Carrie Dixon,wrightchristopher.5610@example.com,Ecuador,2021-09-03,Basic,491.1
5611,Erin Walters,olynch.5611@example.net,Czech Republic,2021-01-11,Premium,11197.06
5612,Maria Black,waterspatricia.5612@example.org,Falkland Islands (Malvinas),2024-12-26,Standard,2659.54
5613,Ronald Fisher,parmstrong.5613@example.net,Maldives,2025-10-04,Premium,6428.9
5614,Christopher Turner,johnlevy.5614@example.org,Malawi,2025-02-22,Standard,2432.91
5615,Robert Powers,rgarcia.5615@example.org,Solomon Islands,2023-06-19,Basic,551.61
5616,Juan Brown,jerrywilliams.5616@example.net,Morocco,2024-11-03,Basic,225.01
5617,Angela Hernandez,paul01.5617@example.com,Tuvalu,2022-08-27,Basic,337.35
5618,Justin Todd,scottsamuel.5618@example.org,Brunei Darussalam,2020-02-29,Standard,393.24
5619,Daniel West,amy48.5619@example.com,Oman,2022-06-16,Standard,1873.21
5620,Beverly Hayes,epark.5620@example.org,Ireland,2024-09-14,Standard,2686.09
5621,Marie Rivera,warnerterri.5621@example.org,Bahrain,2024-04-29,Basic,94.25
5622,Ian Wells,rickeycarroll.5622@example.net,Belarus,2026-08-14,Premium,4375.97
5623,Stephen Sullivan,qwheeler.5623@example.net,Russian Federation,2026-09-01,Premium,10542.2
5624,Bradley Valencia,emmaalvarez.5624@example.com,Faroe Islands,2021-08-15,Premium,7062.14
5625,Stacy Cox,jeffrey77.5625@example.com,Burundi,2020-01-24,Premium,6984.72
5626,William Mcfarland,tamara83.5626@example.com,Malaysia,2021-10-31,Premium,13496.06
5627,Cheryl Harvey,scottcollins.5627@example.net,Honduras,2025-11-09,Premium,9384.61
5628,Gregory Boone,,Luxembourg,2025-06-09,Basic,675.72
5629,Gary Moyer,moorevalerie.5629@example.net,Moldova,2020-08-29,Basic,343.12
5630,David Le,gentrykatherine.5630@example.net,Cote d'Ivoire,2021-01-26,Standard,1922.77
5631,Molly Johnson MD,briannasmith.5631@example.net,Equatorial Guinea,2023-10-08,Basic,318.31
5632,Kayla Bennett,garrettsamuel.5632@example.net,Ghana,2024-06-01,Standard,916.87
5633,Linda Hardin,smithrobert.5633@example.org,Afghanistan,2026-07-26,Basic,377.07
5634,Richard Gregory,vcharles.5634@example.net,Dominica,2025-01-17,Standard,2217.35
5635,Jacob Carter,cindyjohnson.5635@example.net,Guinea-Bissau,2021-06-01,Standard,2867.87
5636,Jacob Wells,jonesshelby.5636@example.com,Mali,2020-03-31,Standard,318.07
5637,Adam Knox,jlewis.5637@example.net,Lithuania,2024-03-27,Premium,11572.89
5638,Karen Mills DDS,muellerphillip.5638@example.com,Zimbabwe,2023-09-14,Standard,1980.7
5639,Nicole Reilly,darrell96.5639@example.org,Sweden,2026-02-28,Basic,68.58
5640,Mary Lee,russellterri.5640@example.net,Belgium,2023-11-07,Basic,663.34
5641,Edgar Brooks,bgray.5641@example.net,Netherlands Antilles,2023-05-09,Standard,972.67
5642,Daniel Malone,fpark.5642@example.net,Ukraine,2022-01-11,Standard,2649.75
5643,Ryan Cox,cdelacruz.5643@example.com,India,2020-07-29,Basic,442.09
5644,Jake Young,cruzjames.5644@example.org,Malta,2025-11-10,Premium,4737.42
5645,Jessica Ross,lisacollins.5645@example.net,Saint Kitts and Nevis,2025-07-10,Premium,15305.98
5646,Ashley Owens,paynekimberly.5646@example.net,Ghana,2021-02-01,Standard,640.24
5647,William Pace,robertskeith.5647@example.org,Malta,2024-09-14,Standard,2217.06
5648,Jeanette Velez,ggreen.5648@example.org,Turkmenistan,2022-06-08,Standard,2462.96
5649,Patrick Lawson,michellesalazar.5649@example.org,Turkmenistan,2022-12-03,Premium,12359.52
5650,Todd Parks,burkegwendolyn.5650@example.com,Belize,2025-09-03,Standard,959.06
5651,Jeffrey Bishop,joshuahorn.5651@example.com,Antarctica (the territory South of 60 deg S),2025-08-18,Standard,1424.55
5652,Sarah Hawkins,alvarezmatthew.5652@example.com,Bulgaria,2021-04-10,Basic,422.42
5653,Scott Hester,briandavidson.5653@example.com,Kenya,2022-01-21,Standard,2064.19
5654,David Tucker,hollandmitchell.5654@example.org,Liberia,2025-06-28,Standard,1974.99
5655,Mary Schneider,mbarajas.5655@example.com,Samoa,2026-02-17,Basic,320.34
5656,Daniel Miller,jenniferanderson.5656@example.net,Italy,2020-07-12,Basic,606.53
5657,Bailey Anderson,xedwards.5657@example.com,Taiwan,2025-07-28,Standard,2359.97
5658,Sophia Ramirez,matthew02.5658@example.net,French Southern Territories,2023-04-09,Standard,2149.73
5659,Kevin Powell,anitadoyle.5659@example.org,Fiji,2023-12-12,Standard,962.03
5660,Joshua Simmons,youngpaul.5660@example.com,Madagascar,2020-07-02,Standard,1514.31
5661,Kelly Hall,amorrison.5661@example.net,United States Minor Outlying Islands,2024-07-19,Standard,1411.72
5662,Erica Johnson,hatfieldkenneth.5662@example.net,Saint Kitts and Nevis,2024-07-13,Basic,653.43
5663,Cody Brown,chelsea44.5663@example.com,Burundi,2024-06-06,Basic,646.54
5664,Amy Guzman,kevin52.5664@example.com,El Salvador,2025-04-14,Basic,692.86
5665,Taylor Bryant,kwilcox.5665@example.net,Bermuda,2026-04-29,Standard,847.29
5666,Cynthia Payne,cherylhuynh.5666@example.com,Monaco,2025-09-06,Basic,598.76
5667,Ashley Strong,perezrobert.5667@example.net,Monaco,2024-12-23,Basic,696.32
5668,Julie Johnson,amanda77.5668@example.org,Comoros,2026-07-24,Premium,4996.83
5669,Mrs. Tiffany Monroe,maryburke.5669@example.org,Venezuela,2024-07-05,Standard,311.82
5670,Robin Davis,tholt.5670@example.net,Lesotho,2024-06-29,Premium,3899.15
5671,Nicholas Navarro,zjones.5671@example.org,Thailand,2023-08-16,Standard,1897.37
5672,Jenna Moody,ojones.5672@example.org,British Indian Ocean Territory (Chagos Archipelago),2025-02-21,Standard,1380.61
5673,Beverly Cohen,alexgonzalez.5673@example.net,Nicaragua,2020-06-23,Standard,746.14
5674,Jacob Bryan,nturner.5674@example.com,Montenegro,2023-05-20,Premium,11509.46
5675,Edward Stuart,xchavez.5675@example.com,Spain,2022-11-04,Standard,2399.46
5676,Brian Rodriguez,lisachurch.5676@example.net,Lao People's Democratic Republic,2026-02-06,Premium,17404.72
5677,Billy Thompson,ijackson.5677@example.net,Marshall Islands,2020-06-26,Standard,2304.82
5678,Sylvia Clarke,peggyhardin.5678@example.org,Namibia,2024-04-21,Basic,708.41
5679,Dylan Kelly,mackenziekelly.5679@example.com,Malta,2021-03-26,Basic,483.35
5680,Bobby Jackson,mmontgomery.5680@example.org,Cuba,2025-11-27,Standard,2543.81
5681,Alexis Nelson,christopherescobar.5681@example.org,Zambia,2025-09-11,Standard,1368.12
5682,Debra Solis,reillydana.5682@example.com,Kyrgyz Republic,2021-07-28,Basic,681.98
5683,Karen Olsen,fholmes.5683@example.net,Saint Lucia,2025-10-29,Premium,18124.64
5684,Ryan Collins,lindaperez.5684@example.com,Cape Verde,2023-04-28,Basic,549.13
5685,Victor Miller,davisjoseph.5685@example.com,Trinidad and Tobago,2026-06-29,Basic,344.84
5686,Amy Perry,nicolerandall.5686@example.net,Bahrain,2024-11-17,Standard,988.69
5687,Teresa Esparza,lewisamanda.5687@example.org,Tuvalu,2020-03-25,Premium,7853.23
5688,Christy Walters,elizabethlittle.5688@example.com,Japan,2021-05-10,Premium,4382.39
5689,Bethany Hopkins,jacqueline54.5689@example.com,Bahamas,2022-09-12,Standard,332.05
5690,Jordan Thompson,kathleenweaver.5690@example.net,Eritrea,2021-05-31,Standard,1360.37
5691,Michele Dixon,emily19.5691@example.net,Netherlands,2020-11-19,Basic,34.13
5692,Mrs. Robin Baker,stafforderin.5692@example.com,Cocos (Keeling) Islands,2026-07-16,Standard,2665.65
5693,Jenny Adkins,crystal62.5693@example.net,Afghanistan,2025-10-23,Standard,2019.88
5694,Danielle Bernard,gsteele.5694@example.org,Madagascar,2022-11-27,Standard,2562.27
5695,Phillip Hampton,tanya75.5695@example.org,Kyrgyz Republic,2021-06-09,Standard,1444.37
5696,Shawn Dyer,christine85.5696@example.org,Burundi,2021-03-19,Premium,6031.15
5697,Gregory Anderson,brett55.5697@example.com,Iran,2026-02-14,Standard,1012.78
5698,Travis Bowen,stanleydeanna.5698@example.org,Sierra Leone,2022-03-20,Standard,2593.25
5699,Richard Hall,crobinson.5699@example.org,Germany,2020-01-31,Basic,97.51
5700,Roy Anderson,nicholas39.5700@example.com,Andorra,2022-08-28,Standard,2155.14
5701,Penny Simon MD,jonathan00.5701@example.net,Morocco,2023-01-14,Standard,831.93
5702,Adrian Christian DDS,sarah07.5702@example.net,Mozambique,2024-03-01,Basic,282.54
5703,Pamela Clark,sweeneyjohn.5703@example.com,Colombia,2022-04-07,Standard,208.53
5704,Patricia Richardson,nicholethomas.5704@example.com,Guatemala,2026-03-04,Basic,383.27
5705,Jacqueline Hogan,gfuentes.5705@example.com,Saint Martin,2024-04-20,Standard,559.39
5706,Lindsey Mejia,opayne.5706@example.org,Cote d'Ivoire,2026-08-06,Basic,687.72
5707,Kathy Gomez,johnsonevelyn.5707@example.org,Kenya,2022-06-15,Standard,473.64
5708,Alexis Mathis,lschmidt.5708@example.net,Guam,2024-05-10,Standard,901.03
5709,Kelly Smith,gwhite.5709@example.org,Timor-Leste,2022-06-11,Basic,11.84
5710,Leah Wang,hoffmananna.5710@example.com,Mali,2024-09-05,Premium,19871.79
5711,Jason Caldwell,richard07.5711@example.com,Philippines,2024-12-25,Basic,513.15
5712,Jillian Crosby,abowman.5712@example.org,Sri Lanka,2022-02-24,Standard,2002.02
5713,Kevin Harrell,ckelly.5713@example.com,Papua New Guinea,2026-04-08,Premium,11339.5
5714,Amber Morales,austinpeterson.5714@example.net,Uganda,2025-09-24,Premium,17625.0
5715,Mackenzie Petersen,tannertina.5715@example.org,Uruguay,2025-12-24,Basic,115.35
5716,Chase Soto,timothy73.5716@example.net,Equatorial Guinea,2021-06-15,Basic,634.28
5717,John Stout,alexander73.5717@example.net,Palau,2024-10-18,Standard,2459.95
5718,Katherine White,martinezhenry.5718@example.org,Pitcairn Islands,2020-09-16,Premium,2650.31
5719,Calvin Hamilton,mosschristine.5719@example.net,Northern Mariana Islands,2020-09-14,Standard,571.5
5720,Dr. John Berry,aperry.5720@example.com,Guatemala,2026-07-04,Standard,1732.02
5721,Michelle Stephens MD,scottfisher.5721@example.org,Poland,2021-01-08,Basic,72.15
5722,Mark Warren,alexandersmith.5722@example.net,Christmas Island,2025-10-11,Standard,990.63
5723,Troy Phillips,riveraveronica.5723@example.org,Sri Lanka,2022-11-18,Standard,1330.28
5724,Travis Pierce,twalter.5724@example.net,Anguilla,2022-01-11,Premium,4829.92
5725,Daniel York MD,eddie31.5725@example.com,Taiwan,2020-06-28,Standard,2171.61
5726,Richard Brown,valerie71.5726@example.org,Korea,2024-07-06,Standard,1586.17
5727,Carmen Scott,travischavez.5727@example.net,Mayotte,2024-10-27,Standard,1991.49
5728,Matthew Ruiz,williamsstephen.5728@example.net,Sudan,2023-02-14,Standard,1528.04
5729,Gregory Myers,,Lao People's Democratic Republic,2025-05-31,Basic,329.99
5730,Peter Cole,isingh.5730@example.net,Angola,2022-02-28,Standard,1578.69
5731,Nicholas Schultz,lindawalker.5731@example.net,Sao Tome and Principe,2023-09-09,Basic,719.61
5732,Paige Moran,kayla91.5732@example.org,Myanmar,2021-12-01,Standard,1308.91
5733,Mike Morales,juliadavid.5733@example.net,Central African Republic,2023-11-22,Premium,13560.73
5734,Daniel Baker,kellimedina.5734@example.com,Croatia,2020-11-28,Basic,667.17
5735,Joel Johnson,bakerlisa.5735@example.org,Anguilla,2023-03-08,Standard,1939.05
5736,Jeremy Harris,philiphammond.5736@example.com,Russian Federation,2023-09-03,Standard,832.98
5737,Jeff Rice,yballard.5737@example.net,Guam,2023-09-21,Premium,4195.27
5738,Madison Williams,garciamelissa.5738@example.org,Tajikistan,2022-12-26,Standard,1854.46
5739,Dr. Melinda Glenn,william17.5739@example.org,Mayotte,2024-04-20,Basic,581.92
5740,Valerie Cervantes,pattonkaitlyn.5740@example.com,Northern Mariana Islands,2023-06-04,Standard,2352.46
5741,Michael Rodriguez,nicholsheather.5741@example.net,Sierra Leone,2021-11-22,Premium,14488.44
5742,Amy Jarvis,wayne44.5742@example.net,Pitcairn Islands,2021-06-09,Standard,209.67
5743,Jeremy Park,ilivingston.5743@example.org,Maldives,2024-04-30,Standard,2366.75
5744,Sarah Wiggins,smithalyssa.5744@example.org,Israel,2026-04-11,Basic,483.7
5745,Christian Barnes,xmccann.5745@example.org,Cook Islands,2025-01-13,Standard,2966.91
5746,Taylor Ferguson,awilson.5746@example.com,Malta,2024-04-08,Basic,611.67
5747,John Young,vhill.5747@example.com,Tunisia,2026-02-28,Standard,1404.58
5748,Dorothy Lopez,ronald95.5748@example.org,China,2026-01-05,Standard,2093.22
5749,Margaret Henry,stephen68.5749@example.net,Liberia,2023-05-21,Standard,1924.62
5750,Steven Johnson,erinarmstrong.5750@example.org,Saint Kitts and Nevis,2020-09-23,Standard,1144.7
5751,Dr. Brett Rhodes,terricurtis.5751@example.net,Andorra,2024-03-28,Basic,426.82
5752,Heather Cowan,jennifer07.5752@example.net,Bhutan,2024-03-01,Premium,5678.86
5753,Danny Santos,ochandler.5753@example.net,Libyan Arab Jamahiriya,2021-11-08,Standard,445.92
5754,Michael Ward,thernandez.5754@example.net,Norway,2025-09-05,Basic,586.42
5755,Anna Martinez,gloria33.5755@example.net,Saudi Arabia,2025-10-25,Standard,1275.56
5756,Nathan Daniel,hamiltonamy.5756@example.net,Indonesia,2022-03-19,Premium,15602.84
5757,Timothy Nichols,stanleylatasha.5757@example.org,Guernsey,2023-03-10,Basic,390.67
5758,Keith Russell,fowlerjason.5758@example.org,Gibraltar,2021-04-21,Standard,2467.41
5759,Mr. Thomas Church II,srose.5759@example.net,Libyan Arab Jamahiriya,2021-03-11,Basic,591.69
5760,Julie Thomas,kennethhaynes.5760@example.org,South Georgia and the South Sandwich Islands,2021-10-09,Standard,2339.57
5761,Donna Turner,pmcgee.5761@example.org,Netherlands,2022-06-12,Premium,9727.97
5762,John Munoz,donaldrice.5762@example.net,Zambia,2021-10-28,Standard,2891.3
5763,Kristin Lawrence,brandyrogers.5763@example.com,Moldova,2021-01-05,Standard,1334.71
5764,John Harris,michael82.5764@example.com,Bosnia and Herzegovina,2022-12-28,Basic,634.52
5765,Sarah Buck,matthewdavis.5765@example.net,India,2024-03-02,Standard,1570.85
5766,Lisa Villegas,awalker.5766@example.com,Samoa,2022-03-07,Basic,188.07
5767,Sarah Anderson,jose76.5767@example.com,Iran,2023-07-26,Standard,1960.96
5768,Christopher Woods,vblack.5768@example.org,Barbados,2021-10-24,Standard,1513.51
5769,Lori Phillips,xgarcia.5769@example.net,Eritrea,2024-09-14,Premium,6753.26
5770,Alexander Shaffer,ojohnson.5770@example.com,Kazakhstan,2024-05-02,Standard,1271.09
5771,Erik Stevens,felicia80.5771@example.com,French Southern Territories,2026-06-02,Standard,647.82
5772,Jeffrey Simpson,perezelizabeth.5772@example.org,Sierra Leone,2020-05-09,Standard,2963.73
5773,Thomas Harrington,jamesobrien.5773@example.net,Uruguay,2025-09-14,Basic,514.55
5774,Shane Alvarado,michael48.5774@example.net,Turkmenistan,2022-04-11,Standard,685.93
5775,Ronald Collins,lindsay41.5775@example.com,Botswana,2020-06-10,Standard,2340.85
5776,Eileen Parsons,corey91.5776@example.org,Tonga,2024-08-11,Premium,12833.81
5777,Sandra Hunter,ashleyguerrero.5777@example.org,Pakistan,2021-02-23,Basic,578.04
5778,William Mckinney,sheliaedwards.5778@example.com,Peru,2021-03-05,Premium,12520.75
5779,Veronica Terry,taylorthomas.5779@example.org,United States Virgin Islands,2026-07-20,Standard,369.31
5780,Lindsay Whitaker,paul85.5780@example.org,Bhutan,2021-06-23,Premium,5658.32
5781,Dawn Barr,fcampbell.5781@example.net,Afghanistan,2023-08-29,Premium,15837.4
5782,Caitlin Knight,anthonypham.5782@example.net,Aruba,2021-05-05,Standard,2312.18
5783,Jasmine Peters,ggreen.5783@example.net,French Polynesia,2020-10-29,Standard,2310.85
5784,Frank Underwood,mooreannette.5784@example.com,Northern Mariana Islands,2020-01-03,Standard,242.6
5785,Cynthia Johns,angela28.5785@example.org,Ghana,2020-02-09,Standard,2454.42
5786,Ms. Holly Stephens,awhite.5786@example.org,Paraguay,2023-03-02,Basic,351.3
5787,Michael Smith,roykayla.5787@example.net,Grenada,2022-11-25,Standard,2142.25
5788,Nancy Soto,stephenhernandez.5788@example.com,Solomon Islands,2020-04-05,Standard,961.82
5789,Benjamin Mercer,brentcampos.5789@example.org,Mauritius,2022-05-03,Basic,615.62
5790,Christopher Marks,lamroger.5790@example.net,Nauru,2021-10-28,Standard,2950.39
5791,Jacob Jones,pgray.5791@example.com,Thailand,2023-10-27,Standard,909.91
5792,Ryan Shelton,cantrellvictoria.5792@example.org,Brunei Darussalam,2026-08-26,Standard,2395.75
5793,Roberto Wheeler,ngross.5793@example.net,Thailand,2024-08-15,Premium,12889.11
5794,Sarah Torres,eileenortiz.5794@example.com,Chad,2026-02-20,Standard,964.67
5795,Katherine Pena,lgonzalez.5795@example.net,Nicaragua,2021-04-14,Standard,1024.2
5796,Raymond Hall,michael10.5796@example.net,Dominican Republic,2021-06-09,Basic,585.31
5797,Vincent Mcclain,michael88.5797@example.com,Pakistan,2025-01-07,Basic,227.48
5798,Lisa Clay,josepena.5798@example.net,Belgium,2022-01-27,Premium,2860.28
5799,Daniel Wolfe Jr.,bellsusan.5799@example.net,Ireland,2025-09-03,Premium,17731.29
5800,Veronica Hutchinson,nelsonbrenda.5800@example.net,Togo,2023-02-06,Standard,1849.06
5801,Brooke Williams,caleb79.5801@example.com,Kyrgyz Republic,2021-05-05,Standard,2323.73
5802,Benjamin Farley,hillmelissa.5802@example.net,British Indian Ocean Territory (Chagos Archipelago),2025-08-24,Standard,1889.03
5803,Jose Herrera,gsims.5803@example.com,Liberia,2023-09-06,Standard,1646.08
5804,Jennifer Tran,brenda00.5804@example.net,Slovakia (Slovak Republic),2025-05-14,Standard,2355.95
5805,Katherine Lopez,ireed.5805@example.org,Angola,2023-01-09,Basic,25.73
5806,Alex Hudson,grantebony.5806@example.com,Luxembourg,2020-11-04,Standard,1073.28
5807,Mary Jensen,michelle57.5807@example.com,Greenland,2024-07-21,Premium,13294.44
5808,Michael Adams,virginia56.5808@example.net,Svalbard & Jan Mayen Islands,2020-10-30,Standard,2843.13
5809,Bethany Clark,smithmatthew.5809@example.net,Togo,2024-06-07,Standard,1302.22
5810,Melinda Glover,joshualopez.5810@example.net,Philippines,2022-10-14,Standard,2930.81
5811,Michael Long,smithteresa.5811@example.com,Pakistan,2025-04-16,Standard,2314.79
5812,Jeffery Howell,tstrong.5812@example.net,Guyana,2025-10-25,Standard,1557.71
5813,Kari Ellis,knorris.5813@example.com,Ecuador,2022-09-21,Basic,343.33
5814,Michael Morrison,raymondamanda.5814@example.com,Western Sahara,2025-11-24,Basic,103.55
5815,Sandra Wright,trevinoemily.5815@example.org,Norway,2020-09-27,Standard,1922.54
5816,Adrian Baker,xparker.5816@example.net,Singapore,2020-09-19,Premium,2942.37
5817,Richard Elliott,brandonmoore.5817@example.org,Turkey,2026-08-23,Standard,1401.41
5818,Nicole Galvan,stephen36.5818@example.net,Thailand,2023-11-03,Standard,865.58
5819,Hannah Rivera,cgray.5819@example.com,Isle of Man,2023-01-05,Basic,765.03
5820,Jessica Cruz,shelley85.5820@example.org,Macao,2021-01-15,Standard,1217.14
5821,William Kennedy,qwarren.5821@example.com,Czech Republic,2021-12-06,Standard,1569.91
5822,Martin Peterson,williamsgregory.5822@example.com,Egypt,2024-08-02,Basic,300.39
5823,Derek Sims,justinhowell.5823@example.com,Malawi,2025-06-29,Standard,584.19
5824,Emily Johnson,keith04.5824@example.org,Papua New Guinea,2026-02-15,Standard,1187.23
5825,Larry Rogers,mlewis.5825@example.com,Botswana,2022-09-22,Standard,2381.2
5826,Joseph Alexander,millsbrittany.5826@example.net,Tunisia,2023-01-15,Standard,1939.35
5827,Christopher Warren,diana55.5827@example.net,Bosnia and Herzegovina,2021-02-02,Standard,1424.76
5828,Luis Mendez,johngalvan.5828@example.org,Tanzania,2020-07-21,Basic,656.46
5829,Brian Steele,fhiggins.5829@example.net,Kenya,2022-12-05,Standard,211.62
5830,Dennis Hanson,mphillips.5830@example.com,Afghanistan,2023-11-15,Standard,2514.48
5831,Jason Carrillo,cassandra71.5831@example.com,Latvia,2020-09-11,Premium,3071.64
5832,Travis Ferguson,yolanda34.5832@example.com,Croatia,2022-09-24,Premium,17664.89
5833,Thomas Ortega,omiller.5833@example.net,Sri Lanka,2024-04-15,Standard,2853.2
5834,Amy Carter,ureyes.5834@example.com,Belgium,2025-06-03,Basic,655.34
5835,Michael Hood,kwalters.5835@example.net,Saint Pierre and Miquelon,2026-04-10,Standard,254.86
5836,Austin Haney,bowmananthony.5836@example.com,Angola,2022-04-11,Standard,1673.38
5837,Mark Marsh,lucas74.5837@example.org,Sao Tome and Principe,2022-08-14,Premium,16918.33
5838,Terri Henderson,sara95.5838@example.net,Gibraltar,2025-11-06,Standard,1726.05
5839,Crystal Crawford,annette12.5839@example.com,Dominican Republic,2024-08-19,Standard,1207.82
5840,Dana Perkins,gcamacho.5840@example.net,Gambia,2021-10-30,Basic,376.56
5841,Erin Love MD,jacksonjoel.5841@example.net,Sudan,2024-07-31,Standard,425.94
5842,Russell Jones,heather02.5842@example.com,Bosnia and Herzegovina,2021-01-19,Basic,397.05
5843,Raymond Cook,zchaney.5843@example.net,United States Minor Outlying Islands,2023-01-01,Basic,22.28
5844,Michael Moore,candice86.5844@example.org,Bolivia,2022-01-18,Standard,2003.52
5845,Angela Rivers,cscott.5845@example.org,Afghanistan,2026-08-21,Standard,1293.27
5846,Douglas Perry,shughes.5846@example.com,Cocos (Keeling) Islands,2020-03-26,Basic,153.07
5847,Jennifer Jones,nwaller.5847@example.org,Iraq,2025-09-23,Basic,13.91
5848,Christopher Hernandez,brittanykelley.5848@example.com,Guyana,2021-11-17,Standard,2781.93
5849,Gregory Brennan,adamsdanielle.5849@example.net,Lebanon,2020-03-29,Standard,1757.69
5850,Dennis Garner,debrabarnett.5850@example.net,Palestinian Territory,2024-05-31,Standard,2011.47
5851,Nicole Short,amanda26.5851@example.org,Ecuador,2024-07-13,Basic,623.49
5852,Steven Pennington,justin72.5852@example.org,Venezuela,2020-12-13,Basic,501.27
5853,Tonya Holder,leah30.5853@example.com,New Zealand,2020-04-03,Basic,330.48
5854,Brandy Cox,smithmichael.5854@example.net,North Macedonia,2020-09-28,Premium,13296.59
5855,James Hart,jameswilliams.5855@example.com,United Kingdom,2022-09-25,Standard,907.05
5856,Jordan Lawrence,jefferydiaz.5856@example.com,Bahrain,2020-11-19,Basic,449.08
5857,Jessica Moreno,angelaandrade.5857@example.net,Iceland,2024-09-12,Standard,775.64
5858,Tyler Petersen PhD,williamsmichael.5858@example.com,United States of America,2020-07-08,Basic,733.94
5859,James Lane,murrayteresa.5859@example.org,France,2025-04-10,Standard,1626.79
5860,Jesse Edwards,torresstephen.5860@example.com,Grenada,2025-11-05,Basic,187.07
5861,Kelli Hubbard,zshelton.5861@example.com,North Macedonia,2024-10-16,Standard,1990.97
5862,Kathleen Mccormick,brewermarcus.5862@example.com,Rwanda,2026-04-24,Premium,3625.75
5863,David Brown,frankjackson.5863@example.org,Dominican Republic,2026-04-12,Premium,9812.34
5864,Julie Singleton,andrewsmichelle.5864@example.com,Saint Vincent and the Grenadines,2020-04-23,Basic,692.77
5865,Michael Pratt,patrickallen.5865@example.net,Tanzania,2022-04-15,Premium,15821.45
5866,Ashley Cabrera,tina20.5866@example.org,Cuba,2025-01-30,Basic,562.75
5867,Mike Anderson,angelashelton.5867@example.org,France,2022-04-09,Standard,1517.69
5868,Carolyn Allen,kenneth24.5868@example.net,Canada,2024-12-05,Standard,1451.26
5869,Brent Anderson,heatherschroeder.5869@example.org,Malta,2025-03-05,Standard,231.67
5870,Faith Davidson,amypowers.5870@example.com,Taiwan,2026-08-31,Basic,480.03
5871,Peter Munoz,tbradley.5871@example.org,Hong Kong,2022-03-16,Basic,461.61
5872,Douglas Doyle,fieldstodd.5872@example.com,Maldives,2022-04-29,Basic,4.22
5873,Randall Molina,ricky76.5873@example.com,Ukraine,2020-02-29,Basic,109.63
5874,Taylor Smith,xellis.5874@example.org,Comoros,2021-11-28,Standard,234.82
5875,Steven Young,maybernard.5875@example.org,Azerbaijan,2021-11-16,Basic,202.54
5876,Felicia Harrison,toddlopez.5876@example.org,Saint Kitts and Nevis,2023-01-11,Standard,210.79
5877,Kevin Carter,robertburns.5877@example.org,Sudan,2022-10-25,Standard,1368.63
5878,Natalie Vazquez,dzimmerman.5878@example.org,Congo,2025-09-22,Standard,1533.9
5879,Cody Martin,calebreynolds.5879@example.net,Marshall Islands,2025-03-04,Standard,1423.83
5880,Todd Nguyen,jamesle.5880@example.org,Saint Helena,2024-11-14,Basic,159.51
5881,John Johnson,jeffguzman.5881@example.org,Mozambique,2020-01-13,Standard,1665.97
5882,Christopher Morgan,samantha01.5882@example.com,Central African Republic,2023-02-25,Basic,651.28
5883,Michael Boyd,brittanymoore.5883@example.com,Swaziland,2024-11-16,Basic,232.97
5884,Amanda Perry,barbaraperez.5884@example.net,Cayman Islands,2021-08-20,Standard,1075.21
5885,Thomas Trevino,jamesbest.5885@example.com,Micronesia,2022-11-03,Premium,11770.87
5886,Lauren French,jaredboyd.5886@example.net,Belgium,2024-11-10,Standard,854.51
5887,Debra Hoffman,petersonkathryn.5887@example.net,Guyana,2025-04-24,Premium,8080.15
5888,Christopher Wolfe,brian25.5888@example.com,Comoros,2025-09-17,Basic,361.95
5889,Andrea Graham,smithadam.5889@example.com,Suriname,2022-11-15,Standard,1281.65
5890,John Mccoy,wesley46.5890@example.net,Guernsey,2022-09-03,Standard,2491.05
5891,Jacob Lucas,juliagarcia.5891@example.net,Trinidad and Tobago,2022-07-23,Standard,2577.18
5892,Brenda Richard,blake69.5892@example.org,Tonga,2024-06-20,Standard,1328.06
5893,Jackie Pham,francismason.5893@example.org,Paraguay,2022-10-21,Standard,1453.8
5894,Stephanie Sawyer,patricia11.5894@example.net,Guinea,2022-09-04,Standard,2879.3
5895,Matthew Griffin,tthompson.5895@example.org,Ukraine,2021-02-14,Standard,1608.65
5896,Nancy Carroll,hartmansarah.5896@example.com,Gabon,2023-03-14,Basic,794.43
5897,Carolyn Roberts,mjohnson.5897@example.com,Seychelles,2021-08-02,Premium,15730.45
5898,Samuel Oconnor,kathleen20.5898@example.com,Burundi,2023-07-05,Standard,939.85
5899,Anthony Wade,swalters.5899@example.org,Ukraine,2025-12-10,Premium,6123.67
5900,Robert Williams,timothyreed.5900@example.net,Bahrain,2025-03-09,Standard,645.38
5901,Amanda Mcintyre,emma68.5901@example.org,Saint Pierre and Miquelon,2023-03-13,Premium,16510.62
5902,Carla Heath MD,john12.5902@example.org,Namibia,2026-07-15,Basic,245.49
5903,Jeffrey Garrett,jcampbell.5903@example.com,Hong Kong,2026-07-21,Premium,14164.27
5904,Crystal Owens,juan86.5904@example.net,Palestinian Territory,2022-12-21,Standard,1712.38
5905,Morgan Rodriguez,stevenschristopher.5905@example.org,French Polynesia,2025-02-07,Standard,2512.79
5906,Elizabeth Anderson,alexandra05.5906@example.com,Bouvet Island (Bouvetoya),2022-04-15,Standard,2302.29
5907,Douglas Silva,lparker.5907@example.net,Sweden,2025-11-15,Premium,3147.48
5908,Michael Watts,barrettkimberly.5908@example.org,Saint Martin,2022-07-01,Basic,270.74
5909,Christine Marquez,samantha20.5909@example.com,Israel,2021-09-22,Basic,416.08
5910,Jimmy Lambert,brian41.5910@example.org,Falkland Islands (Malvinas),2020-11-22,Standard,2450.19
5911,Claire Diaz,charlesowen.5911@example.com,Mali,2025-08-19,Basic,571.22
5912,Randy Wallace,cdunn.5912@example.com,Sudan,2021-12-26,Standard,1738.33
5913,Haley Jones,deborah41.5913@example.com,Iraq,2025-06-09,Standard,2463.45
5914,Jimmy Williams,knightdavid.5914@example.net,Cape Verde,2020-07-30,Basic,347.94
5915,Vincent Martinez,cooperjerry.5915@example.com,Belgium,2023-05-08,Premium,3001.87
5916,Dawn Walton,uthompson.5916@example.com,Nicaragua,2022-11-10,Standard,2637.5
5917,Jennifer Nguyen,josejohnson.5917@example.org,Norfolk Island,2022-12-07,Premium,11478.68
5918,Bryan Hale,stephanie72.5918@example.com,Luxembourg,2021-02-12,Standard,2463.53
5919,Charles Gross,victorjones.5919@example.org,Mayotte,2020-06-29,Standard,1297.83
5920,Jessica Moody,manuel24.5920@example.org,Saint Vincent and the Grenadines,2022-04-25,Basic,470.84
5921,Crystal Young,icraig.5921@example.com,Argentina,2023-02-22,Standard,1127.06
5922,Lisa Young,powerssandra.5922@example.net,Belarus,2025-04-21,Basic,327.66
5923,Allison Larson,raymondjanet.5923@example.com,Pitcairn Islands,2023-02-03,Premium,4653.17
5924,Michael Mcknight,martinjennifer.5924@example.net,Namibia,2021-08-23,Standard,2276.49
5925,Joseph Mathews,dorothybruce.5925@example.net,Gambia,2021-10-03,Standard,984.8
5926,Rebecca Baker,rogersbrittany.5926@example.com,Congo,2024-02-03,Premium,7431.16
5927,Matthew Mendoza,jasmine02.5927@example.com,Martinique,2022-11-29,Premium,8375.4
5928,Kimberly Koch,zgarrett.5928@example.com,Argentina,2026-01-09,Standard,1409.95
5929,Melissa Mcdonald,chad29.5929@example.net,Svalbard & Jan Mayen Islands,2022-12-09,Standard,1813.26
5930,Mr. Matthew Gibson MD,jacob67.5930@example.com,Algeria,2023-10-16,Standard,2111.86
5931,Anthony Lynch,ssmith.5931@example.org,Czech Republic,2020-06-05,Basic,540.55
5932,Wendy Gibson,christopher33.5932@example.net,Christmas Island,2021-04-18,Standard,1386.31
5933,Ronald Hughes,hoffmanemily.5933@example.com,Central African Republic,2025-09-07,Premium,10674.03
5934,Tracy Quinn,millermargaret.5934@example.org,Philippines,2022-04-21,Premium,4525.77
5935,Michael Hendricks,patrickkirby.5935@example.com,Italy,2022-10-25,Premium,11387.11
5936,April Allen,fparsons.5936@example.org,Anguilla,2023-12-12,Standard,2655.76
5937,John Todd,dominiquepowers.5937@example.com,Angola,2020-05-21,Basic,368.36
5938,Kevin Wong,zperez.5938@example.org,Guatemala,2023-05-22,Standard,2826.44
5939,Jessica Conner MD,myersjacqueline.5939@example.net,Angola,2022-04-25,Premium,4804.1
5940,Amy Robinson,wongmatthew.5940@example.org,Israel,2020-12-28,Standard,2263.35
5941,Sandra Bell,michaelholt.5941@example.net,Heard Island and McDonald Islands,2022-10-18,Standard,2182.37
5942,Nicole Hampton,treilly.5942@example.org,Tanzania,2022-12-27,Standard,2108.28
5943,Adam White,josebutler.5943@example.com,North Macedonia,2021-03-31,Basic,530.29
5944,Kathy Harmon,alexanderchristopher.5944@example.org,United Arab Emirates,2023-08-19,Standard,262.46
5945,Dennis Smith Jr.,cheryl83.5945@example.com,Yemen,2024-12-27,Standard,2277.94
5946,Bryan Mendoza,colejoshua.5946@example.net,Kazakhstan,2021-10-14,Basic,399.75
5947,Gina Harrell,nathan04.5947@example.org,Saint Pierre and Miquelon,2026-06-18,Standard,1667.72
5948,Shannon Barry,cooksean.5948@example.net,Niger,2024-02-04,Basic,40.7
5949,Terry Arroyo,brian83.5949@example.net,Bahamas,2025-03-02,Basic,150.7
5950,Ian Foster,rogercarter.5950@example.com,Zambia,2020-06-20,Standard,2750.82
5951,Matthew Pollard,melissa51.5951@example.com,Lithuania,2025-02-17,Standard,1083.48
5952,Carolyn Ellis,james27.5952@example.org,Aruba,2022-04-01,Basic,315.1
5953,David Thomas,clarkamber.5953@example.org,Tonga,2024-09-30,Standard,729.77
5954,Robin Sullivan,shawmelanie.5954@example.com,Nepal,2025-05-18,Standard,1970.13
5955,Renee Gomez,raymichael.5955@example.net,Turks and Caicos Islands,2021-09-03,Standard,2273.96
5956,Mr. Erik Huang Jr.,kross.5956@example.org,Czech Republic,2021-09-25,Basic,737.01
5957,Brenda Norris,julie61.5957@example.com,Lao People's Democratic Republic,2020-05-25,Standard,1773.78
5958,Richard Moody,ganderson.5958@example.org,Yemen,2024-01-17,Premium,6961.35
5959,Kelly Turner,jacksonpatrick.5959@example.net,South Africa,2025-03-05,Standard,398.7
5960,Brandon Moreno,vkelly.5960@example.net,Ghana,2022-09-28,Standard,945.11
5961,Shelley Weber,zweaver.5961@example.com,Ukraine,2021-01-28,Standard,1931.42
5962,Heather Mcdowell,melissabarnett.5962@example.com,Bahrain,2022-02-11,Standard,2927.49
5963,Bradley Fowler,thompsonamber.5963@example.net,Gabon,2022-09-10,Standard,421.75
5964,Mathew Johnson,jeffrey37.5964@example.org,Tanzania,2026-02-15,Standard,1287.43
5965,Julie Torres,huntsamuel.5965@example.org,India,2020-10-29,Premium,14010.24
5966,Michael Smith,danielespinoza.5966@example.net,Cayman Islands,2022-04-18,Standard,1808.8
5967,Gloria Bradford,sarah27.5967@example.net,French Polynesia,2024-04-07,Standard,2024.74
5968,Richard Merritt,qramsey.5968@example.org,Cayman Islands,2021-07-31,Basic,370.57
5969,Samantha Velazquez,camposronald.5969@example.com,Ireland,2025-11-30,Standard,947.7
5970,Kathy Howell,davisnicholas.5970@example.com,Macao,2026-01-29,Standard,1551.71
5971,Heather Anderson,janiceanderson.5971@example.com,Morocco,2022-07-17,Standard,1268.3
5972,Amanda Hopkins,angelarivera.5972@example.net,Saint Helena,2024-12-26,Premium,14767.36
5973,Cheryl Stephenson,connie03.5973@example.net,Congo,2025-01-19,Premium,5089.25
5974,Yvonne Phillips,nicholas69.5974@example.org,Marshall Islands,2024-07-22,Basic,396.92
5975,Rebecca Mcneil,idavies.5975@example.net,Cocos (Keeling) Islands,2021-03-31,Premium,19263.13
5976,Alan Mcclain,michellecooper.5976@example.org,South Georgia and the South Sandwich Islands,2020-04-30,Premium,11572.29
5977,Kathleen Coleman,williamsonlaura.5977@example.net,Angola,2022-04-27,Basic,189.77
5978,Susan Allen,howardzachary.5978@example.net,Falkland Islands (Malvinas),2020-11-16,Standard,2820.38
5979,Maria King,chad98.5979@example.org,Faroe Islands,2021-12-14,Standard,883.64
5980,Ashley Curtis,romerojames.5980@example.com,Sao Tome and Principe,2024-04-07,Standard,2303.3
5981,Elizabeth Fox,duane50.5981@example.com,Burkina Faso,2023-12-08,Basic,87.63
5982,Michael Brown,hooverbrooke.5982@example.net,Malawi,2021-05-26,Premium,17337.61
5983,Richard Lee,vwest.5983@example.com,San Marino,2020-02-13,Standard,705.61
5984,Scott Clark,timothy60.5984@example.net,Iceland,2021-07-05,Basic,315.34
5985,Zachary Duran,adamsteresa.5985@example.com,Bermuda,2023-01-15,Basic,772.5
5986,Jason Brown,jnavarro.5986@example.net,Falkland Islands (Malvinas),2025-03-17,Basic,463.52
5987,Joshua Jones,susanbaker.5987@example.org,Marshall Islands,2022-06-10,Standard,939.19
5988,Dale Farmer Jr.,heathermaldonado.5988@example.net,Trinidad and Tobago,2021-11-29,Basic,0.5
5989,Brandon Gray,fjohnson.5989@example.net,Anguilla,2023-09-08,Standard,219.01
5990,Michael Tyler,brownjessica.5990@example.org,United Kingdom,2020-06-23,Basic,219.67
5991,Lori Brandt,sara62.5991@example.com,Lebanon,2021-07-04,Basic,421.48
5992,Danny Mcmillan,vmendoza.5992@example.com,Latvia,2020-03-29,Premium,10728.04
5993,Matthew Smith,campbelldanny.5993@example.org,Brunei Darussalam,2023-07-07,Standard,2781.27
5994,Tracey White,robertkelly.5994@example.net,Czech Republic,2022-12-18,Standard,2339.46
5995,Philip Peterson,ymendoza.5995@example.org,Sweden,2023-11-23,Basic,739.79
5996,Nicole Waller,alexander49.5996@example.net,Egypt,2024-02-16,Premium,11212.01
5997,Matthew Fuller,wward.5997@example.com,Chile,2022-08-22,Basic,357.33
5998,Gary Mcclure,ginachase.5998@example.com,Lithuania,2025-10-22,Standard,1785.05
5999,Matthew Wang,thoward.5999@example.net,Timor-Leste,2026-02-20,Standard,1242.01
6000,Raymond Russo,jonesanna.6000@example.net,Chad,2020-09-27,Standard,790.27
6001,Summer Thomas,pbrown.6001@example.net,Trinidad and Tobago,2026-02-24,Basic,669.33
6002,Denise Compton,wbrown.6002@example.net,Slovakia (Slovak Republic),2021-04-25,Premium,14249.57
6003,Julie Love,jeffrey29.6003@example.net,Mexico,2021-08-29,Standard,1111.84
6004,Steven Hammond,lance24.6004@example.org,Svalbard & Jan Mayen Islands,2023-07-17,Premium,10033.06
6005,Nathaniel Burton,turnerroger.6005@example.net,Rwanda,2020-03-12,Basic,180.36
6006,Sara Hurley,ryanshannon.6006@example.org,China,2022-06-08,Basic,450.27
6007,Gregory Pierce,cmartin.6007@example.com,Congo,2021-04-20,Standard,1203.4
6008,Jason Combs,icasey.6008@example.org,Iraq,2023-03-24,Standard,2651.61
6009,Sarah Young,calvinburns.6009@example.com,Marshall Islands,2025-06-12,Standard,1679.42
6010,Vicki Bullock,sgonzalez.6010@example.org,Montenegro,2026-03-06,Standard,1352.85
6011,Christopher Francis,sandersrobert.6011@example.net,Panama,2021-06-02,Basic,599.7
6012,Maria Reynolds,iwilliamson.6012@example.net,Turkmenistan,2023-08-23,Standard,2734.28
6013,Catherine Marshall,vjackson.6013@example.org,Norfolk Island,2023-03-04,Standard,2488.77
6014,Tanya Henderson,davidsnyder.6014@example.net,Armenia,2022-10-10,Basic,395.93
6015,Kelly Duncan,cgarcia.6015@example.org,Kuwait,2024-03-25,Standard,1198.04
6016,Tyler Barajas,matthewherrera.6016@example.net,Nepal,2026-08-13,Premium,13918.33
6017,Peter Walker,zavalaanthony.6017@example.net,Kenya,2022-09-16,Premium,16703.62
6018,Shane Avila,johnadams.6018@example.com,Bahrain,2020-06-08,Standard,2940.19
6019,Kristin Serrano,nancy82.6019@example.org,Grenada,2026-02-14,Standard,1480.3
6020,Alexander Bryant,wallacekimberly.6020@example.org,Palau,2026-03-26,Premium,14028.32
6021,Autumn Davis,mhester.6021@example.org,Thailand,2022-02-26,Standard,1020.69
6022,Craig Ross,twinters.6022@example.com,French Polynesia,2023-05-10,Standard,444.9
6023,Danielle Benson,michaelhuerta.6023@example.org,Saint Pierre and Miquelon,2025-10-07,Standard,908.56
6024,Travis Wolfe,lisadavis.6024@example.org,Korea,2023-05-15,Premium,2260.82
6025,Mary Howard,kayla91.6025@example.com,Montserrat,2023-03-21,Standard,1626.4
6026,Karen Ward,oruiz.6026@example.org,Martinique,2026-03-01,Premium,8716.81
6027,Derek Livingston,mikegonzalez.6027@example.org,Greenland,2025-07-16,Standard,2099.17
6028,Kelli Lara,nathan36.6028@example.com,Denmark,2023-05-23,Premium,13075.65
6029,Sandra Bird,pmason.6029@example.com,Georgia,2021-01-29,Standard,670.03
6030,Tara Lee,rachael81.6030@example.org,Bulgaria,2022-12-06,Basic,539.06
6031,Madeline Bennett,wvillarreal.6031@example.org,Russian Federation,2024-07-09,Premium,5373.2
6032,Luis Shields,hillmikayla.6032@example.net,Saudi Arabia,2021-10-27,Basic,4.76
6033,Tyler May,davismaria.6033@example.com,Somalia,2023-08-05,Standard,2916.54
6034,Amy Riley,brendan97.6034@example.net,Cote d'Ivoire,2024-05-27,Standard,275.56
6035,Albert Hunt,htaylor.6035@example.org,Saint Kitts and Nevis,2020-07-26,Standard,1156.9
6036,Sydney Garcia,brianahoover.6036@example.net,Tuvalu,2023-10-23,Standard,1985.03
6037,Lisa Bentley,normanstephanie.6037@example.net,Liechtenstein,2024-12-06,Basic,296.3
6038,Vanessa Hunt,jmiller.6038@example.org,Zambia,2021-06-07,Basic,304.97
6039,William Fleming,benjaminluna.6039@example.org,Qatar,2023-09-01,Basic,578.18
6040,Patricia Wilson,molly80.6040@example.org,Trinidad and Tobago,2024-09-28,Standard,1886.03
6041,Katherine Gonzalez,jason36.6041@example.org,Bosnia and Herzegovina,2020-04-18,Standard,1651.46
6042,Lisa Stevenson,wilsonvalerie.6042@example.com,Oman,2024-04-21,Premium,17953.7
6043,Tracy Carlson,beckyblake.6043@example.com,Tajikistan,2021-09-26,Standard,502.72
6044,John Butler,guzmancarl.6044@example.com,Zimbabwe,2022-08-28,Premium,10455.82
6045,Elizabeth Walters,andrewrandall.6045@example.com,Solomon Islands,2024-05-01,Premium,6303.2
6046,Victoria Fisher,kjohnson.6046@example.org,Mali,2020-01-11,Standard,303.06
6047,Patrick Smith,rodriguezchristopher.6047@example.net,Hungary,2020-02-11,Basic,783.23
6048,Christina Adams,jason45.6048@example.net,New Caledonia,2022-12-26,Premium,15212.48
6049,Jennifer Bautista,dclark.6049@example.org,Holy See (Vatican City State),2026-05-08,Standard,805.32
6050,Christopher Wise,matthewbrock.6050@example.org,Jersey,2020-01-15,Standard,1326.82
6051,Shannon Lucas,sarabyrd.6051@example.net,Portugal,2025-04-10,Basic,180.82
6052,Dennis Hill PhD,linkevin.6052@example.net,Greenland,2020-07-02,Standard,2117.59
6053,Carla Campbell,michael16.6053@example.net,Tajikistan,2023-04-08,Premium,8308.05
6054,Mark Harris,patricia74.6054@example.org,Congo,2022-11-17,Premium,18557.53
6055,Angel Sanders,simsjimmy.6055@example.net,Seychelles,2023-02-17,Standard,781.15
6056,Megan Ward,rjimenez.6056@example.org,Barbados,2020-07-19,Standard,1179.51
6057,Michael Lopez,erica68.6057@example.net,Eritrea,2025-01-14,Basic,745.45
6058,Kiara Benitez,brittanyjohnson.6058@example.net,Greece,2021-11-04,Basic,707.74
6059,Kimberly Lee,timothy39.6059@example.net,Anguilla,2025-02-25,Basic,234.54
6060,Jacob Arnold,shannonharris.6060@example.org,Moldova,2024-05-19,Standard,1552.59
6061,Christine Brown,sbradley.6061@example.com,El Salvador,2023-09-08,Basic,706.96
6062,Alex Watkins,evalentine.6062@example.org,Portugal,2022-01-23,Standard,2077.78
6063,Kristen Sanchez,glassalexis.6063@example.org,Tanzania,2024-05-11,Premium,13471.03
6064,Donald Weiss,cjones.6064@example.org,Gabon,2026-09-02,Standard,2049.56
6065,Corey King,cummingskelli.6065@example.net,Uzbekistan,2026-03-04,Standard,2778.75
6066,Carol Murphy,smithjessica.6066@example.com,Egypt,2026-02-15,Standard,1648.09
6067,Derrick Zuniga,xthomas.6067@example.com,Panama,2021-06-20,Basic,145.42
6068,Carl Cook,dbrown.6068@example.net,Namibia,2023-11-30,Basic,378.18
6069,Samuel Robertson,daniel61.6069@example.org,Djibouti,2022-08-29,Standard,2240.89
6070,Grant Sherman,johnwarner.6070@example.net,Venezuela,2026-06-19,Standard,1577.98
6071,Richard Davies,ili.6071@example.org,Mongolia,2026-05-09,Premium,7638.73
6072,Michael Robinson,zachary00.6072@example.org,Qatar,2025-10-20,Standard,2065.72
6073,Jacob Benitez,martinezshawn.6073@example.com,Pakistan,2021-02-01,Premium,10104.14
6074,Maria Joyce,lbullock.6074@example.org,Congo,2022-02-17,Standard,2895.9
6075,Douglas Macdonald,gwagner.6075@example.com,China,2024-10-02,Standard,1185.99
6076,Emily Gonzalez,bradyjoseph.6076@example.net,Peru,2025-01-04,Basic,573.99
6077,Stephanie Daniel,cooperchristina.6077@example.org,Faroe Islands,2022-05-05,Basic,444.06
6078,Christian Cisneros,aliciajones.6078@example.net,Liechtenstein,2020-11-30,Premium,3396.17
6079,Dustin Glass,christophergraves.6079@example.com,Zimbabwe,2020-11-30,Basic,375.81
6080,Susan Figueroa,wallnathan.6080@example.org,United Kingdom,2024-07-29,Premium,2524.95
6081,Hunter Villegas,brooksmatthew.6081@example.net,Heard Island and McDonald Islands,2023-01-14,Standard,2411.53
6082,Chad Webb,cindyscott.6082@example.net,Brunei Darussalam,2023-04-14,Standard,2256.68
6083,Lacey Brown,donald87.6083@example.net,Central African Republic,2025-06-14,Premium,2909.21
6084,Virginia Cruz,vancechristina.6084@example.net,Singapore,2020-02-11,Premium,10994.5
6085,Erik Rogers,valdezjohn.6085@example.com,Liechtenstein,2025-01-16,Standard,2892.31
6086,Philip James,huertajohn.6086@example.com,Saint Helena,2021-10-31,Premium,7123.5
6087,Austin Smith,jeremy30.6087@example.org,Brazil,2026-03-24,Basic,723.44
6088,Cathy Campbell,clarkjuan.6088@example.com,Lao People's Democratic Republic,2026-05-22,Standard,623.06
6089,Jacqueline Beck,rshaw.6089@example.org,Nicaragua,2023-05-11,Standard,218.49
6090,Matthew Simmons,joannesnow.6090@example.com,Saint Vincent and the Grenadines,2022-02-10,Basic,424.42
6091,Kevin Burch,anna69.6091@example.net,Vietnam,2021-07-23,Standard,869.88
6092,Jessica Chan,wdominguez.6092@example.com,Belarus,2021-03-19,Standard,2661.83
6093,Rachel Montgomery,lewisalexis.6093@example.com,Hong Kong,2026-09-06,Basic,539.14
6094,Daniel Jenkins,cjackson.6094@example.net,Anguilla,2021-04-02,Standard,2123.29
6095,Kathryn Williams,ramosrenee.6095@example.net,Yemen,2022-12-26,Premium,14119.05
6096,Stephen Kramer,cynthia20.6096@example.org,Liberia,2023-03-16,Standard,2101.08
6097,Kelly Walker,oconnordouglas.6097@example.net,Pakistan,2024-07-16,Standard,2291.92
6098,Brian Jacobson,jasonarnold.6098@example.com,Zambia,2025-08-19,Basic,535.91
6099,Kaitlyn Gregory,reynoldsrichard.6099@example.net,United States Minor Outlying Islands,2023-09-24,Premium,17016.95
6100,Larry Rose,cperkins.6100@example.com,Saint Barthelemy,2025-01-25,Standard,1762.74
6101,Steven Anderson MD,priscilla11.6101@example.com,United States Minor Outlying Islands,2023-10-15,Basic,280.55
6102,Kelli Smith,troymorris.6102@example.com,Iran,2022-12-02,Basic,373.48
6103,Gina Hicks,david62.6103@example.net,Saint Helena,2021-01-20,Premium,9924.23
6104,Douglas Holland,jennifer93.6104@example.com,Luxembourg,2021-05-24,Standard,1131.02
6105,Julia Jones,michelle80.6105@example.com,Tuvalu,2022-11-21,Basic,332.37
6106,Antonio Quinn,orice.6106@example.com,Sweden,2020-04-22,Standard,1277.96
6107,Timothy Alexander,kim94.6107@example.org,Sweden,2022-02-11,Premium,4000.53
6108,Joshua Sanders,richardpatterson.6108@example.org,Saint Pierre and Miquelon,2023-02-03,Premium,16949.94
6109,Barry Jackson,iwilson.6109@example.net,Liechtenstein,2023-02-28,Basic,605.17
6110,Kevin Kim,snewman.6110@example.com,Maldives,2025-06-12,Standard,1145.11
6111,Dana Walters,nicholas27.6111@example.org,Bosnia and Herzegovina,2026-06-21,Standard,2846.37
6112,Daniel Rogers,stewarttyler.6112@example.com,Niue,2024-11-16,Basic,759.49
6113,Amanda Stevens,matthew79.6113@example.com,Slovenia,2020-07-13,Standard,2598.82
6114,Lynn Brooks,alvarezscott.6114@example.org,Cote d'Ivoire,2022-09-24,Premium,2528.71
6115,Timothy Garcia,rittercharles.6115@example.org,Latvia,2024-11-17,Standard,1239.41
6116,Laura Spencer,suzannematthews.6116@example.org,Hong Kong,2023-12-23,Basic,365.87
6117,Glenn Brewer,qvazquez.6117@example.org,Niue,2023-01-22,Standard,2212.41
6118,Mark Kelly,markmassey.6118@example.com,Gibraltar,2022-12-01,Standard,1977.47
6119,Nicole Robinson,sandrapowell.6119@example.org,Gambia,2022-09-18,Premium,14210.82
6120,Cameron Hill,williamtaylor.6120@example.org,Afghanistan,2023-11-14,Premium,15809.84
6121,Christopher Peterson,kcarter.6121@example.com,Rwanda,2021-03-12,Basic,758.75
6122,Kayla Barnes,finleynancy.6122@example.org,Nigeria,2023-06-17,Premium,11927.15
6123,Andrew Berry,ohayes.6123@example.com,Central African Republic,2021-05-17,Premium,18272.76
6124,Lisa Mccormick,navarromatthew.6124@example.net,Bahamas,2024-07-20,Basic,651.86
6125,Keith Lozano,jessica65.6125@example.org,Brazil,2025-10-12,Standard,1146.19
6126,Beth Sanders,rose84.6126@example.com,Mozambique,2023-05-24,Standard,2478.28
6127,Joshua Brooks,charles00.6127@example.net,Iraq,2022-08-04,Basic,93.88
6128,Tony Davis,evansstacey.6128@example.com,Guyana,2026-04-15,Premium,4857.67
6129,James Garza,hortonmaria.6129@example.com,Christmas Island,2024-05-29,Standard,2978.66
6130,Bobby Nelson,hjohnson.6130@example.com,South Africa,2022-11-11,Standard,1400.33
6131,Anthony Mitchell Jr.,josephthompson.6131@example.org,Poland,2020-03-11,Premium,10291.12
6132,John Williamson,huynhstephen.6132@example.org,Zambia,2020-02-08,Standard,2862.89
6133,Timothy Martin,rita93.6133@example.net,Saint Lucia,2021-06-24,Standard,1213.15
6134,Miss Kaitlin Delacruz,fjohnson.6134@example.com,Korea,2021-07-31,Basic,189.57
6135,Brian Drake,rebeccahines.6135@example.net,Antigua and Barbuda,2024-10-27,Basic,62.26
6136,Helen Hanna,george92.6136@example.org,Cameroon,2023-05-07,Basic,418.1
6137,Joseph Johnson,stevenrogers.6137@example.com,Palau,2026-09-07,Standard,759.13
6138,Jennifer Wright,crystalbaker.6138@example.net,Antigua and Barbuda,2023-08-13,Standard,381.46
6139,Patrick Nguyen,megan26.6139@example.org,Georgia,2026-01-14,Basic,650.46
6140,Julie Anderson,stuartwright.6140@example.net,Tuvalu,2023-09-10,Standard,1120.07
6141,Norma Collins,ellen16.6141@example.net,Paraguay,2022-05-24,Basic,463.51
6142,Mary Wong,jjones.6142@example.net,Haiti,2024-10-10,Basic,83.72
6143,John Johnson,kelly90.6143@example.com,Niger,2023-01-02,Standard,1615.63
6144,Frank Osborne,cellis.6144@example.com,Switzerland,2021-11-01,Premium,13373.12
6145,Mrs. Mary Ingram,johnhayes.6145@example.org,Sri Lanka,2023-03-01,Standard,1459.62
6146,Angela Watkins,ismith.6146@example.com,United States Minor Outlying Islands,2024-06-11,Standard,1144.95
6147,Scott Nunez,zflores.6147@example.net,Libyan Arab Jamahiriya,2022-07-06,Standard,1070.67
6148,Ashley Bailey,hodgeschase.6148@example.com,Rwanda,2024-09-15,Standard,506.27
6149,Kyle Raymond,erinwhite.6149@example.net,Serbia,2026-07-22,Basic,92.55
6150,Danielle Scott,davidcharles.6150@example.org,Micronesia,2022-10-01,Standard,1587.95
6151,Jared Frazier,erivera.6151@example.com,Central African Republic,2021-12-21,Standard,588.72
6152,Stephanie Meyer,elizabethroy.6152@example.com,Tokelau,2022-09-09,Basic,178.76
6153,Cynthia Bates,ryansmith.6153@example.net,Australia,2025-08-09,Basic,131.85
6154,Jenna Reid,jessicalang.6154@example.com,Guinea,2021-03-12,Basic,641.99
6155,Joseph Weaver,melissaperry.6155@example.com,Angola,2026-07-05,Premium,10094.91
6156,Alexander Lopez,achapman.6156@example.com,Cambodia,2022-10-07,Basic,442.07
6157,Jason Olsen,alutz.6157@example.net,Fiji,2025-08-17,Basic,466.37
6158,Cynthia Walker,nrusso.6158@example.org,Spain,2025-04-05,Basic,317.11
6159,Donna Holloway,bakerevelyn.6159@example.org,Luxembourg,2025-03-28,Standard,1035.61
6160,Nathaniel Gordon,bethmccoy.6160@example.net,Fiji,2026-01-28,Premium,8884.02
6161,Lisa Daniel,jordan76.6161@example.net,Senegal,2021-03-27,Standard,1697.5
6162,Paul Johnson,shelbysimon.6162@example.net,Latvia,2023-12-20,Standard,1204.02
6163,Lisa Garcia,laurenrobertson.6163@example.net,United States of America,2020-08-29,Standard,582.52
6164,Robert Fuentes,qmora.6164@example.net,Antarctica (the territory South of 60 deg S),2022-01-01,Basic,730.95
6165,Christopher Thomas,bakercolleen.6165@example.org,Ethiopia,2020-04-09,Premium,15183.31
6166,David Price,mark22.6166@example.com,Djibouti,2024-07-24,Basic,53.02
6167,Steven Garcia,hannahpage.6167@example.com,Germany,2024-01-24,Standard,2735.96
6168,Sean Lopez,john50.6168@example.org,Tunisia,2024-12-12,Basic,136.37
6169,Bradley Ortega,ashleyvelez.6169@example.com,Guadeloupe,2021-03-06,Standard,473.64
6170,Elizabeth Watkins,,Greece,2022-03-22,Standard,685.01
6171,Abigail Moss,walkerbianca.6171@example.com,Guam,2024-07-09,Standard,2812.49
6172,Jennifer Torres,jmorris.6172@example.net,Lesotho,2025-07-11,Basic,177.04
6173,Steven Barrett,cherryclayton.6173@example.org,Korea,2025-12-02,Premium,16165.85
6174,Kimberly Mcpherson,jamesberry.6174@example.net,Greenland,2020-06-28,Standard,2000.51
6175,Mary Romero,michelle63.6175@example.com,United Kingdom,2022-09-09,Basic,414.58
6176,Mariah Ward,bookerstephen.6176@example.net,Niger,2020-01-27,Premium,8580.69
6177,Jennifer Yang,davidcandice.6177@example.com,Burundi,2025-06-21,Standard,460.22
6178,Rebecca Bailey,nicholaslucero.6178@example.net,Bosnia and Herzegovina,2020-10-27,Premium,14791.79
6179,Darlene Moore,jimmy04.6179@example.org,New Caledonia,2025-06-30,Premium,9106.07
6180,John Gallagher,yorkeric.6180@example.org,Russian Federation,2021-01-15,Standard,1697.96
6181,Bonnie Brewer,dylan21.6181@example.org,Sudan,2020-02-07,Standard,344.93
6182,Shelly Fleming,glee.6182@example.org,Antarctica (the territory South of 60 deg S),2025-11-16,Standard,2372.63
6183,Andre Thompson,jonathanharris.6183@example.com,Vanuatu,2022-12-07,Standard,2138.36
6184,Christine Jackson,amber85.6184@example.org,Bolivia,2022-11-03,Basic,423.44
6185,Daniel Santos,evansjared.6185@example.com,Saint Martin,2024-04-28,Basic,397.05
6186,Jeffrey Miller,tracifletcher.6186@example.org,Peru,2021-11-02,Standard,1143.69
6187,Debbie Fuller,englishoscar.6187@example.org,Reunion,2024-08-13,Standard,1158.73
6188,Theresa Jackson,monica33.6188@example.net,Gabon,2022-11-13,Standard,391.7
6189,Melissa Thomas,washingtonrobert.6189@example.net,Indonesia,2021-10-27,Basic,549.37
6190,Raymond Watts,ashleynewman.6190@example.net,China,2022-08-22,Standard,325.92
6191,Melissa Garcia,michael18.6191@example.com,Mongolia,2020-01-16,Standard,203.97
6192,Christie Mora,simmonsgregory.6192@example.com,Gibraltar,2022-01-06,Standard,286.75
6193,Joseph Hamilton,jessicamorgan.6193@example.org,Solomon Islands,2023-12-15,Standard,769.65
6194,Brian Mckenzie,robertschwartz.6194@example.com,Ghana,2020-12-02,Basic,456.16
6195,Rebecca Guerra,john70.6195@example.com,Hong Kong,2020-10-16,Standard,2107.25
6196,Aaron Jacobs,fmiller.6196@example.net,United States Virgin Islands,2024-05-20,Standard,1378.07
6197,Joseph Cannon,sylvia12.6197@example.org,Gabon,2022-11-11,Standard,1344.19
6198,Kirk Griffin,alvaradopaul.6198@example.com,Cambodia,2020-11-29,Standard,1815.0
6199,Ana Avila,nelsonangela.6199@example.org,Botswana,2024-12-31,Standard,1871.12
6200,Patrick Boyle,joneal.6200@example.net,Hungary,2025-03-08,Basic,676.0
6201,Briana Cox,travis40.6201@example.org,Egypt,2020-03-25,Standard,2493.45
6202,Ryan Hamilton,chavezmatthew.6202@example.org,French Polynesia,2021-05-07,Premium,16823.47
6203,Larry Owens,amberquinn.6203@example.com,Tanzania,2022-06-23,Standard,2563.68
6204,Robert Chen,swoods.6204@example.com,Mozambique,2024-11-21,Standard,2663.53
6205,Lisa Long,christopher25.6205@example.net,Ireland,2020-06-29,Basic,444.25
6206,Perry Lopez,robinsonmark.6206@example.com,Brazil,2025-05-21,Standard,1866.47
6207,Mr. Rodney Parker,edgarharvey.6207@example.com,Venezuela,2022-02-19,Standard,2236.23
6208,Lawrence Macias,amanda59.6208@example.net,Lao People's Democratic Republic,2020-11-02,Standard,757.22
6209,Michele Sandoval,xwright.6209@example.net,Cameroon,2025-10-09,Basic,288.37
6210,Michael Gonzalez,matthewholland.6210@example.com,Iraq,2020-07-30,Basic,730.12
6211,Traci Kim,waynedavis.6211@example.com,Tokelau,2020-11-12,Premium,11409.72
6212,Cory Adams,tammypeterson.6212@example.com,Heard Island and McDonald Islands,2026-05-07,Standard,345.01
6213,Richard Anderson,colemanashley.6213@example.net,Estonia,2023-06-22,Basic,324.45
6214,Monique Padilla,zyoung.6214@example.org,Mali,2023-02-04,Basic,128.63
6215,Mercedes Mack,mark41.6215@example.com,French Southern Territories,2024-08-05,Standard,1197.6
6216,Christopher Jones,christopherprince.6216@example.net,El Salvador,2024-03-19,Basic,435.98
6217,James Collins,jennifer09.6217@example.com,Cambodia,2024-02-07,Standard,1614.38
6218,Jacqueline Garner,troy04.6218@example.org,Puerto Rico,2020-02-26,Standard,1573.31
6219,David Murray,dfields.6219@example.org,Hong Kong,2023-09-09,Premium,2330.1
6220,Laura Lawson,brendanchavez.6220@example.net,Gibraltar,2021-11-11,Standard,1446.29
6221,Matthew Miranda,estradaaaron.6221@example.org,United States of America,2025-05-26,Premium,2521.35
6222,Robert Perez,howelljustin.6222@example.com,Zambia,2023-05-19,Standard,1333.61
6223,Michael Brown,ugarcia.6223@example.org,Australia,2020-10-29,Basic,517.6
6224,Evan Sherman,annataylor.6224@example.net,Cote d'Ivoire,2025-12-04,Basic,100.72
6225,Richard Davis,smithbrenda.6225@example.com,Kazakhstan,2021-11-25,Premium,18501.91
6226,Michelle Kidd,rebecca72.6226@example.net,Gibraltar,2021-10-24,Premium,13349.21
6227,Dawn Choi,johngordon.6227@example.net,Lithuania,2026-04-05,Standard,809.28
6228,Diane Taylor,timothy45.6228@example.com,Hong Kong,2025-03-08,Standard,1303.45
6229,Sarah Grant,jamesmorrow.6229@example.org,Uganda,2025-09-29,Premium,3744.33
6230,Amanda Marquez,nicole65.6230@example.org,Monaco,2024-06-05,Basic,17.65
6231,Andrew Henderson,latoyahansen.6231@example.com,Australia,2026-02-01,Standard,2764.41
6232,Nancy Ballard,ystanley.6232@example.com,Armenia,2020-10-08,Premium,14153.31
6233,Donna Cantu,michaelgarner.6233@example.org,Libyan Arab Jamahiriya,2024-01-05,Basic,623.72
6234,Nathan Curtis,ostevenson.6234@example.org,Vietnam,2021-12-17,Standard,1942.08
6235,Nathan Hernandez,kruegerjade.6235@example.com,Bolivia,2022-08-30,Standard,2738.94
6236,Mary Carroll,christopherreyes.6236@example.org,Cyprus,2021-08-03,Standard,2708.57
6237,Ashley Miller,ricenicholas.6237@example.net,Sri Lanka,2021-05-15,Basic,46.53
6238,Sergio Hull,stephensstacy.6238@example.org,Moldova,2022-12-16,Premium,5410.46
6239,Aaron Lowe,paigeosborn.6239@example.net,South Georgia and the South Sandwich Islands,2026-02-20,Standard,1308.21
6240,Devin Brown,shannon53.6240@example.com,Bangladesh,2024-03-31,Standard,1155.05
6241,Kelly Wright,michaelbrowning.6241@example.com,Mongolia,2022-05-03,Standard,1671.6
6242,Crystal Park,zmartin.6242@example.org,Nigeria,2022-11-24,Standard,946.29
6243,Bernard Flores,brianjones.6243@example.net,New Caledonia,2023-07-17,Standard,2432.89
6244,Holly Mendoza,guzmanandrew.6244@example.org,Mali,2021-08-20,Premium,2134.89
6245,Trevor Casey,ngilbert.6245@example.com,Turkey,2023-06-26,Basic,633.21
6246,Daniel Stone,johnsonmelissa.6246@example.com,Kenya,2024-08-26,Standard,1301.44
6247,Elizabeth Santiago,ucordova.6247@example.org,Togo,2021-08-16,Basic,4.11
6248,Laura Jackson,heatherray.6248@example.com,Moldova,2023-11-28,Standard,2571.78
6249,Michael Rodriguez,amy52.6249@example.org,North Macedonia,2024-09-25,Basic,357.4
6250,Katherine Thomas,erika44.6250@example.net,Kiribati,2023-06-22,Standard,2229.23
6251,Colin Taylor,brian18.6251@example.com,Bosnia and Herzegovina,2021-12-13,Standard,2659.66
6252,Gregory King,nbryant.6252@example.net,Ukraine,2023-09-15,Basic,27.45
6253,Michael Rodriguez,audreyjohnson.6253@example.org,Austria,2025-04-21,Basic,209.73
6254,Chris Goodwin,danielleanderson.6254@example.org,Nepal,2021-06-25,Standard,532.9
6255,Howard Costa,vjackson.6255@example.com,Cape Verde,2023-11-04,Standard,474.43
6256,Phillip Simmons,dlewis.6256@example.net,Vanuatu,2024-07-19,Standard,2847.8
6257,Brian Hughes,jaredjohnson.6257@example.org,Jordan,2022-02-24,Standard,2455.59
6258,Brett Clark,davidmartin.6258@example.com,Gabon,2022-08-04,Standard,1221.23
6259,Theresa Hayden,barbara58.6259@example.org,Vietnam,2025-12-10,Basic,549.83
6260,Molly Kirk,raymond19.6260@example.org,Antigua and Barbuda,2022-06-06,Standard,2774.45
6261,Daniel Gonzales,nancy14.6261@example.com,Tanzania,2023-12-31,Standard,818.28
6262,Casey Ali,karinahodges.6262@example.net,Vietnam,2020-12-31,Standard,239.62
6263,Whitney Kim,,Myanmar,2026-03-11,Basic,659.29
6264,Erica Castro,rachel57.6264@example.com,Tokelau,2023-12-28,Standard,2223.56
6265,Patricia Gutierrez,shelley06.6265@example.com,Fiji,2025-01-30,Standard,648.72
6266,Luis Russo,carl59.6266@example.net,Tajikistan,2024-01-11,Premium,10813.63
6267,Jessica Gray,robert70.6267@example.com,New Zealand,2022-05-18,Standard,649.21
6268,Rachel Evans,cwilliamson.6268@example.net,Indonesia,2022-04-11,Standard,1887.32
6269,Jordan Casey,scombs.6269@example.net,Switzerland,2024-09-08,Standard,2013.2
6270,Charles Marshall,williamjohnson.6270@example.com,Afghanistan,2025-09-30,Standard,974.71
6271,Brian Cannon,anthonymendez.6271@example.org,Suriname,2020-11-07,Basic,624.67
6272,Deborah Wilkins,annthompson.6272@example.net,Turkey,2025-08-26,Standard,1526.07
6273,Anne Savage,rachaelgray.6273@example.com,Malawi,2025-07-19,Standard,2177.8
6274,Michael Anderson,ebaker.6274@example.net,Nepal,2020-09-23,Premium,13516.6
6275,Kimberly Walker,joshua89.6275@example.org,Norfolk Island,2020-09-21,Premium,10113.66
6276,Lori Morrison,martinshields.6276@example.com,Nicaragua,2024-08-24,Premium,7268.91
6277,Maria Greene,hamiltonmichael.6277@example.com,Guadeloupe,2025-08-20,Standard,772.05
6278,Angela Esparza,dennisbaldwin.6278@example.net,Montserrat,2022-08-19,Standard,2288.64
6279,Kenneth Wright,joneschristopher.6279@example.net,Bahrain,2024-04-13,Standard,1997.44
6280,Jeff Johnson,millerpatricia.6280@example.com,Mauritius,2026-09-07,Standard,986.64
6281,Michael Potter,noblebrian.6281@example.net,Netherlands,2022-02-27,Premium,19407.79
6282,Stephanie Hayden,greid.6282@example.net,Bahamas,2021-07-03,Standard,2468.95
6283,Joseph Green,bradfordmichael.6283@example.com,Peru,2026-08-18,Premium,4282.44
6284,Elijah Smith,michael42.6284@example.org,Malawi,2021-11-16,Premium,4926.14
6285,Tiffany Flores,lisa82.6285@example.net,Montenegro,2023-02-28,Premium,11792.86
6286,Andrew Brooks,whitakeramy.6286@example.org,British Indian Ocean Territory (Chagos Archipelago),2022-12-15,Standard,486.66
6287,Judith Conley,victoria19.6287@example.org,Senegal,2023-07-01,Basic,771.47
6288,Mary Johnson DVM,cjarvis.6288@example.net,Iran,2021-10-18,Standard,1986.47
6289,Philip Velasquez,odonnellrodney.6289@example.com,Chile,2024-07-16,Premium,3191.13
6290,Emily Frank,kristin83.6290@example.com,Guyana,2024-08-16,Basic,354.79
6291,Melissa Aguilar,amanda27.6291@example.com,Tanzania,2021-05-04,Basic,177.57
6292,James Elliott,oliviaperry.6292@example.net,Paraguay,2023-03-20,Standard,1573.26
6293,Kathleen Martinez,carly60.6293@example.net,Algeria,2020-05-20,Premium,6446.46
6294,Alyssa Hanson,jennifergomez.6294@example.org,Trinidad and Tobago,2021-06-23,Basic,665.44
6295,Trevor Harrison,michael96.6295@example.net,Romania,2026-08-07,Basic,576.88
6296,Mary Gonzalez,carolyn38.6296@example.com,Lesotho,2023-05-21,Basic,725.26
6297,Dana Fernandez,ashley84.6297@example.net,Lebanon,2024-02-29,Standard,754.28
6298,Lori Bates,hharrell.6298@example.net,Timor-Leste,2025-12-10,Standard,1279.1
6299,Sherry Mayer,wilsonjerry.6299@example.com,Cote d'Ivoire,2024-10-08,Basic,644.37
6300,Taylor Smith,claytonyoung.6300@example.com,Lao People's Democratic Republic,2025-04-19,Premium,8729.24
6301,David Hicks,thomaswesley.6301@example.net,Senegal,2024-10-04,Premium,8823.59
6302,Carolyn Doyle,skinnerjenny.6302@example.org,Switzerland,2023-05-03,Basic,788.83
6303,Mary Moran,herbertbrown.6303@example.com,Tokelau,2024-03-24,Premium,15875.54
6304,Spencer Willis,daniel78.6304@example.net,Lebanon,2021-12-05,Standard,2610.29
6305,Mary Peterson,prattaustin.6305@example.com,Nigeria,2025-12-14,Standard,1339.52
6306,Edward Anderson,smithkimberly.6306@example.net,Serbia,2021-03-15,Standard,1840.57
6307,Martha Shah,jimenezjasmine.6307@example.net,Czech Republic,2025-11-28,Premium,10109.96
6308,Andrew Benitez,allentravis.6308@example.com,United States of America,2025-11-15,Standard,1460.82
6309,Evelyn Roman,francojoanne.6309@example.com,Bermuda,2020-12-13,Standard,557.56
6310,Crystal Mason,pwalker.6310@example.com,Senegal,2024-09-30,Standard,2557.97
6311,Lisa Pennington,brandonfuller.6311@example.com,Libyan Arab Jamahiriya,2026-08-13,Standard,1293.52
6312,Brandon Benton,stran.6312@example.com,Algeria,2023-10-29,Basic,465.46
6313,Samantha Adams,butlerbradley.6313@example.org,Kuwait,2022-04-11,Standard,2599.8
6314,Mary Lewis,ureynolds.6314@example.net,Cape Verde,2025-11-17,Basic,618.78
6315,Mark Garcia,darrenhorton.6315@example.net,Dominican Republic,2023-06-05,Standard,755.07
6316,Veronica Macias,jonathan96.6316@example.net,Mozambique,2020-10-24,Premium,13133.2
6317,Kelsey Hicks,anthony29.6317@example.org,Myanmar,2021-08-31,Basic,396.58
6318,Brenda Phillips,michael94.6318@example.net,Tajikistan,2024-07-24,Basic,208.12
6319,Richard Parker Jr.,donnagallagher.6319@example.com,Botswana,2023-01-17,Premium,2735.44
6320,Laurie Pugh,acopeland.6320@example.org,Suriname,2021-06-13,Standard,1963.42
6321,Jason Owen,snguyen.6321@example.com,Libyan Arab Jamahiriya,2025-05-05,Standard,2383.59
6322,Michael Hunt,zachary45.6322@example.org,Malawi,2020-10-21,Premium,18950.93
6323,Lisa Jacobson,uevans.6323@example.org,El Salvador,2021-06-18,Standard,1193.95
6324,Billy Crosby,tinaalvarez.6324@example.net,Bolivia,2023-02-11,Standard,1317.81
6325,Gina Rose,kimberlywarner.6325@example.net,Nicaragua,2020-04-06,Premium,4934.1
6326,Whitney Rojas,tonywebb.6326@example.org,Guyana,2022-08-04,Basic,787.69
6327,Evan Farmer,mary24.6327@example.org,South Africa,2026-01-31,Standard,2578.84
6328,Peter Lopez,moranmelissa.6328@example.net,Lebanon,2026-04-17,Basic,766.08
6329,Amanda Evans,henryvillegas.6329@example.com,Bangladesh,2025-10-30,Basic,396.28
6330,Amber Jordan,ereed.6330@example.org,Central African Republic,2022-03-02,Basic,167.83
6331,Kristi Burns,caitlinmiddleton.6331@example.net,Korea,2020-06-07,Standard,1804.92
6332,Kiara Moon MD,jeremywatson.6332@example.org,Northern Mariana Islands,2025-06-12,Standard,1241.86
6333,Rachel Montes,rdiaz.6333@example.net,Western Sahara,2022-06-30,Standard,1174.02
6334,William Cannon,erikmiller.6334@example.net,Turkmenistan,2025-01-02,Standard,430.62
6335,Kristy Norris,acostaangela.6335@example.com,Maldives,2020-10-18,Standard,404.82
6336,Catherine Wilson,roserhonda.6336@example.net,Svalbard & Jan Mayen Islands,2024-06-19,Basic,303.04
6337,Colton Barrett,justindeleon.6337@example.org,Namibia,2023-12-02,Standard,2793.36
6338,Michael Joseph,matthew43.6338@example.org,Seychelles,2026-02-25,Premium,15014.43
6339,Timothy Cunningham,aanderson.6339@example.com,Western Sahara,2020-09-05,Basic,608.45
6340,Tricia Huff,jacobhernandez.6340@example.org,Antigua and Barbuda,2022-09-23,Basic,187.43
6341,Julia Rodriguez,salazarchristopher.6341@example.net,Congo,2026-08-14,Standard,2256.68
6342,Mary Ortega,denniswong.6342@example.org,Serbia,2022-08-09,Standard,1337.69
6343,Nancy Livingston,kevincastillo.6343@example.org,British Indian Ocean Territory (Chagos Archipelago),2024-05-25,Standard,366.29
6344,Robert Dunlap MD,christopherstein.6344@example.com,Netherlands Antilles,2021-01-28,Basic,315.85
6345,Kathy Ochoa,williamskevin.6345@example.org,Christmas Island,2024-11-13,Standard,567.51
6346,Heather Key,rhubbard.6346@example.com,Kazakhstan,2021-11-04,Standard,2590.36
6347,Robert Fernandez,oduncan.6347@example.org,Belize,2023-10-29,Premium,17125.29
6348,Heather Simmons,villaariana.6348@example.com,Guinea-Bissau,2025-11-18,Premium,7174.44
6349,Donald Beltran,velazqueznatasha.6349@example.org,Sao Tome and Principe,2024-06-02,Basic,489.54
6350,Beth Davis,stevenprice.6350@example.org,Burundi,2023-03-04,Standard,1218.53
6351,Mrs. Jasmin Jenkins,megan51.6351@example.org,Mauritania,2021-04-09,Premium,4776.07
6352,Victoria Chaney,thomas43.6352@example.net,Dominica,2022-04-13,Premium,13689.33
6353,Debra Browning,mia71.6353@example.net,Macao,2025-09-04,Standard,2328.3
6354,Ashley Vargas,glennjeremy.6354@example.org,Belarus,2021-06-11,Basic,619.78
6355,Erin Wilson,jameslee.6355@example.com,Burundi,2024-05-21,Standard,617.82
6356,Christian Hernandez,manningjamie.6356@example.net,Kazakhstan,2023-03-30,Basic,410.06
6357,Kristin Cantu,coxpatrick.6357@example.com,Philippines,2022-02-22,Basic,19.12
6358,Samuel Solis,ernest29.6358@example.org,Guadeloupe,2024-10-16,Standard,452.47
6359,Elizabeth Gomez,troy31.6359@example.com,Nepal,2022-06-03,Basic,64.84
6360,Dr. Stacy Moore DVM,clarkmatthew.6360@example.com,Kazakhstan,2021-12-01,Premium,3029.43
6361,James Kirk,vanessascott.6361@example.com,Chad,2023-07-16,Standard,1134.55
6362,Eric Alexander,ebuck.6362@example.com,American Samoa,2025-01-24,Premium,8438.23
6363,Peter Holt,linda52.6363@example.org,Guyana,2025-10-11,Premium,14561.67
6364,Jerry Williams,jgreen.6364@example.com,Faroe Islands,2024-03-17,Premium,7937.83
6365,Amanda Lucas,timothywilliamson.6365@example.net,French Guiana,2024-06-04,Premium,4527.12
6366,Anthony Bailey,ogaines.6366@example.org,Tanzania,2025-04-07,Basic,757.5
6367,Brandon Barton,jimmy99.6367@example.com,Northern Mariana Islands,2021-10-19,Standard,2651.33
6368,Alexander Figueroa,joshua24.6368@example.org,Croatia,2021-09-04,Basic,99.38
6369,Jennifer Kelley,ycarr.6369@example.org,Marshall Islands,2023-03-27,Standard,1215.78
6370,Victoria Newman,matthewhiggins.6370@example.com,Zambia,2024-03-20,Standard,670.64
6371,Jacqueline Austin,ronaldflores.6371@example.net,Morocco,2024-04-26,Premium,19264.01
6372,Christopher Carpenter,wgreen.6372@example.net,Azerbaijan,2021-01-10,Standard,1196.74
6373,Jose Richards,jason82.6373@example.com,Lithuania,2025-03-21,Standard,474.73
6374,Susan Olson,bryan78.6374@example.net,Cocos (Keeling) Islands,2022-06-07,Basic,581.48
6375,Kimberly Powell,jesse81.6375@example.com,Kazakhstan,2025-11-12,Basic,569.37
6376,Selena Lara,nathan19.6376@example.org,Isle of Man,2024-11-03,Premium,6338.62
6377,Linda Marshall,tjones.6377@example.net,Chile,2026-07-28,Standard,1100.09
6378,Monica Dean,scottgarcia.6378@example.org,Somalia,2024-03-22,Standard,1362.05
6379,Randall Boone,miranda63.6379@example.com,Guernsey,2023-07-12,Standard,949.56
6380,Nathan Bennett,nbrown.6380@example.org,Cyprus,2021-04-03,Premium,7199.98
6381,Vincent Howell,brownlarry.6381@example.com,Liberia,2022-08-31,Standard,2444.45
6382,Matthew Lewis,jenniferguerra.6382@example.net,Lithuania,2025-09-27,Basic,601.48
6383,Courtney Fletcher,alyssa06.6383@example.net,Sierra Leone,2022-07-21,Standard,2139.36
6384,Stacey Christensen,bill17.6384@example.org,Zambia,2020-05-10,Standard,2122.97
6385,Jennifer Ellis,djohnson.6385@example.org,Azerbaijan,2021-08-21,Premium,11393.87
6386,Wesley Garcia,salvarez.6386@example.org,Israel,2023-12-24,Basic,280.74
6387,Timothy Miller,sethlynch.6387@example.com,Andorra,2024-03-16,Premium,14969.81
6388,Anthony Wheeler,pwalsh.6388@example.com,Kyrgyz Republic,2026-07-30,Standard,525.83
6389,Melissa Sanders,brownjason.6389@example.com,Samoa,2026-03-30,Standard,595.0
6390,Gina Sanchez,stephensnicholas.6390@example.org,Korea,2023-07-21,Basic,101.01
6391,Thomas Christensen,smithbryan.6391@example.org,Bulgaria,2023-09-16,Basic,586.17
6392,Terry Williams,jacksonrandy.6392@example.org,Bhutan,2025-05-09,Premium,12647.74
6393,Stephanie Kerr,martineztammy.6393@example.org,Saint Martin,2020-04-28,Premium,10102.89
6394,Ashley Patton,yknight.6394@example.com,United States Virgin Islands,2023-12-24,Basic,380.99
6395,Amanda Pollard,hgraham.6395@example.com,Finland,2023-03-03,Standard,2517.17
6396,Natasha Cox,christopher63.6396@example.org,Montenegro,2025-03-27,Premium,4190.24
6397,Katie Hughes,iscott.6397@example.net,Jersey,2025-05-08,Basic,306.6
6398,Richard Hess,ethomas.6398@example.com,El Salvador,2024-05-19,Premium,15682.99
6399,William Mccarthy,kristin96.6399@example.com,Uzbekistan,2024-05-24,Standard,2041.95
6400,Rebecca Moon,rachelmiller.6400@example.net,Syrian Arab Republic,2024-08-14,Standard,1418.41
6401,Gregory Hood,dana05.6401@example.net,Greenland,2023-11-17,Basic,179.47
6402,Marilyn Taylor,mcgrathgeorge.6402@example.org,Cuba,2021-07-10,Basic,757.15
6403,Lori Roberts,tammiewhite.6403@example.org,Kenya,2021-11-25,Standard,1342.17
6404,Christopher Morales,rhahn.6404@example.org,Portugal,2024-12-16,Standard,2657.94
6405,Richard Perry,christinawalsh.6405@example.org,Jamaica,2024-02-19,Basic,622.26
6406,Patrick Spencer,hramirez.6406@example.org,Luxembourg,2021-08-03,Basic,689.22
6407,Crystal Wolfe,christinawilliams.6407@example.com,United States Virgin Islands,2025-11-13,Standard,247.38
6408,James Chen,cbutler.6408@example.com,Yemen,2026-07-22,Standard,1536.7
6409,Susan Walsh,tdougherty.6409@example.net,Equatorial Guinea,2024-03-08,Basic,207.55
6410,Linda Hancock,amartinez.6410@example.com,Switzerland,2021-07-10,Premium,6932.38
6411,Joel Potts,dana44.6411@example.com,Ecuador,2026-04-10,Premium,6857.13
6412,Jonathan Perkins,mrodriguez.6412@example.com,North Macedonia,2021-07-31,Standard,1290.08
6413,Richard Thompson,adrianasweeney.6413@example.org,Lao People's Democratic Republic,2022-11-22,Basic,328.56
6414,Kimberly Roberts,usimmons.6414@example.com,Luxembourg,2025-09-27,Premium,13412.72
6415,Mark Holland,kayla46.6415@example.net,Comoros,2023-06-25,Standard,1041.02
6416,Cynthia Perry,cortezeric.6416@example.org,Saudi Arabia,2021-08-16,Standard,963.78
6417,William Taylor,michael38.6417@example.net,Egypt,2020-07-14,Premium,8490.95
6418,Jason Lamb,kristine53.6418@example.org,Bulgaria,2022-05-31,Standard,2122.24
6419,Elizabeth Valenzuela,xcabrera.6419@example.com,Canada,2024-06-29,Standard,200.48
6420,April Harris,mcphersontiffany.6420@example.net,Sudan,2024-10-11,Standard,2291.4
6421,Jacob Bryant,efowler.6421@example.net,Algeria,2021-06-28,Basic,271.18
6422,Heather Ingram,rochanancy.6422@example.org,Botswana,2021-01-22,Premium,12372.32
6423,Leon Martin,nmonroe.6423@example.org,Barbados,2024-09-08,Basic,609.22
6424,Gail Ray,howardsteven.6424@example.net,Bahrain,2021-01-23,Standard,1630.34
6425,Helen Wood,mharris.6425@example.com,Kazakhstan,2020-06-05,Premium,13648.72
6426,Todd Hawkins,davidlang.6426@example.org,Bermuda,2023-04-02,Premium,18558.93
6427,Adrian Taylor,johnsonbelinda.6427@example.com,Libyan Arab Jamahiriya,2023-10-26,Standard,283.63
6428,Keith Thomas,devonsmith.6428@example.com,Norway,2021-08-18,Standard,1178.68
6429,Kelly Reyes,jfuller.6429@example.org,Congo,2021-05-30,Standard,2795.19
6430,Melissa Garcia,monicapacheco.6430@example.com,Georgia,2021-07-29,Basic,669.94
6431,Kyle Hancock,christianbrown.6431@example.com,Turkmenistan,2022-04-17,Standard,1927.12
6432,William Lopez,rriddle.6432@example.org,Saint Helena,2020-01-23,Basic,183.44
6433,Rebecca Cross,dennis30.6433@example.com,Tuvalu,2020-01-29,Premium,7949.59
6434,Taylor Hunter,campbelljames.6434@example.net,Samoa,2022-06-23,Premium,17443.21
6435,Joshua Larson,gutierrezkevin.6435@example.net,Germany,2020-02-18,Standard,2155.16
6436,Debbie Grant,monica58.6436@example.com,Myanmar,2022-02-16,Standard,999.82
6437,Kari Colon,tracy52.6437@example.net,Pakistan,2023-11-19,Premium,4380.42
6438,Leah White,matthew97.6438@example.net,Uzbekistan,2020-03-17,Premium,16053.87
6439,Diana Martinez,matthew40.6439@example.net,Algeria,2024-02-17,Premium,12372.04
6440,Philip Copeland,evansbrittany.6440@example.com,Kiribati,2024-02-26,Basic,770.75
6441,Mariah Griffith,lauren53.6441@example.net,Kazakhstan,2023-11-01,Standard,1338.18
6442,Christopher Glover,icruz.6442@example.net,Dominica,2024-03-10,Basic,279.22
6443,Stephanie Pena,laurie00.6443@example.net,Saint Pierre and Miquelon,2025-05-30,Premium,7233.61
6444,Mark Ross,sherri95.6444@example.net,Costa Rica,2020-06-21,Standard,1549.26
6445,Ashley Montoya,fkirby.6445@example.net,Cayman Islands,2021-02-16,Standard,1103.64
6446,Brandon Olsen,michael70.6446@example.org,Bahrain,2022-02-13,Standard,404.93
6447,Holly Gonzalez,fbell.6447@example.org,Cambodia,2024-08-07,Basic,249.7
6448,Jeffrey Parker,marisa21.6448@example.com,Cyprus,2025-11-01,Basic,175.11
6449,Barry Morris,eblackwell.6449@example.org,Poland,2026-02-21,Premium,16676.93
6450,Angela Brown,michaelhorton.6450@example.net,Guernsey,2023-11-22,Standard,859.66
6451,Terry Lewis,amanda25.6451@example.com,Jamaica,2022-09-28,Basic,367.1
6452,Christian Schneider,james31.6452@example.com,Nicaragua,2022-10-03,Premium,14109.29
6453,Michele Grant,sarahfisher.6453@example.net,Cape Verde,2020-05-26,Standard,617.84
6454,Matthew Tyler,golson.6454@example.com,Australia,2023-02-09,Standard,1687.59
6455,James Gilbert,vcallahan.6455@example.com,Bosnia and Herzegovina,2023-06-06,Standard,2572.12
6456,Gary Callahan,wendypayne.6456@example.net,French Guiana,2021-05-23,Standard,1835.43
6457,Ralph Miller,fisherlorraine.6457@example.org,Ghana,2025-02-18,Standard,1550.68
6458,Vincent Jackson,tsherman.6458@example.net,San Marino,2025-06-05,Basic,671.1
6459,Rachel Baldwin,corywilliams.6459@example.net,Sao Tome and Principe,2022-01-07,Standard,2852.31
6460,Bryan Nguyen,owright.6460@example.net,Chile,2026-02-09,Basic,656.79
6461,Curtis Jacobson,brookedavis.6461@example.com,Taiwan,2020-09-18,Basic,326.73
6462,Jessica Wong,pnavarro.6462@example.net,French Guiana,2026-02-01,Standard,1912.74
6463,John Carter,erin44.6463@example.org,Guadeloupe,2025-02-18,Standard,1674.6
6464,Stephen Roach,erojas.6464@example.com,Swaziland,2021-06-30,Standard,1049.26
6465,Curtis Thompson,mindy83.6465@example.org,Haiti,2024-05-06,Basic,348.26
6466,Christina Cook,michelelynn.6466@example.org,Saint Pierre and Miquelon,2022-01-28,Premium,16926.8
6467,Jody Brown,steven86.6467@example.com,Sweden,2025-05-06,Basic,240.38
6468,James Davidson,andrew66.6468@example.com,Guinea-Bissau,2021-01-27,Standard,2690.76
6469,Travis Fisher,robertsonmichael.6469@example.org,Nicaragua,2021-08-21,Standard,2976.0
6470,Phillip Scott,vwatson.6470@example.org,Faroe Islands,2022-01-20,Standard,1058.95
6471,Alexis Goodwin,wongjordan.6471@example.org,Eritrea,2021-05-02,Standard,543.67
6472,Emily Cobb,ashleymeyer.6472@example.net,Iceland,2022-03-23,Standard,2880.09
6473,Brittney Winters,smithnicole.6473@example.net,Libyan Arab Jamahiriya,2024-01-11,Standard,678.98
6474,Daniel Rhodes,hughesjay.6474@example.net,Norfolk Island,2024-03-26,Standard,2360.1
6475,Renee Hansen,thomasknight.6475@example.net,Togo,2023-09-14,Standard,309.52
6476,Jason Smith,mckayamanda.6476@example.net,Thailand,2021-04-08,Standard,859.58
6477,Ashley Johnson,marshallmichael.6477@example.com,Mali,2021-05-09,Standard,928.43
6478,Beth Anderson,rmarquez.6478@example.com,Nepal,2026-02-23,Standard,1032.26
6479,Jordan Meadows,cookgina.6479@example.net,Syrian Arab Republic,2021-09-05,Premium,18547.47
6480,Travis Harris,vbrennan.6480@example.net,Costa Rica,2020-09-08,Basic,140.25
6481,Laura Wilson,singletonkatrina.6481@example.com,Greece,2023-01-13,Standard,686.19
6482,Jessica White,jennifermcguire.6482@example.com,Spain,2020-01-17,Standard,2136.69
6483,Amy Callahan,matthew37.6483@example.com,Turkey,2022-04-16,Standard,2866.49
6484,Gail Reyes,lukemolina.6484@example.com,Nepal,2025-09-18,Standard,1290.0
6485,Michael Gutierrez,bryanttaylor.6485@example.com,Martinique,2021-10-14,Basic,618.5
6486,David Cook,oneillvalerie.6486@example.org,Comoros,2024-09-14,Standard,286.9
6487,Kevin Singleton,justinsmith.6487@example.com,Madagascar,2023-04-11,Premium,16833.15
6488,Jessica Stewart,tnguyen.6488@example.net,Russian Federation,2022-05-17,Standard,2225.51
6489,William Keller,amber18.6489@example.com,Botswana,2024-06-03,Standard,2710.52
6490,Katherine Ruiz,patriciawhitehead.6490@example.net,Swaziland,2023-12-25,Premium,13474.18
6491,Gina Clark,yodermichael.6491@example.org,Serbia,2022-02-16,Premium,18944.06
6492,Erica Barnes,ibrooks.6492@example.net,Mongolia,2021-06-29,Standard,1291.6
6493,Derek Mendoza MD,onorris.6493@example.net,Denmark,2026-02-16,Basic,586.03
6494,Sara Weeks,christopher53.6494@example.net,Singapore,2021-02-15,Premium,15060.16
6495,Ricardo Wilcox,josephguerra.6495@example.org,Burkina Faso,2026-06-01,Standard,952.1
6496,Christopher Marquez,yfisher.6496@example.com,Armenia,2023-02-24,Basic,736.46
6497,Stephanie Hall,omeyers.6497@example.org,Honduras,2026-08-31,Basic,623.34
6498,Ryan Johnson,fwyatt.6498@example.com,Saint Pierre and Miquelon,2022-05-12,Standard,2625.78
6499,Ashley Lopez,james71.6499@example.net,Romania,2023-10-12,Basic,290.07
6500,Noah Rogers,barrerajeffery.6500@example.com,Saudi Arabia,2024-02-11,Premium,17142.59
6501,Nicholas Taylor,thomassutton.6501@example.com,United States Virgin Islands,2022-04-07,Basic,251.98
6502,Douglas Graham,clarkelizabeth.6502@example.com,Guyana,2021-06-16,Premium,19359.22
6503,Richard Jimenez,kirbywalter.6503@example.com,United Kingdom,2023-06-24,Standard,267.05
6504,Jonathan Bush,gfox.6504@example.com,Liechtenstein,2024-06-06,Standard,1933.73
6505,Shane Miller,steven97.6505@example.org,United States Virgin Islands,2021-09-30,Basic,89.79
6506,Susan Thompson,robert90.6506@example.com,Czech Republic,2025-02-15,Premium,14937.2
6507,Megan Hayden,cole83.6507@example.org,India,2024-04-09,Standard,1218.33
6508,Elizabeth Smith,qweaver.6508@example.net,Denmark,2021-02-10,Standard,2637.79
6509,Darryl Williams,shericrosby.6509@example.com,Ghana,2026-04-11,Premium,17708.65
6510,Jeremy Russell,josedavis.6510@example.org,Tanzania,2020-04-17,Basic,294.47
6511,Justin Greene,murillojeffrey.6511@example.com,Lebanon,2024-05-15,Standard,2467.95
6512,Jennifer Norris,tbrown.6512@example.net,Antarctica (the territory South of 60 deg S),2022-12-09,Premium,14260.46
6513,Amy Mejia,kristin92.6513@example.net,Costa Rica,2024-05-15,Standard,1394.39
6514,Paul West,zdaniels.6514@example.org,Liechtenstein,2025-03-05,Standard,1161.06
6515,Mark Powell,,Bangladesh,2024-08-05,Premium,5785.49
6516,Maurice Hunt,jennifer15.6516@example.net,Comoros,2024-05-08,Standard,376.98
6517,Danielle Spears,angela99.6517@example.net,Christmas Island,2025-08-15,Standard,1648.61
6518,Emily Compton,johnsonkatie.6518@example.net,Antarctica (the territory South of 60 deg S),2024-09-09,Standard,1712.11
6519,Jared King,joshuarowland.6519@example.com,Turks and Caicos Islands,2025-06-10,Standard,1443.25
6520,Edwin Schultz,laurensharp.6520@example.org,Georgia,2022-09-10,Basic,760.48
6521,Laura Olson,carterconnie.6521@example.org,Sweden,2021-05-10,Standard,238.33
6522,Julie Nash,emartin.6522@example.com,Palestinian Territory,2021-07-27,Standard,2580.85
6523,Brian Taylor,jessica92.6523@example.org,Uganda,2024-02-03,Basic,640.66
6524,Brandon Castillo,amber21.6524@example.net,Guadeloupe,2023-07-22,Standard,2324.51
6525,Bobby Thomas,dennistracy.6525@example.net,Poland,2020-07-07,Standard,1669.76
6526,Rose Dean,batesjessica.6526@example.com,Italy,2021-05-14,Basic,152.28
6527,Mr. John Hays,christopher66.6527@example.org,Ghana,2026-06-20,Standard,2616.06
6528,Tammy Lewis,bmaxwell.6528@example.org,Malawi,2024-11-08,Basic,595.68
6529,Valerie Martinez,heather77.6529@example.org,Bahrain,2025-01-17,Standard,2531.9
6530,Katherine Griffith,melissarios.6530@example.net,Lesotho,2021-04-25,Standard,860.21
6531,April Jackson,wadekaren.6531@example.com,Kazakhstan,2020-06-05,Standard,1752.25
6532,Clayton Wagner,vhampton.6532@example.com,Thailand,2021-12-12,Premium,9487.27
6533,Kathleen Walsh,stacy00.6533@example.org,Armenia,2025-09-23,Basic,511.74
6534,Gina Elliott,shuerta.6534@example.com,Saint Pierre and Miquelon,2023-05-21,Standard,2307.3
6535,Morgan Collier,hopkinsmelissa.6535@example.com,Netherlands Antilles,2025-03-31,Basic,138.97
6536,Christopher Clark,mterry.6536@example.net,Mozambique,2023-04-03,Standard,687.31
6537,Allison Cohen,garretttran.6537@example.com,Latvia,2023-04-12,Basic,34.89
6538,Donna Webb,nathan78.6538@example.com,Puerto Rico,2024-01-07,Basic,125.75
6539,Debbie Ashley,neaton.6539@example.org,France,2026-05-30,Standard,872.49
6540,Christopher Good,andrewwagner.6540@example.org,Heard Island and McDonald Islands,2022-12-04,Basic,58.01
6541,Paul Schwartz,greendevin.6541@example.com,Holy See (Vatican City State),2023-12-25,Basic,284.55
6542,Patrick Newman,armstrongmary.6542@example.com,Djibouti,2026-02-23,Standard,2090.47
6543,Jennifer Thomas,mitchellashley.6543@example.net,Palestinian Territory,2022-06-28,Standard,2420.6
6544,Brittany Becker,travis60.6544@example.org,Macao,2025-08-13,Premium,8224.69
6545,Eugene Barton,olsonchad.6545@example.org,Saint Barthelemy,2023-07-30,Premium,3508.85
6546,Cynthia Morrison,onelson.6546@example.com,Iceland,2025-11-16,Standard,2326.24
6547,Robert Cannon,qmorrison.6547@example.net,Ecuador,2023-02-16,Standard,1295.31
6548,Christine Cortez,jenniferrose.6548@example.com,Iran,2024-03-17,Standard,904.0
6549,Seth Hamilton,michaelmartinez.6549@example.com,Mauritania,2022-02-28,Standard,1517.93
6550,Danielle Johnson,bartlettnicholas.6550@example.org,Sri Lanka,2024-03-30,Standard,2915.62
6551,Heather Wilson,timothyproctor.6551@example.org,Netherlands,2022-03-07,Standard,1243.39
6552,Michael Noble,bennettzachary.6552@example.net,Vanuatu,2024-01-27,Basic,767.56
6553,Julie Bright,gregory95.6553@example.org,Cape Verde,2025-04-10,Basic,202.54
6554,Stephanie Cole,bbates.6554@example.org,Kazakhstan,2022-11-27,Basic,84.44
6555,Tonya Lambert,cfigueroa.6555@example.net,Denmark,2022-11-14,Standard,640.1
6556,Matthew Kim,ejones.6556@example.net,United States of America,2022-02-25,Standard,2366.59
6557,Crystal Johnson,ymason.6557@example.net,Cuba,2024-11-18,Basic,430.09
6558,David Hughes,qramirez.6558@example.com,Azerbaijan,2023-12-16,Premium,12474.6
6559,Kathleen Price,johnramirez.6559@example.net,Botswana,2023-06-15,Premium,19418.75
6560,Nicole Miller,kimberly19.6560@example.net,Cambodia,2020-03-03,Standard,1613.54
6561,John Allison,andrew35.6561@example.com,Netherlands Antilles,2020-09-25,Standard,527.66
6562,Erica Smith,thomas26.6562@example.net,Burundi,2020-01-19,Standard,2211.84
6563,Rebecca Johnson,megan85.6563@example.net,Nigeria,2025-09-07,Premium,5741.32
6564,Rachel Daugherty,rhamilton.6564@example.net,Oman,2025-09-10,Basic,465.23
6565,Emily Campos,hannah51.6565@example.com,San Marino,2020-06-14,Premium,17378.82
6566,Russell Bean,melvinlawson.6566@example.com,Gibraltar,2020-04-23,Standard,1535.83
6567,Ariel Brown,victoriarandall.6567@example.net,Luxembourg,2025-03-23,Standard,1080.0
6568,Jeffrey Berg,jbryant.6568@example.org,Honduras,2023-07-05,Standard,1811.53
6569,Andrew Hernandez,avilamario.6569@example.org,Algeria,2022-01-24,Basic,101.56
6570,Karen Barnes,stevecox.6570@example.org,Tunisia,2024-02-10,Premium,7536.15
6571,Dana Medina,sgallagher.6571@example.com,Argentina,2021-07-31,Premium,11074.57
6572,Kristopher Smith,daniel53.6572@example.net,Venezuela,2021-04-28,Premium,6574.72
6573,Stacey Jimenez,eblack.6573@example.org,Tunisia,2022-06-16,Basic,31.41
6574,Tiffany Diaz,brownrichard.6574@example.net,Turks and Caicos Islands,2025-12-27,Basic,468.11
6575,Charles Green,sarah39.6575@example.net,Ghana,2025-02-16,Standard,1323.49
6576,Brendan Paul,sherry52.6576@example.org,Mauritania,2021-04-09,Standard,1293.71
6577,Laura Brooks,joshua13.6577@example.net,Belize,2023-10-03,Basic,797.45
6578,Anthony Arnold,mmorales.6578@example.org,Ghana,2025-11-29,Standard,513.0
6579,Mr. Matthew Gallagher,lsilva.6579@example.org,Netherlands Antilles,2026-05-12,Premium,4775.16
6580,Brian Glover,jeanette06.6580@example.org,Sri Lanka,2025-02-06,Standard,2653.53
6581,Kathryn Wilson,aprilwashington.6581@example.org,Korea,2020-11-10,Standard,564.73
6582,Crystal Moreno,tinamcdaniel.6582@example.net,Bangladesh,2021-08-10,Standard,2769.34
6583,Norma Oneal,lee87.6583@example.net,Indonesia,2021-06-17,Standard,2081.49
6584,Martin Tran,williamnixon.6584@example.org,Azerbaijan,2021-01-03,Standard,1678.86
6585,Sean Castro,drew85.6585@example.org,Comoros,2021-03-04,Standard,979.52
6586,Michael Payne,duncanedward.6586@example.com,Samoa,2022-02-11,Standard,1206.53
6587,William Nelson,nnguyen.6587@example.net,American Samoa,2023-09-18,Premium,16867.18
6588,Eric Jones,amyshepard.6588@example.com,Sierra Leone,2022-08-29,Basic,46.0
6589,Jacqueline Dixon,rebeccamay.6589@example.org,Gambia,2022-10-24,Basic,614.84
6590,Alexander Hartman,zjohnson.6590@example.com,Saint Lucia,2021-08-23,Premium,16900.77
6591,Yvonne Nelson,bassphilip.6591@example.org,India,2021-01-03,Premium,14707.4
6592,Susan Chambers,wardmichele.6592@example.org,Saint Kitts and Nevis,2026-09-05,Premium,2981.08
6593,Shannon Reynolds,sallywilliams.6593@example.com,Azerbaijan,2024-01-02,Premium,15367.79
6594,Sarah Schneider,anthony59.6594@example.org,Qatar,2021-07-14,Premium,15016.95
6595,Christy Brock,fpatterson.6595@example.net,Montserrat,2025-05-31,Premium,2235.69
6596,Mr. Christian Bradley,brandymcintosh.6596@example.com,Nauru,2025-07-21,Basic,713.83
6597,Richard Parsons,bushmark.6597@example.org,Saint Martin,2026-06-18,Basic,105.76
6598,Charles Henderson,bmorton.6598@example.net,Slovenia,2021-01-23,Basic,768.63
6599,Crystal Miller,tyler42.6599@example.com,Belarus,2024-04-11,Standard,398.16
6600,John Lee,andersondeborah.6600@example.net,Norfolk Island,2026-07-21,Basic,190.44
6601,Terrance Medina,pattonstacy.6601@example.org,Bolivia,2025-05-23,Basic,552.19
6602,Patricia Smith,mitchell23.6602@example.com,Georgia,2021-07-04,Basic,109.79
6603,Kayla Baker,mrobinson.6603@example.net,Cape Verde,2025-12-20,Basic,147.97
6604,Joseph Adkins,robert68.6604@example.com,Grenada,2022-10-26,Basic,8.94
6605,Hannah Gilmore,johnsonjennifer.6605@example.net,Sao Tome and Principe,2023-04-08,Basic,661.18
6606,Amy Davis,amymurphy.6606@example.com,Germany,2023-09-26,Standard,305.33
6607,Kristin Williams,jeffrey85.6607@example.com,Liberia,2025-02-26,Standard,1971.2
6608,Misty Rodriguez,toliver.6608@example.com,Finland,2020-10-20,Premium,12481.53
6609,Dr. Tina Nelson,baileykatherine.6609@example.net,Ireland,2023-08-09,Standard,1631.47
6610,Jesse Johnson,onealdiane.6610@example.com,Trinidad and Tobago,2025-06-17,Premium,8752.84
6611,Jeanne Herrera,asellers.6611@example.org,Guyana,2023-09-01,Premium,7392.13
6612,Madeline Ross,melissa55.6612@example.org,Luxembourg,2021-11-01,Premium,19225.06
6613,Heather Greene,xcoleman.6613@example.net,Chile,2020-05-17,Standard,2399.0
6614,Robert Garcia,joshualivingston.6614@example.org,Japan,2023-09-03,Basic,738.19
6615,Emily Lucas,jackpatterson.6615@example.com,Malta,2024-09-13,Standard,2254.91
6616,Cynthia Robinson,ydavis.6616@example.org,Grenada,2023-09-04,Standard,2521.22
6617,Isaac Soto,hopkinskaren.6617@example.org,Belarus,2026-07-19,Standard,2899.69
6618,Stephanie Martin,michaelwilson.6618@example.org,Madagascar,2024-01-11,Standard,1470.2
6619,Laura Lee,thomas44.6619@example.com,Chile,2023-05-26,Standard,2739.31
6620,Phillip Jones,jeremyoliver.6620@example.net,Qatar,2020-05-15,Standard,320.61
6621,Glenda Arroyo,kgrant.6621@example.com,Yemen,2023-09-26,Premium,3941.7
6622,Emily Maldonado,doris13.6622@example.net,Lithuania,2021-02-15,Standard,1573.05
6623,Sean Lee,alexis74.6623@example.com,Lesotho,2024-11-04,Premium,10171.52
6624,Mr. Jeffrey Lawrence,autumnbarnes.6624@example.net,Sudan,2021-01-28,Standard,1427.0
6625,Deborah Murphy,cruzwilliam.6625@example.org,Benin,2026-01-23,Basic,429.75
6626,Steven Bates,harperjorge.6626@example.com,French Guiana,2022-01-07,Basic,430.7
6627,Joshua Smith,wooddavid.6627@example.com,Japan,2022-11-25,Standard,2637.58
6628,Darlene Kent,lambertbrandon.6628@example.net,Gabon,2020-12-19,Basic,276.73
6629,Sarah Smith,mark37.6629@example.net,Svalbard & Jan Mayen Islands,2021-05-29,Basic,252.99
6630,Ashley Cohen,patrick14.6630@example.com,French Southern Territories,2026-03-01,Basic,561.52
6631,Steven Holmes,bellthomas.6631@example.org,Albania,2021-11-23,Standard,2015.74
6632,Alexis Smith,harrischarles.6632@example.com,Bouvet Island (Bouvetoya),2023-06-06,Standard,2523.57
6633,Kevin Garcia,timothy14.6633@example.com,Myanmar,2026-07-24,Standard,1065.98
6634,Janet Johnson,mark38.6634@example.com,Tunisia,2024-03-02,Premium,2115.1
6635,Sarah Holmes,zthompson.6635@example.com,Martinique,2020-04-11,Standard,2843.38
6636,Joshua Moreno,john88.6636@example.org,Togo,2022-05-22,Standard,323.83
6637,Samantha Munoz,mreeves.6637@example.net,Korea,2022-08-02,Standard,2104.04
6638,Gerald Young,frenchjennifer.6638@example.com,Panama,2021-11-05,Basic,257.47
6639,Belinda Bishop,grayaaron.6639@example.com,Australia,2021-08-11,Standard,1385.89
6640,Christopher Little,robersontimothy.6640@example.org,Honduras,2023-05-13,Basic,670.43
6641,Daniel Crawford,jennifertaylor.6641@example.com,Syrian Arab Republic,2022-07-09,Basic,335.66
6642,Daniel Rangel,uaustin.6642@example.org,Hungary,2021-12-19,Basic,115.5
6643,Daniel Bridges,riverabrandon.6643@example.com,Chad,2022-10-05,Basic,603.55
6644,Daniel Sanford,qtodd.6644@example.com,Suriname,2022-04-19,Premium,2363.81
6645,Sarah Davis,michelle97.6645@example.org,Philippines,2021-07-12,Premium,6945.19
6646,Anthony James,lisa96.6646@example.com,Bahamas,2023-01-10,Basic,430.46
6647,David Smith,bishopcindy.6647@example.com,Germany,2026-04-20,Premium,9879.75
6648,Jasmine Davis,greenholly.6648@example.org,Bangladesh,2023-05-20,Standard,1936.64
6649,Anthony Davidson,haynesryan.6649@example.com,Senegal,2023-12-30,Standard,1267.77
6650,Andrew Martinez,helenglass.6650@example.org,Sao Tome and Principe,2026-07-31,Standard,1293.64
6651,Joel Gentry,garymeyer.6651@example.org,Comoros,2024-02-07,Standard,1176.24
6652,Brittney Brown,sandra45.6652@example.net,Liberia,2021-06-29,Standard,2684.36
6653,Jeremy Kelly,michelle52.6653@example.net,Haiti,2022-08-31,Standard,248.43
6654,Megan Carney,curtis88.6654@example.net,Cook Islands,2023-04-06,Standard,2831.0
6655,Amy Miller,ronnierussell.6655@example.com,Afghanistan,2023-03-05,Premium,8447.99
6656,Philip Graves,jacksoncourtney.6656@example.org,Maldives,2020-12-31,Standard,1221.67
6657,Rachel White,nkelly.6657@example.net,Gabon,2020-09-15,Premium,15066.07
6658,Norma Webster,jillian35.6658@example.com,Korea,2022-05-04,Standard,1287.17
6659,Joseph Gonzalez,anne83.6659@example.net,Puerto Rico,2026-02-10,Premium,13099.61
6660,Marcus Lee,michaelwatson.6660@example.com,Guam,2024-10-17,Premium,18265.35
6661,John Frazier,sarahmorgan.6661@example.org,France,2025-08-17,Basic,676.96
6662,Misty Bowman,bfisher.6662@example.com,Sudan,2021-03-02,Standard,1643.03
6663,Karen Flores,teresascott.6663@example.org,Uganda,2022-10-08,Basic,573.32
6664,Daniel Smith,smithbrandon.6664@example.org,Christmas Island,2023-11-20,Standard,1298.82
6665,Ashley Davis,baldwinjason.6665@example.com,Suriname,2022-11-26,Standard,2372.92
6666,Justin Pruitt,ocarlson.6666@example.org,Bolivia,2022-10-14,Standard,676.51
6667,Jennifer Kidd,theresa26.6667@example.org,Brunei Darussalam,2022-05-28,Basic,36.51
6668,Matthew Adams,phillipsluis.6668@example.com,British Virgin Islands,2020-05-05,Standard,1714.05
6669,Rhonda Cannon,cfreeman.6669@example.com,Belgium,2025-09-24,Standard,802.95
6670,Jay Evans,fowlerkathleen.6670@example.org,Congo,2026-03-28,Standard,2240.43
6671,Derrick Bishop,jasminlong.6671@example.com,Armenia,2020-07-16,Standard,483.71
6672,Chelsea Johnson,jameshughes.6672@example.net,Turkey,2022-10-07,Basic,6.8
6673,Michael Garcia,sean97.6673@example.org,French Polynesia,2023-06-18,Basic,540.56
6674,Mark Martin,matthew78.6674@example.net,Hong Kong,2025-03-29,Standard,1602.24
6675,Alex Lowe,suareznatasha.6675@example.com,Djibouti,2026-08-06,Standard,2865.64
6676,Lawrence Miller,deankathleen.6676@example.net,Saint Kitts and Nevis,2022-10-13,Standard,892.96
6677,Wendy Hudson,alexander86.6677@example.com,New Caledonia,2025-01-02,Basic,98.6
6678,Mrs. Stephanie Carroll DDS,elizabethsampson.6678@example.net,Svalbard & Jan Mayen Islands,2026-04-08,Standard,264.7
6679,Matthew George,hnelson.6679@example.org,Panama,2025-07-20,Premium,9996.45
6680,Johnny Durham,johnsonkeith.6680@example.com,Mali,2021-12-10,Basic,80.65
6681,Dale Suarez,cescobar.6681@example.org,Antigua and Barbuda,2025-06-19,Basic,620.51
6682,Victor Mason,williambriggs.6682@example.net,Sudan,2022-10-03,Standard,401.56
6683,Christopher Jones,lisa43.6683@example.org,Rwanda,2020-02-12,Standard,2778.11
6684,Luis Kirby,wgomez.6684@example.org,Costa Rica,2025-01-27,Standard,1714.39
6685,Angela Morgan,rgross.6685@example.com,Kazakhstan,2025-08-02,Basic,557.1
6686,Yvette Barton,cjones.6686@example.org,Kyrgyz Republic,2022-04-19,Standard,566.57
6687,Laura Rivera,ashley08.6687@example.net,Hungary,2023-01-06,Standard,450.61
6688,David Martin,vfranklin.6688@example.net,Bolivia,2022-06-08,Standard,1190.31
6689,Gregory Kane,ashley52.6689@example.net,Venezuela,2020-10-12,Standard,1657.22
6690,Abigail Weber,iwilliams.6690@example.net,Malaysia,2026-08-26,Premium,12359.04
6691,Shelley Le,arnoldevelyn.6691@example.org,Saint Lucia,2020-02-25,Basic,263.83
6692,Dorothy Howard,stewartlauren.6692@example.com,Bahamas,2023-09-18,Premium,6907.92
6693,Mark Espinoza,alexis13.6693@example.net,Netherlands Antilles,2020-02-06,Standard,2947.95
6694,Stephen Jackson,ystout.6694@example.com,Isle of Man,2024-08-10,Basic,218.13
6695,Kenneth Roy,shannon54.6695@example.net,France,2026-01-08,Standard,586.19
6696,Alexander Best,jason60.6696@example.com,Korea,2024-04-20,Standard,1206.49
6697,Tanya Lyons,jean42.6697@example.com,Swaziland,2024-01-20,Basic,243.1
6698,Ricky Valentine,vrice.6698@example.net,Jersey,2025-07-14,Premium,9591.23
6699,Carol Parker,andrewgarcia.6699@example.net,Seychelles,2026-07-07,Basic,498.97
6700,Kimberly Jacobs,qprice.6700@example.org,Libyan Arab Jamahiriya,2025-10-05,Premium,12856.66
6701,Alexis Graham,martincathy.6701@example.com,Egypt,2021-07-19,Standard,2155.21
6702,John Banks,michelle15.6702@example.net,Dominica,2023-10-07,Standard,638.72
6703,Cynthia George,gonzalesderek.6703@example.com,Afghanistan,2025-06-22,Standard,328.64
6704,John Reed,pwilliams.6704@example.org,Kuwait,2021-12-20,Standard,2414.27
6705,Andrew Wilson II,kaylagonzalez.6705@example.org,Denmark,2024-07-06,Standard,808.03
6706,James Durham,smithsara.6706@example.org,Israel,2020-02-25,Standard,1083.86
6707,Cynthia Leblanc,sean41.6707@example.org,Guinea-Bissau,2025-11-12,Premium,10202.23
6708,Joshua Clarke,larsonwesley.6708@example.net,Gabon,2024-02-09,Basic,573.05
6709,Eric Lewis,donalddouglas.6709@example.org,Nauru,2024-12-19,Standard,658.04
6710,Melissa Wilson,sheadawn.6710@example.net,Belarus,2025-07-08,Standard,2726.73
6711,Jon Clark,lori53.6711@example.net,Gambia,2021-06-18,Premium,7787.49
6712,Paul Turner,tkeith.6712@example.org,Chile,2023-01-05,Standard,2951.46
6713,Frederick Robinson,zacharyfowler.6713@example.org,Georgia,2025-09-27,Standard,999.16
6714,Michelle Carlson,jessica97.6714@example.net,Ireland,2021-02-06,Standard,2231.83
6715,Martin Reed,teresa75.6715@example.net,British Indian Ocean Territory (Chagos Archipelago),2025-07-01,Standard,1254.67
6716,Troy Roberts,rsmith.6716@example.com,Cambodia,2021-12-04,Premium,17058.58
6717,Erica Williams,sarahlandry.6717@example.net,Gambia,2023-11-06,Standard,1494.74
6718,Jodi Cook,tina83.6718@example.org,Botswana,2023-05-30,Basic,696.43
6719,Colton Adams,fgonzalez.6719@example.net,Brazil,2024-08-03,Premium,15570.9
6720,Larry Sanders,curtis05.6720@example.org,Swaziland,2025-08-05,Standard,1840.88
6721,Monica Lopez,kmichael.6721@example.com,Tunisia,2022-05-02,Standard,899.97
6722,Dustin Hughes,qvalentine.6722@example.net,Italy,2021-02-23,Basic,207.89
6723,Jean Soto,bcarr.6723@example.com,Vanuatu,2022-10-29,Premium,19845.6
6724,Steven Davis,paulpalmer.6724@example.net,Djibouti,2024-02-03,Premium,18656.98
6725,Terry Pierce,jeffreyfreeman.6725@example.net,Burkina Faso,2025-01-06,Standard,587.57
6726,Mary Webb,gallegosaaron.6726@example.net,Netherlands,2025-01-13,Standard,771.38
6727,Shannon Bell,mjones.6727@example.com,Gambia,2022-04-10,Standard,499.08
6728,Rebecca Gardner,hgomez.6728@example.com,Myanmar,2026-04-04,Standard,763.75
6729,Kaylee White,theresa26.6729@example.org,Cayman Islands,2020-07-22,Basic,232.19
6730,Richard Mullins,tknight.6730@example.com,Mongolia,2020-10-11,Basic,670.1
6731,Lisa Lee,rreyes.6731@example.com,Saint Martin,2020-03-01,Standard,466.51
6732,Joshua Rogers,stephanie78.6732@example.net,Turks and Caicos Islands,2026-03-12,Premium,17878.17
6733,Sherry Walker,hendersonalexis.6733@example.org,Saint Pierre and Miquelon,2021-03-15,Standard,2921.4
6734,Clinton Taylor,udoyle.6734@example.net,Croatia,2024-01-08,Premium,7071.32
6735,Lori Moyer,guerradebra.6735@example.org,Northern Mariana Islands,2025-06-08,Standard,1477.45
6736,Vicki Johnson,jacqueline12.6736@example.net,Cape Verde,2025-02-15,Basic,423.46
6737,Juan Walker,jamesclarke.6737@example.org,Morocco,2026-05-06,Standard,775.93
6738,Lisa Crawford,carlos13.6738@example.net,Saint Vincent and the Grenadines,2020-05-11,Premium,15168.37
6739,Judith Moore,pcalhoun.6739@example.net,Micronesia,2022-09-21,Standard,1824.0
6740,Danielle Smith,cprice.6740@example.net,Micronesia,2023-05-21,Basic,89.74
6741,Eric Parks,ian96.6741@example.com,South Africa,2024-08-26,Premium,18127.68
6742,Jamie Wilkins,rmorgan.6742@example.org,Hong Kong,2024-02-29,Basic,241.75
6743,Rhonda Mendez,parkererica.6743@example.net,British Virgin Islands,2023-09-29,Basic,125.0
6744,Amy Smith,lthomas.6744@example.net,Albania,2022-01-19,Standard,2949.19
6745,Dr. Lauren Dunn PhD,john39.6745@example.org,Belarus,2020-09-17,Standard,488.15
6746,George Smith,pgarza.6746@example.org,Korea,2022-11-20,Standard,367.15
6747,Ryan Jackson,ashley50.6747@example.com,Bhutan,2021-09-26,Standard,865.15
6748,Joseph Bray,ashleyeaton.6748@example.org,Pakistan,2023-09-15,Standard,1093.94
6749,Leslie Werner,kathleen16.6749@example.org,Ireland,2025-04-30,Premium,9808.45
6750,Erin Shields,joshuabrown.6750@example.net,Western Sahara,2023-09-11,Basic,548.14
6751,John Werner,phall.6751@example.net,Saint Pierre and Miquelon,2023-11-24,Basic,292.57
6752,Jason Moore,timothy41.6752@example.org,Israel,2020-04-12,Standard,1766.13
6753,Shawn Ferguson,carolyn15.6753@example.org,Malta,2024-04-23,Standard,216.27
6754,Benjamin Lindsey MD,christopher63.6754@example.com,Solomon Islands,2022-12-09,Standard,1277.72
6755,Ashley Lee,jennifer68.6755@example.com,Poland,2020-10-29,Premium,19009.44
6756,Sandra Banks,sparkscraig.6756@example.org,Wallis and Futuna,2021-06-06,Standard,2369.57
6757,Kelly Sexton,adrienne51.6757@example.org,Sweden,2025-03-21,Premium,15334.41
6758,Patrick Wright,davispatrick.6758@example.org,Guadeloupe,2026-02-16,Basic,243.61
6759,Richard Nixon,ghicks.6759@example.net,Mauritania,2023-05-24,Standard,1566.89
6760,Robert Ross,sweeneyheather.6760@example.com,Svalbard & Jan Mayen Islands,2026-07-12,Basic,675.62
6761,Justin White,jfoster.6761@example.com,Marshall Islands,2021-03-15,Standard,2664.44
6762,Sarah Gonzalez,monica87.6762@example.org,Zimbabwe,2022-01-01,Standard,2189.52
6763,Hannah Davis,kylecaldwell.6763@example.com,Oman,2026-03-21,Basic,365.23
6764,Jose David,thomas08.6764@example.org,Cuba,2021-03-03,Standard,404.86
6765,Mark Foley,bushheidi.6765@example.net,Switzerland,2024-05-29,Standard,534.19
6766,Keith Patel,joann04.6766@example.com,Namibia,2021-06-20,Basic,0.23
6767,Kevin Copeland,dwayne59.6767@example.com,Andorra,2022-03-19,Standard,1205.76
6768,Monica Perez,spearsbrittany.6768@example.com,Falkland Islands (Malvinas),2023-03-12,Premium,2420.91
6769,Melvin Gonzalez,adrian41.6769@example.net,Aruba,2022-05-29,Standard,1418.06
6770,Aaron Warner,anthonyparsons.6770@example.com,Botswana,2025-11-05,Standard,1873.12
6771,Sarah Collins,zjennings.6771@example.net,Portugal,2026-07-03,Standard,1868.46
6772,Beth Collins,lauradickson.6772@example.net,Mali,2023-05-06,Basic,444.24
6773,Charles Norman,huntamanda.6773@example.net,Equatorial Guinea,2023-07-06,Standard,833.28
6774,Ellen Avila,brian57.6774@example.org,Chile,2020-05-15,Standard,1653.73
6775,Marie Powell,gibbskimberly.6775@example.com,Anguilla,2021-07-25,Standard,2943.54
6776,Tammy Crane,russellstephanie.6776@example.com,Lesotho,2020-04-07,Premium,10003.12
6777,Jeffrey Hale,michellejones.6777@example.net,Iceland,2025-09-22,Basic,699.59
6778,Jeffrey Garcia,hhinton.6778@example.com,Mayotte,2021-07-09,Premium,8865.3
6779,Danielle Ball,kristin93.6779@example.com,Sao Tome and Principe,2022-04-11,Standard,1944.52
6780,Tanya Benson,romankevin.6780@example.org,Benin,2025-08-20,Standard,1549.15
6781,Terry Ramirez,mariestewart.6781@example.com,Pitcairn Islands,2024-10-07,Basic,550.9
6782,George Mejia,ystewart.6782@example.com,Western Sahara,2024-02-26,Premium,18152.8
6783,Johnny Garcia,maddoxlynn.6783@example.org,Portugal,2020-04-03,Standard,1434.52
6784,Jacob Henderson,schwartzconnie.6784@example.net,Norfolk Island,2023-10-06,Basic,605.92
6785,Seth Taylor,lindahenson.6785@example.org,Kuwait,2023-10-01,Standard,2671.11
6786,Sarah Wiley,bmiller.6786@example.net,Comoros,2022-02-17,Standard,2410.72
6787,Anthony Black,monica98.6787@example.net,Bahrain,2024-12-24,Basic,19.64
6788,Natalie Lee,qchambers.6788@example.net,Algeria,2026-03-19,Basic,0.15
6789,Mary Crawford,james22.6789@example.net,Holy See (Vatican City State),2021-09-24,Standard,2672.29
6790,Amy Allen,davidparrish.6790@example.net,United Arab Emirates,2022-03-19,Basic,583.45
6791,John Li,alecsmith.6791@example.org,Italy,2022-02-26,Premium,19246.38
6792,Amanda Morgan,angela90.6792@example.org,Grenada,2025-07-31,Basic,233.99
6793,Michael Montoya MD,hernandezmichael.6793@example.net,New Zealand,2020-07-08,Premium,16183.43
6794,Adriana Myers,cheryl27.6794@example.net,Indonesia,2025-12-27,Standard,2444.26
6795,Cheryl Boyd,stricklandkathryn.6795@example.org,Turkmenistan,2025-03-07,Premium,17431.88
6796,Kevin Rush,alyssa83.6796@example.com,Belgium,2023-03-26,Basic,553.62
6797,Karen Jones,ygraves.6797@example.com,United States Virgin Islands,2023-11-25,Basic,110.65
6798,Melanie Mann,mflores.6798@example.com,Venezuela,2025-12-23,Standard,2106.64
6799,Michelle Chen,haleydean.6799@example.com,Kyrgyz Republic,2025-02-22,Standard,1892.55
6800,Garrett Martin,powersjoseph.6800@example.net,Kenya,2021-11-06,Standard,1134.28
6801,Kaitlyn Frederick,cjohnson.6801@example.net,Armenia,2020-05-03,Premium,5755.04
6802,Patrick Lindsey,russell44.6802@example.net,Samoa,2024-05-26,Basic,708.08
6803,Alexander Perez,lramos.6803@example.net,Montserrat,2020-12-22,Premium,4555.04
6804,Thomas Massey,morajames.6804@example.com,Belgium,2020-08-02,Basic,337.76
6805,Marcus Douglas,nancy01.6805@example.org,Mauritania,2026-07-26,Basic,498.24
6806,Angela Merritt,jason28.6806@example.net,Andorra,2023-03-03,Premium,19492.34
6807,Nicholas Pope,peter47.6807@example.net,Tajikistan,2024-05-08,Standard,2078.73
6808,Christopher Sexton,lmcintosh.6808@example.org,Djibouti,2021-06-14,Basic,243.9
6809,Ricardo Collins,masonashley.6809@example.org,Palau,2020-09-05,Basic,48.53
6810,Teresa Williams,linda32.6810@example.org,United States Virgin Islands,2020-06-02,Basic,254.16
6811,John Pham,kenneth96.6811@example.net,Papua New Guinea,2022-05-15,Premium,7270.16
6812,Laura Jones,brianorr.6812@example.net,Trinidad and Tobago,2020-01-10,Premium,16743.43
6813,Kenneth Wilson,randy61.6813@example.com,Sao Tome and Principe,2022-10-22,Basic,301.27
6814,Carla Olson,lewismary.6814@example.com,Indonesia,2022-03-04,Standard,475.66
6815,Amanda Rose,caseykrause.6815@example.net,Guatemala,2023-07-10,Standard,2635.94
6816,Alexander Brock,lchang.6816@example.net,Serbia,2023-12-10,Basic,14.44
6817,Sandra Reyes,kenneth15.6817@example.com,Dominica,2022-01-23,Standard,208.43
6818,Kathleen Hamilton,landrynicholas.6818@example.com,Spain,2023-01-16,Premium,10545.56
6819,Cassidy Mccall,andrewwilson.6819@example.com,Croatia,2020-07-09,Standard,393.82
6820,Maria Fletcher,floresstephen.6820@example.org,Reunion,2022-01-06,Basic,141.68
6821,Roy Hernandez,levyelizabeth.6821@example.org,Saint Martin,2026-07-16,Standard,2958.8
6822,John Mclean,april93.6822@example.org,United States Virgin Islands,2026-08-17,Premium,17198.57
6823,Jasmine Gardner,robert79.6823@example.com,Costa Rica,2023-04-01,Basic,611.23
6824,Brooke Banks,joshuaponce.6824@example.com,Monaco,2026-04-13,Standard,2078.22
6825,Taylor Kim,clayscott.6825@example.com,Guatemala,2023-05-09,Standard,333.88
6826,Edwin Miller,erica78.6826@example.com,Qatar,2020-11-02,Basic,668.73
6827,Joshua Anderson,joshuawest.6827@example.org,Palau,2025-10-20,Standard,1519.33
6828,Katherine Dyer,christopher52.6828@example.org,Greece,2022-10-10,Basic,78.66
6829,David Sims,millersteven.6829@example.net,Falkland Islands (Malvinas),2024-02-04,Basic,240.6
6830,Todd Strickland,anita77.6830@example.com,Myanmar,2024-05-03,Standard,1605.51
6831,Joseph Gonzales,ehopkins.6831@example.org,Singapore,2022-01-22,Standard,238.34
6832,Shelly Contreras,tylerrusso.6832@example.com,Madagascar,2024-11-26,Standard,906.77
6833,Carrie Smith,tkim.6833@example.com,Poland,2023-05-09,Standard,1140.59
6834,Elizabeth Thompson,ortegamaureen.6834@example.com,Swaziland,2022-06-13,Standard,1498.62
6835,Joseph Sullivan,sullivanjose.6835@example.com,Ghana,2021-12-28,Standard,205.55
6836,Benjamin Trevino,reedchristopher.6836@example.org,Rwanda,2024-12-27,Basic,452.35
6837,Kim Rivas,courtneyshaw.6837@example.com,Jersey,2021-08-31,Standard,753.37
6838,Ryan Morton,gedwards.6838@example.net,Slovenia,2020-10-30,Basic,477.8
6839,David Perry,snyderlauren.6839@example.net,Argentina,2025-11-23,Standard,869.62
6840,Sean White,forbeslisa.6840@example.com,Gambia,2022-03-21,Standard,1327.61
6841,Jacqueline Moore,rojasjose.6841@example.com,Palestinian Territory,2024-04-14,Premium,13225.34
6842,Ashley Daniels,jennifer87.6842@example.org,Burundi,2024-10-15,Standard,2038.4
6843,Angela Delgado,shepardhector.6843@example.com,Macao,2025-08-09,Standard,285.67
6844,Amber Cortez,brownchristopher.6844@example.com,Martinique,2024-03-07,Premium,11631.34
6845,John Roberts,scott55.6845@example.com,Oman,2024-09-24,Basic,653.31
6846,Cameron Bates,edwardwhite.6846@example.net,Bahrain,2025-08-06,Standard,777.98
6847,Loretta Wright DDS,robertcarpenter.6847@example.net,Norway,2026-04-22,Standard,1689.57
6848,Kathleen Taylor,warrenpeter.6848@example.net,Slovenia,2020-04-24,Basic,358.09
6849,Jessica Wells,gstafford.6849@example.com,United Arab Emirates,2024-12-20,Standard,2579.82
6850,Jenna Bishop,stevengarrett.6850@example.com,Falkland Islands (Malvinas),2021-03-01,Standard,1428.54
6851,James Li,anne90.6851@example.net,Montserrat,2025-12-16,Standard,2842.75
6852,Ryan Carter,tanner30.6852@example.com,Saint Helena,2020-04-28,Premium,13743.71
6853,Cassandra Adams,wayne89.6853@example.net,Senegal,2021-08-25,Standard,1771.87
6854,Melinda Hogan,paul31.6854@example.org,Poland,2021-04-14,Standard,1017.37
6855,Melissa Wilcox,rileygerald.6855@example.com,Namibia,2024-01-13,Premium,12737.46
6856,Paul Peterson,jenningsdouglas.6856@example.org,Bhutan,2020-01-11,Standard,567.49
6857,Jordan Johnson,deannaromero.6857@example.org,French Guiana,2020-02-11,Premium,9492.39
6858,Katherine Smith DDS,espinozaelizabeth.6858@example.org,United Kingdom,2023-05-16,Basic,227.54
6859,Nicole Harris,xjimenez.6859@example.org,Cayman Islands,2026-06-30,Standard,2076.77
6860,Julie Burgess,pjohnson.6860@example.com,Dominican Republic,2023-07-14,Standard,2339.19
6861,Dillon Fields,ronaldfriedman.6861@example.net,Belarus,2022-12-24,Basic,742.9
6862,David Huynh,montoyaveronica.6862@example.org,Sri Lanka,2024-05-25,Standard,821.88
6863,Steve Young,lisa37.6863@example.net,San Marino,2023-09-09,Standard,2677.3
6864,Stacey Ramirez,amy82.6864@example.org,Guam,2022-07-28,Standard,2568.66
6865,Thomas Becker,igardner.6865@example.com,Turkmenistan,2023-12-08,Basic,689.95
6866,Kathryn Stone,hernandezstephanie.6866@example.com,Saint Pierre and Miquelon,2020-01-08,Premium,15328.57
6867,Brian Leblanc,hannahsmith.6867@example.net,Seychelles,2021-08-20,Premium,6818.99
6868,Ronald Warner,tanner67.6868@example.org,Saint Martin,2024-07-03,Basic,702.3
6869,Elizabeth Petersen,meaganevans.6869@example.net,Latvia,2022-04-14,Premium,12791.87
6870,Brian Stokes,destiny71.6870@example.org,Puerto Rico,2020-05-12,Basic,592.49
6871,Andrew Evans,fmcbride.6871@example.org,Iceland,2020-10-30,Standard,774.72
6872,Tracy Rice,logan63.6872@example.net,Holy See (Vatican City State),2025-10-16,Standard,640.75
6873,Scott Peters,jeanneaguirre.6873@example.net,Guatemala,2022-03-15,Basic,221.48
6874,Robert Bell,mtaylor.6874@example.net,Taiwan,2020-02-25,Basic,409.1
6875,Cody Reese,travisjones.6875@example.org,China,2024-11-14,Premium,9499.25
6876,Kelli Skinner,andreagonzales.6876@example.org,Antarctica (the territory South of 60 deg S),2023-07-19,Standard,2685.3
6877,Michelle Parker,awright.6877@example.net,Lithuania,2023-01-07,Basic,10.41
6878,Lisa Chandler,graycolleen.6878@example.com,Pitcairn Islands,2025-12-25,Standard,424.14
6879,Connie Bates,hartrichard.6879@example.net,Rwanda,2022-02-05,Basic,260.33
6880,Alexander Jones,michaelthomas.6880@example.net,Belarus,2023-10-30,Standard,669.65
6881,Andrew Smith,andradevanessa.6881@example.com,Mauritania,2024-12-24,Premium,9321.51
6882,Paul Williams,haroldmcneil.6882@example.com,Namibia,2024-01-25,Basic,574.07
6883,Kelsey Carter,barbarahoward.6883@example.org,Hungary,2021-05-22,Basic,794.73
6884,Donna Boyer,sweeneydarren.6884@example.org,Cocos (Keeling) Islands,2024-07-22,Premium,5637.35
6885,Patricia Conway,lisa59.6885@example.net,Congo,2024-12-20,Basic,212.78
6886,Kayla Soto,gibbsrobert.6886@example.org,Macao,2020-10-25,Standard,2352.47
6887,Thomas Martinez,steven60.6887@example.org,Angola,2021-02-08,Premium,6896.89
6888,Stephanie Peterson,mariabailey.6888@example.org,India,2024-07-06,Standard,2170.5
6889,Melissa Bailey,davidford.6889@example.org,Tanzania,2020-10-17,Basic,466.79
6890,Madison Edwards,robin69.6890@example.com,Ukraine,2025-11-19,Premium,17388.09
6891,Mark Keller,patrick66.6891@example.com,Rwanda,2020-09-24,Premium,2600.06
6892,Elizabeth Smith,robert14.6892@example.org,Vietnam,2026-07-07,Basic,783.8
6893,Jermaine Nelson,hooddaniel.6893@example.com,Saint Martin,2024-06-27,Standard,2899.9
6894,Cheryl White,smiththomas.6894@example.net,Greece,2022-12-17,Premium,2402.98
6895,Brenda Davies,,Saint Helena,2021-10-17,Standard,1598.63
6896,John Sullivan,josephwilliams.6896@example.com,Kyrgyz Republic,2022-04-21,Basic,321.14
6897,Matthew Johnson,blutz.6897@example.org,Tuvalu,2025-01-01,Standard,911.66
6898,Nicholas Porter,carmen18.6898@example.com,Sao Tome and Principe,2025-01-13,Basic,782.26
6899,Katie Lane,cindygarrett.6899@example.org,France,2021-05-24,Premium,5142.81
6900,Tracey Woodard,andersontara.6900@example.net,Benin,2023-08-18,Standard,937.95
6901,Mariah Gordon,tara55.6901@example.net,Heard Island and McDonald Islands,2026-08-21,Basic,6.58
6902,Michael Rodriguez,dbarton.6902@example.com,Vanuatu,2021-09-20,Standard,1824.62
6903,Maurice Medina III,jillarnold.6903@example.org,Iceland,2024-08-20,Premium,17494.38
6904,Jacob Travis,allen38.6904@example.org,Philippines,2021-02-24,Standard,1941.36
6905,Candace Powell,melissa84.6905@example.org,Fiji,2025-07-29,Standard,2024.5
6906,Ryan Freeman,shawn17.6906@example.com,Argentina,2021-02-19,Premium,3193.77
6907,Edward Ramsey,williamsmichael.6907@example.com,Mongolia,2021-12-27,Basic,571.85
6908,Mark Ferguson,emiller.6908@example.net,Turkey,2023-01-26,Standard,1345.21
6909,Jason Hampton,pmartin.6909@example.com,Saint Lucia,2022-06-24,Standard,1526.39
6910,Lisa Price,hamiltonandrew.6910@example.org,New Zealand,2021-02-19,Premium,12530.28
6911,Chelsea Ray,patrick11.6911@example.net,Tonga,2024-04-14,Standard,2931.02
6912,Elizabeth Ward,mccarthyvalerie.6912@example.com,Sudan,2020-02-18,Standard,2294.91
6913,Melissa Gonzalez DVM,andrewsnyder.6913@example.org,Mozambique,2026-07-29,Basic,547.14
6914,Michael Wilson,waltervargas.6914@example.net,Lebanon,2020-05-07,Standard,1409.3
6915,Evan Hill,deborah86.6915@example.org,Nauru,2022-03-26,Basic,27.56
6916,Allen Lamb,qmayer.6916@example.net,Seychelles,2026-03-20,Standard,1708.32
6917,Craig Whitaker,matthewcooper.6917@example.org,Martinique,2021-01-13,Standard,2050.47
6918,Mark Finley,beckjean.6918@example.com,Equatorial Guinea,2020-06-27,Basic,563.35
6919,David Pollard,christina08.6919@example.net,United States Virgin Islands,2024-12-21,Standard,1902.07
6920,William Boyle,samanthaenglish.6920@example.org,Tanzania,2020-06-27,Basic,240.29
6921,Kevin Jennings,nhunter.6921@example.com,Sudan,2026-01-05,Basic,176.83
6922,Ann Bates,devinbernard.6922@example.org,Benin,2023-01-06,Basic,72.08
6923,Duane Thompson,ghayes.6923@example.org,United States Virgin Islands,2025-10-23,Standard,2167.93
6924,Mr. Peter Green MD,bwiggins.6924@example.org,Nicaragua,2021-08-21,Premium,19474.15
6925,Antonio Walton,shawdanielle.6925@example.org,Turkey,2020-12-10,Standard,1670.06
6926,Mikayla Hill,perezbrian.6926@example.net,Mexico,2026-06-08,Basic,538.55
6927,Stephanie Davenport,scottalan.6927@example.org,Sierra Leone,2025-02-04,Standard,2139.29
6928,Sheryl Carpenter,danielguerrero.6928@example.net,Lao People's Democratic Republic,2026-02-02,Standard,652.04
6929,Jerome Fisher,rcrosby.6929@example.com,France,2022-02-20,Standard,737.04
6930,Stacy Brooks,nicholas84.6930@example.com,Portugal,2022-09-15,Premium,5747.19
6931,Jessica Freeman,jamiesanders.6931@example.com,Aruba,2023-11-10,Premium,18791.15
6932,Cody Nunez,cartersteven.6932@example.net,Sao Tome and Principe,2022-12-31,Premium,2280.44
6933,Stacy Cameron,glennkristina.6933@example.org,Honduras,2021-08-15,Premium,11741.04
6934,Peggy Gray,robert97.6934@example.net,Tuvalu,2022-07-05,Basic,301.74
6935,Bailey Blair,taylorrichard.6935@example.net,Montserrat,2024-01-26,Standard,2046.18
6936,Megan Shaw,jessicaspence.6936@example.com,North Macedonia,2020-04-02,Premium,5968.86
6937,Taylor Phillips,yhorton.6937@example.com,Mauritania,2022-03-31,Standard,2891.28
6938,Troy Burke,mwatson.6938@example.com,United States of America,2021-12-16,Standard,1127.4
6939,Rebecca Sims,ehenry.6939@example.org,Andorra,2020-06-20,Standard,2792.59
6940,Kelly Lee,barreralouis.6940@example.net,Saint Martin,2020-10-26,Standard,1849.76
6941,Diana Barton,kimberlyyoung.6941@example.org,Portugal,2023-04-25,Premium,9460.3
6942,Mr. Robert Cole MD,housejennifer.6942@example.com,Oman,2020-09-06,Standard,2254.88
6943,Heather Miller,jose60.6943@example.net,Kuwait,2022-04-22,Premium,11955.16
6944,Kayla Gonzales,derekwright.6944@example.org,Monaco,2023-10-01,Standard,588.03
6945,Dr. Patricia Dunlap,laurenromero.6945@example.org,Namibia,2025-11-03,Premium,14680.81
6946,Amy Mills,matthew76.6946@example.net,Cuba,2020-08-29,Standard,1822.58
6947,Lauren Jones,colsen.6947@example.com,Puerto Rico,2022-11-27,Premium,12181.61
6948,Haley Campbell,butlerjacob.6948@example.net,Sierra Leone,2020-09-08,Standard,2266.81
6949,Samuel Smith,kelly19.6949@example.com,Mayotte,2022-11-12,Standard,2029.74
6950,Jeremiah Wise,amber67.6950@example.org,French Polynesia,2023-03-19,Premium,8592.37
6951,James Cobb,maria63.6951@example.com,Saint Kitts and Nevis,2025-05-05,Basic,254.79
6952,Lynn Chan,bookerjohn.6952@example.com,Sierra Leone,2022-12-16,Standard,902.29
6953,Lawrence Martin,lmaynard.6953@example.com,Papua New Guinea,2026-04-03,Premium,12352.62
6954,Brian Baxter,tbrown.6954@example.org,Indonesia,2020-12-02,Standard,1039.69
6955,Angela Marshall,ecole.6955@example.net,Kyrgyz Republic,2020-05-09,Premium,4167.53
6956,Rebekah Moore,smithkristi.6956@example.net,Tuvalu,2020-01-11,Basic,626.16
6957,Krista Barnett,alvarezchristian.6957@example.net,Angola,2022-05-21,Premium,5764.38
6958,Jennifer Edwards,geraldallen.6958@example.net,Comoros,2021-04-16,Standard,661.66
6959,Todd Olson,paul17.6959@example.org,Romania,2020-08-11,Basic,679.2
6960,Garrett Drake,rhonda46.6960@example.com,Cocos (Keeling) Islands,2021-07-30,Premium,14638.3
6961,Benjamin Leon,michelemahoney.6961@example.com,Saudi Arabia,2026-07-08,Standard,2345.24
6962,Corey Vaughn,julie15.6962@example.net,Hong Kong,2025-05-08,Standard,1181.01
6963,Faith Brown,jessejenkins.6963@example.com,Vietnam,2020-02-15,Basic,493.95
6964,April Mcgrath,jose52.6964@example.com,Benin,2026-02-13,Standard,2810.14
6965,Robert Curtis,zdiaz.6965@example.com,Nicaragua,2021-05-16,Standard,991.55
6966,Jordan Garcia,orichard.6966@example.net,Tanzania,2022-09-18,Premium,3241.32
6967,Travis Hill,josephparker.6967@example.com,Vietnam,2022-03-11,Standard,678.46
6968,Emily Reed,lhill.6968@example.org,Anguilla,2022-09-16,Standard,2712.91
6969,Angela Meyer,barnettjames.6969@example.com,Armenia,2025-01-31,Standard,988.29
6970,Deanna Dennis,mhurley.6970@example.org,Haiti,2024-10-05,Premium,10842.55
6971,Andrew Montgomery,chanjames.6971@example.com,Myanmar,2023-12-21,Standard,1696.79
6972,Cynthia Black,glennruben.6972@example.com,Saudi Arabia,2024-03-10,Standard,2888.04
6973,Laura Moore,udawson.6973@example.net,Andorra,2024-11-11,Standard,1044.14
6974,Cynthia Lowe,brandon91.6974@example.com,Western Sahara,2021-03-25,Basic,417.11
6975,Kevin Robinson,donnameyers.6975@example.com,Tunisia,2022-08-24,Basic,766.5
6976,Michael Pruitt,vward.6976@example.org,Chile,2020-09-19,Basic,161.08
6977,Susan Lewis,tiffany12.6977@example.net,Turks and Caicos Islands,2024-09-15,Standard,1874.08
6978,Daniel Mclean,pattersonmonica.6978@example.net,Palau,2022-12-04,Standard,378.1
6979,Katherine Ross,josephwilson.6979@example.com,Pitcairn Islands,2024-04-05,Premium,6733.55
6980,Charles Rush,nsmith.6980@example.org,Tonga,2023-10-11,Basic,55.37
6981,Bryce Dennis,joelbautista.6981@example.net,Guyana,2021-10-30,Standard,1124.43
6982,Michael Daniels,christopherbrooks.6982@example.com,Kuwait,2020-12-04,Standard,778.01
6983,Alison Nelson,jenniferjarvis.6983@example.net,Vanuatu,2026-07-03,Standard,2435.56
6984,Ann Wall,andrewsdale.6984@example.com,Mexico,2021-12-17,Basic,370.72
6985,Matthew Roberts,amandabishop.6985@example.org,Hungary,2020-09-24,Basic,324.0
6986,Kyle Smith,lisadavis.6986@example.org,Mali,2022-01-17,Basic,553.86
6987,Tonya Snow,scastaneda.6987@example.net,Northern Mariana Islands,2026-01-12,Standard,2852.16
6988,Terrance Rubio,jhumphrey.6988@example.net,El Salvador,2021-09-30,Standard,1044.32
6989,Jenna Reese,melissagonzalez.6989@example.net,Cayman Islands,2026-08-06,Basic,53.4
6990,Paula Pugh,john45.6990@example.org,Mauritius,2023-01-30,Standard,507.38
6991,Douglas Davis,thomas90.6991@example.com,Jamaica,2025-10-05,Standard,2600.2
6992,Kevin Contreras,jason41.6992@example.org,Antigua and Barbuda,2024-05-13,Standard,2568.39
6993,Kent Chen,lholt.6993@example.com,Ethiopia,2020-04-17,Standard,1531.02
6994,Barbara Sampson,mary83.6994@example.com,Heard Island and McDonald Islands,2023-05-28,Basic,118.11
6995,Dr. Dennis Taylor,samantha89.6995@example.com,Mayotte,2022-10-15,Standard,1674.17
6996,Jessica Reed,manningelizabeth.6996@example.org,Rwanda,2021-05-06,Basic,534.74
6997,Eric Hopkins,garciaroy.6997@example.org,Kiribati,2023-09-05,Basic,265.79
6998,Kimberly Alvarez,qzhang.6998@example.net,Finland,2020-09-08,Standard,431.05
6999,Timothy Savage,breanna26.6999@example.org,Poland,2024-09-01,Premium,7794.95
7000,Anthony Jarvis,adamwalton.7000@example.net,Timor-Leste,2025-06-30,Standard,2133.61
7001,Sarah Wheeler,hicksandrew.7001@example.com,Malaysia,2020-08-13,Standard,2939.43
7002,Mark Smith,georgejohnson.7002@example.org,Romania,2023-03-16,Standard,732.25
7003,Karl Lewis,katrina35.7003@example.net,Saint Lucia,2024-05-18,Basic,731.64
7004,Tina Smith,tracyosborne.7004@example.org,Germany,2020-05-31,Premium,10219.21
7005,Kyle Middleton,johnsonlaura.7005@example.org,Burkina Faso,2022-08-08,Standard,2057.01
7006,Danielle Mccormick,mary99.7006@example.net,Portugal,2021-09-22,Basic,690.96
7007,Ryan Evans,sarah26.7007@example.org,Micronesia,2020-04-05,Basic,445.97
7008,David Barton,foleytaylor.7008@example.net,Bosnia and Herzegovina,2025-05-17,Standard,372.09
7009,Kimberly Hernandez,wrodriguez.7009@example.org,Hong Kong,2022-12-21,Premium,6784.02
7010,Jackie Johnston,hunterpatricia.7010@example.net,Zimbabwe,2025-01-09,Standard,2448.14
7011,Cody Lucas,weaverdave.7011@example.com,Malawi,2023-12-04,Standard,1748.1
7012,Lauren Higgins,chendricks.7012@example.org,Portugal,2025-11-08,Standard,1121.41
7013,Willie Villanueva,becky11.7013@example.com,Dominica,2026-08-31,Standard,1833.24
7014,John Terry DDS,gphillips.7014@example.net,Spain,2024-01-10,Standard,952.0
7015,Katie Boyd,fischerdustin.7015@example.net,Costa Rica,2022-05-09,Standard,874.83
7016,Kimberly Guerrero,kathleen29.7016@example.net,Niue,2022-10-29,Standard,2519.5
7017,Rhonda Dennis,tjones.7017@example.net,Montenegro,2025-07-08,Standard,1320.19
7018,Kevin Gonzales,emily95.7018@example.com,Trinidad and Tobago,2022-11-07,Standard,967.17
7019,Angela Newman,dwilliams.7019@example.org,Samoa,2023-06-23,Standard,1345.69
7020,Stephanie Hanson,halljacob.7020@example.com,Brazil,2021-04-18,Standard,2777.77
7021,Nicole Miller,rwhite.7021@example.org,Gibraltar,2026-08-14,Basic,144.63
7022,Mary Weaver,hfisher.7022@example.net,Azerbaijan,2024-05-08,Standard,718.64
7023,Steven Wilson,vrodriguez.7023@example.com,Tanzania,2022-03-17,Standard,1190.54
7024,Michael Nguyen,cheryl91.7024@example.net,Mozambique,2023-11-29,Standard,369.23
7025,Jenny Dunn,david33.7025@example.com,Fiji,2022-09-06,Basic,59.94
7026,Phillip Smith,christophermccormick.7026@example.com,Bermuda,2021-01-13,Standard,230.74
7027,Danielle Martin,zamoramargaret.7027@example.org,Falkland Islands (Malvinas),2025-11-06,Standard,609.32
7028,Laura Gross,joe65.7028@example.com,Belgium,2025-12-02,Basic,512.31
7029,Shannon Brown,maytony.7029@example.net,Korea,2025-07-31,Premium,5535.67
7030,Stephanie Williams,reedmonique.7030@example.com,Norway,2022-06-18,Standard,1257.81
7031,Linda Johnson,josephmorrison.7031@example.com,Finland,2021-09-18,Standard,2175.64
7032,Aaron Willis,brandon09.7032@example.org,Iran,2020-05-01,Basic,25.46
7033,Wendy Lee,morrisonjacqueline.7033@example.org,Indonesia,2024-11-21,Basic,167.25
7034,James Smith,wlawrence.7034@example.org,United States Virgin Islands,2022-03-11,Premium,19925.99
7035,Robert Bradley,jasminegriffin.7035@example.org,Palau,2025-12-18,Basic,477.57
7036,Jermaine Brown,hramirez.7036@example.org,Bosnia and Herzegovina,2025-10-25,Basic,527.98
7037,Robert Nguyen,xhanson.7037@example.org,Central African Republic,2020-11-09,Standard,1644.93
7038,Mr. Hector Howard MD,fernandezmark.7038@example.net,Nepal,2026-02-17,Standard,2904.5
7039,Nicholas Cook,christopherdiaz.7039@example.net,Turks and Caicos Islands,2020-12-08,Premium,4597.35
7040,Charles Ewing,jonathanford.7040@example.net,Maldives,2023-04-12,Standard,388.64
7041,Shelley Holder,smithcourtney.7041@example.net,Romania,2023-03-03,Standard,2485.27
7042,Robert Johnson,gregorymiller.7042@example.com,Niue,2026-05-24,Basic,3.28
7043,Carrie Rogers,marshallrodney.7043@example.org,Marshall Islands,2024-05-24,Standard,1772.37
7044,Carol Gonzales,millerjoy.7044@example.net,Italy,2025-11-07,Standard,203.95
7045,Zachary Heath,andrademelissa.7045@example.net,Georgia,2023-12-25,Standard,1175.09
7046,Alicia King,josemcdonald.7046@example.net,Palestinian Territory,2025-07-08,Standard,2022.48
7047,Emily Davis,lindareed.7047@example.com,Guadeloupe,2025-09-11,Premium,11851.87
7048,Jessica Beck,kenneth58.7048@example.com,South Georgia and the South Sandwich Islands,2025-09-30,Standard,1767.61
7049,Stephanie Smith,christopher61.7049@example.com,Tanzania,2022-10-02,Premium,4832.23
7050,Shawn Frye,downsdonna.7050@example.com,Grenada,2022-07-21,Standard,1025.25
7051,Matthew Mclean,sarah44.7051@example.net,Cameroon,2026-08-01,Standard,2188.08
7052,Ricardo Burnett,fisherjohn.7052@example.net,Cuba,2025-01-21,Basic,18.64
7053,Howard Hernandez,ellisrichard.7053@example.net,Equatorial Guinea,2026-02-18,Premium,12715.1
7054,Mr. Adam Morse,hunter31.7054@example.com,Guatemala,2023-11-10,Standard,1647.78
7055,Rebecca Kim,garciadavid.7055@example.com,Djibouti,2026-03-18,Standard,1163.08
7056,Jennifer Hunt,cwalker.7056@example.net,Tunisia,2024-10-23,Premium,8025.96
7057,Ricardo Perry,carrollvictoria.7057@example.com,Costa Rica,2024-12-18,Premium,16381.05
7058,Zachary Rubio,michaelmckee.7058@example.org,China,2021-03-10,Standard,1269.59
7059,Christina Mcguire,gcooper.7059@example.org,Jordan,2023-10-16,Standard,423.61
7060,Samantha Knapp,leediana.7060@example.com,Turkmenistan,2024-11-21,Basic,769.63
7061,Dale Hampton,millervanessa.7061@example.net,Bulgaria,2025-02-01,Premium,4346.65
7062,Donald Bright,williamsmark.7062@example.net,Saint Kitts and Nevis,2026-05-27,Basic,637.96
7063,Anna Glass,truiz.7063@example.org,Saint Barthelemy,2022-03-09,Standard,239.04
7064,Michael Robinson,jeffrey11.7064@example.com,Thailand,2022-01-09,Standard,1220.32
7065,Gina Parks,vthompson.7065@example.net,Singapore,2026-06-25,Standard,1642.51
7066,Chris Cooper,amy33.7066@example.com,Swaziland,2026-08-05,Basic,23.83
7067,Jamie Lee,hking.7067@example.com,New Zealand,2021-03-15,Standard,2255.44
7068,Jeffrey Hendrix,jenniferclark.7068@example.org,Rwanda,2022-07-12,Basic,208.47
7069,Angela Haynes,owenscody.7069@example.org,Ukraine,2026-05-04,Standard,1715.27
7070,Nicole Garcia,matthew41.7070@example.org,Bosnia and Herzegovina,2021-05-02,Basic,633.86
7071,Matthew Harrison,sydneyschwartz.7071@example.com,Rwanda,2025-03-27,Basic,472.89
7072,Lori Andrade,watkinskevin.7072@example.net,Ukraine,2020-10-01,Basic,364.49
7073,Gregg Jenkins,ldoyle.7073@example.net,Syrian Arab Republic,2021-03-11,Standard,1141.11
7074,Eric Richardson,garciadavid.7074@example.org,Lesotho,2025-03-31,Basic,36.08
7075,Scott Montgomery,david75.7075@example.com,Western Sahara,2024-01-23,Premium,18434.38
7076,William Anderson,jaredsmith.7076@example.org,Korea,2023-09-16,Standard,1857.41
7077,Mary Lee PhD,powellpaul.7077@example.org,Zimbabwe,2025-09-22,Standard,1968.3
7078,Patrick Hardin,sabrina99.7078@example.net,Bahrain,2022-01-20,Standard,1433.43
7079,Paul Smith,stewartsusan.7079@example.net,South Africa,2023-05-14,Standard,1243.59
7080,David Williams,jessicafisher.7080@example.com,Zambia,2024-01-25,Premium,2839.79
7081,Danielle Williams,lunaclarence.7081@example.net,Armenia,2024-12-11,Standard,673.18
7082,Anthony Rivera,johnsonerin.7082@example.com,Oman,2022-03-21,Premium,9659.87
7083,Kimberly Morales,collinsmatthew.7083@example.com,Guatemala,2024-03-27,Standard,876.77
7084,John Chen,smithamy.7084@example.net,Burkina Faso,2022-12-30,Basic,35.55
7085,Kenneth White,xbarton.7085@example.net,Netherlands Antilles,2023-08-16,Basic,436.81
7086,Joseph Stephens,jacksonkristina.7086@example.org,Vanuatu,2025-10-07,Basic,371.29
7087,Michelle Kelly,vasquezwendy.7087@example.net,Lebanon,2022-08-19,Basic,337.1
7088,Kyle Martin,nedwards.7088@example.net,Montenegro,2024-06-19,Standard,2395.84
7089,Matthew Phillips,scottjoel.7089@example.org,Poland,2026-04-19,Standard,1878.68
7090,Shelby Jones,jonathongreen.7090@example.net,Belarus,2025-02-04,Standard,203.96
7091,Julie Becker,gjohnson.7091@example.com,British Indian Ocean Territory (Chagos Archipelago),2026-08-11,Premium,15714.38
7092,Devin Berry,dustinlewis.7092@example.net,French Guiana,2023-11-25,Standard,1551.25
7093,Rachel Foster,shawn48.7093@example.com,Niger,2021-11-19,Basic,413.45
7094,Bruce Richardson,kevin51.7094@example.net,Burundi,2026-08-17,Standard,2690.8
7095,Daniel Mccormick,scottnicolas.7095@example.org,Belize,2024-04-23,Basic,87.38
7096,Douglas Sanders,jimmy82.7096@example.com,Western Sahara,2021-08-12,Premium,12789.27
7097,Patrick Bean,jasonburke.7097@example.com,Uruguay,2022-02-13,Basic,225.73
7098,Jessica Combs,paularamsey.7098@example.org,Algeria,2021-10-02,Standard,302.79
7099,Claudia Acevedo,cbauer.7099@example.net,Philippines,2025-07-28,Basic,349.91
7100,Cindy Ross,phoffman.7100@example.net,Indonesia,2020-08-14,Standard,994.12
7101,Ruth Miller,brentmendoza.7101@example.org,Palestinian Territory,2024-12-11,Standard,204.18
7102,Angela Pittman,anamoore.7102@example.net,Cote d'Ivoire,2023-09-14,Standard,1580.25
7103,Mark Morris,alexander39.7103@example.net,Algeria,2020-06-28,Standard,1071.15
7104,Brandon Perry,benjamin81.7104@example.com,Kuwait,2024-02-06,Standard,1415.55
7105,Todd Molina,randall62.7105@example.org,Vanuatu,2025-01-13,Premium,2211.16
7106,Robert Clayton,emilyhutchinson.7106@example.org,United Arab Emirates,2024-11-07,Standard,1324.99
7107,Ryan Adams,joseph56.7107@example.com,Netherlands,2023-07-14,Basic,376.32
7108,David Brady,pcooper.7108@example.org,Ecuador,2022-03-30,Standard,1504.86
7109,Matthew Taylor,marc45.7109@example.org,United States of America,2021-02-04,Standard,2207.39
7110,Tina Liu,anita31.7110@example.org,Ecuador,2020-01-30,Basic,793.03
7111,Zachary Miles,spencerabigail.7111@example.net,Palau,2022-05-28,Standard,278.01
7112,Ellen Jones,edwardwilliams.7112@example.net,Luxembourg,2024-03-23,Basic,316.82
7113,Robert Moon,yrussell.7113@example.net,Pitcairn Islands,2020-04-01,Standard,2598.81
7114,Kristen Gray,mharrell.7114@example.net,Ireland,2026-09-04,Standard,1951.95
7115,Linda Hinton,rroberts.7115@example.org,Liberia,2023-12-01,Premium,19704.83
7116,Jennifer Diaz,swalker.7116@example.com,Switzerland,2021-12-20,Premium,14841.49
7117,Gary Lopez,brittany12.7117@example.org,British Indian Ocean Territory (Chagos Archipelago),2026-06-07,Standard,2227.89
7118,David Jordan,matthewking.7118@example.org,Cyprus,2021-03-25,Basic,60.87
7119,Jeffrey Roberts,ebrown.7119@example.net,Cote d'Ivoire,2026-05-27,Premium,6954.59
7120,Nicholas Browning,adamsgregory.7120@example.org,Greenland,2021-11-19,Basic,467.05
7121,Darren Garcia,wwhite.7121@example.com,Sudan,2022-07-16,Standard,1662.7
7122,Rodney Larson,natasha55.7122@example.org,South Georgia and the South Sandwich Islands,2022-11-04,Standard,2335.26
7123,Joel Hernandez,alexander83.7123@example.net,Monaco,2026-08-26,Basic,794.93
7124,Nicholas Patel,kimberly93.7124@example.net,Monaco,2021-09-04,Basic,165.44
7125,Annette Ross,gwalter.7125@example.net,Philippines,2026-07-03,Standard,1399.52
7126,Eric Gonzalez,shelia28.7126@example.com,Germany,2022-04-27,Standard,2627.15
7127,David Potts,donnafrancis.7127@example.com,Bhutan,2021-11-27,Premium,17086.69
7128,Joe Martin,ocalderon.7128@example.net,United States Minor Outlying Islands,2024-04-07,Standard,2488.14
7129,Mandy Bailey,janice00.7129@example.net,Cocos (Keeling) Islands,2024-08-21,Basic,496.31
7130,Cristina Browning,linda07.7130@example.net,Lebanon,2022-04-22,Standard,2980.94
7131,Teresa Barton,williamsjose.7131@example.com,Anguilla,2020-11-23,Standard,1202.13
7132,Kelly Schultz,michelle24.7132@example.net,Gambia,2022-08-25,Premium,4093.31
7133,Michael Villarreal,saundersvictor.7133@example.org,United States of America,2023-08-12,Standard,571.17
7134,Angela Wolfe,kfreeman.7134@example.com,Iran,2020-04-07,Standard,1419.94
7135,Mark Aguilar,denniswilson.7135@example.net,Niue,2020-07-11,Standard,2453.86
7136,Michael Bradford,sandersalexandra.7136@example.net,Portugal,2026-02-19,Standard,1467.97
7137,Lauren Ruiz,jerrynorman.7137@example.net,Norway,2020-03-28,Basic,489.11
7138,Laura Wang DVM,torresrebecca.7138@example.net,Gabon,2022-09-20,Basic,286.42
7139,Ryan Ramirez MD,tannerblackburn.7139@example.com,Dominican Republic,2025-02-08,Standard,2201.53
7140,Victor Peters,aramirez.7140@example.net,Sweden,2022-03-12,Premium,4756.55
7141,David Jones,charris.7141@example.org,Romania,2023-04-23,Basic,416.09
7142,Robert Ewing,davisrichard.7142@example.net,Burundi,2020-07-30,Basic,148.1
7143,Elizabeth Kelley,chad71.7143@example.com,Germany,2025-04-24,Basic,374.87
7144,Carrie Miller,rlittle.7144@example.net,British Virgin Islands,2024-03-28,Standard,1405.38
7145,Melissa Glover,johnsondiane.7145@example.net,Montserrat,2025-09-10,Premium,12882.12
7146,Amber Miller,nelsonbrian.7146@example.org,Korea,2025-10-10,Basic,407.64
7147,Laura Davis,taylor81.7147@example.com,Namibia,2022-05-06,Standard,2932.08
7148,Barry Scott,olivia38.7148@example.org,Spain,2020-04-10,Standard,2720.87
7149,Warren Curry,josechan.7149@example.net,Aruba,2022-04-25,Standard,1023.42
7150,Nicholas Ortiz,stevenschneider.7150@example.com,France,2020-12-20,Standard,539.3
7151,Amy Jackson,markwhite.7151@example.com,Nigeria,2023-07-26,Standard,381.3
7152,Jared Obrien,sotomadison.7152@example.net,Bulgaria,2020-12-23,Standard,754.38
7153,Carlos Molina,webbholly.7153@example.net,Dominica,2026-03-01,Standard,821.9
7154,Katie Jenkins,cortezalexandra.7154@example.com,Puerto Rico,2024-01-10,Standard,2688.31
7155,David Gonzales,jareddickson.7155@example.net,Guyana,2021-09-09,Premium,18647.14
7156,Curtis Palmer,dunnashley.7156@example.net,Gibraltar,2026-02-27,Basic,184.38
7157,Charles Turner,mgraves.7157@example.net,Afghanistan,2025-02-22,Standard,2324.45
7158,James Montes,shannongonzalez.7158@example.net,Saint Barthelemy,2022-12-05,Standard,2540.14
7159,Sierra Aguirre,christine41.7159@example.net,Kuwait,2020-12-23,Standard,1257.03
7160,Steven Schultz,bakerstanley.7160@example.org,Chad,2022-04-19,Standard,2640.46
7161,Joshua Lloyd,bshannon.7161@example.com,Bulgaria,2023-11-27,Standard,2968.23
7162,Michael Jackson,francesthomas.7162@example.net,Latvia,2025-02-13,Premium,19420.31
7163,Derrick Edwards,fishertimothy.7163@example.net,Germany,2021-10-01,Basic,593.53
7164,Barbara Palmer,adamhernandez.7164@example.org,Bosnia and Herzegovina,2024-12-18,Premium,8689.93
7165,Sabrina Ayala,nhanson.7165@example.com,United Kingdom,2021-11-21,Basic,181.6
7166,Darin Green III,jenniferhernandez.7166@example.org,United Arab Emirates,2021-08-25,Standard,2980.04
7167,Taylor Contreras,hatkinson.7167@example.org,Equatorial Guinea,2022-12-27,Premium,6971.14
7168,Cheryl Thompson,amber22.7168@example.org,Wallis and Futuna,2021-01-27,Standard,1427.47
7169,Jill Williams,roger61.7169@example.net,Russian Federation,2022-09-15,Standard,939.55
7170,Susan Allen,mirandaricardo.7170@example.org,Denmark,2022-05-23,Basic,396.9
7171,Melanie White,szuniga.7171@example.com,Slovakia (Slovak Republic),2021-11-14,Basic,88.3
7172,Christian Johnson,melvin54.7172@example.com,Austria,2025-03-09,Standard,2465.36
7173,Patricia Martin,veronica99.7173@example.com,China,2022-03-21,Standard,1614.3
7174,David Heath,christina73.7174@example.org,Haiti,2024-08-24,Basic,335.6
7175,Sarah Thomas,warrenkrista.7175@example.com,Australia,2024-10-24,Standard,1216.8
7176,Danielle Fowler,rossadam.7176@example.net,Korea,2024-06-14,Standard,1823.4
7177,Karen Cox,bsanchez.7177@example.net,Madagascar,2021-10-19,Standard,2383.69
7178,Susan Stewart,bonnie77.7178@example.org,Tajikistan,2025-07-18,Standard,2727.17
7179,Kathleen Cordova,jeremycook.7179@example.org,Argentina,2021-07-31,Basic,673.21
7180,Tonya Harrington,johncummings.7180@example.net,Azerbaijan,2021-11-07,Standard,1447.44
7181,Tiffany Jackson,samuel47.7181@example.com,Wallis and Futuna,2025-11-06,Basic,667.19
7182,Mark Moore,hernandezerica.7182@example.org,Mauritius,2022-04-09,Standard,1680.12
7183,Dennis Anderson,suarezlauren.7183@example.com,Korea,2024-08-29,Standard,1986.9
7184,Blake Rosales,ronald73.7184@example.com,Puerto Rico,2020-04-13,Standard,2088.77
7185,Michael Gibson,brownsean.7185@example.net,Tunisia,2024-02-09,Basic,319.75
7186,Jody Torres,timothy51.7186@example.org,French Southern Territories,2025-10-22,Standard,1560.95
7187,Rachel Henry MD,heather98.7187@example.net,Iran,2024-09-26,Basic,554.07
7188,Amy Smith,hburton.7188@example.net,Chad,2023-11-23,Standard,1062.2
7189,Monica Good,tracey92.7189@example.org,Algeria,2025-09-04,Standard,2291.36
7190,William Chan,jeffreymartinez.7190@example.net,Romania,2021-12-29,Basic,283.28
7191,Amy Larsen,kristy03.7191@example.net,Malawi,2022-07-09,Basic,468.39
7192,Thomas Alexander,leemike.7192@example.org,Cyprus,2020-06-18,Standard,2545.34
7193,Alyssa Hampton,hernandezjennifer.7193@example.com,Micronesia,2024-09-01,Basic,18.56
7194,Ryan Knight,wiseamber.7194@example.net,Denmark,2024-11-01,Standard,872.95
7195,Karen Williams,heathermay.7195@example.org,Nauru,2025-01-08,Premium,12101.02
7196,Sarah Foster,rebeccayoung.7196@example.net,Tunisia,2025-01-02,Basic,84.88
7197,Jeffrey Stevens,sotorobert.7197@example.org,Israel,2020-11-07,Basic,164.48
7198,James Jones,rebeccatate.7198@example.net,Montserrat,2024-06-14,Premium,15483.61
7199,Melissa Rush,amy70.7199@example.com,San Marino,2025-02-07,Basic,20.66
7200,Laurie Wilson,qbradford.7200@example.com,Guernsey,2021-05-12,Standard,1908.1
7201,Richard Thompson,williamsmatthew.7201@example.net,Grenada,2023-03-09,Basic,27.33
7202,Nicole Fox MD,vperez.7202@example.org,Macao,2026-02-08,Basic,92.74
7203,Nicholas Pennington,gregory30.7203@example.org,Uzbekistan,2022-10-09,Basic,312.27
7204,Michael Kirby,toddescobar.7204@example.com,Chile,2025-01-13,Basic,771.81
7205,Benjamin Martinez,uosborne.7205@example.net,Ethiopia,2023-07-19,Basic,436.68
7206,Cynthia Moore,justinchandler.7206@example.com,Kyrgyz Republic,2024-05-25,Standard,1074.23
7207,John Owens,ysherman.7207@example.net,Palau,2024-03-09,Standard,1351.71
7208,Tiffany Sellers,richard53.7208@example.net,Greenland,2024-05-08,Standard,1792.56
7209,Rebecca Hall,wmitchell.7209@example.org,Portugal,2025-03-18,Basic,495.53
7210,Jeffery Roberts DVM,mharrington.7210@example.net,Solomon Islands,2026-01-17,Premium,6822.26
7211,Mr. Randy Nguyen,christinacunningham.7211@example.com,Saudi Arabia,2021-12-23,Basic,157.84
7212,Adam Johnson,sloanveronica.7212@example.org,Thailand,2026-03-16,Standard,1586.87
7213,Brooke Ortiz,hfernandez.7213@example.net,Lesotho,2024-03-13,Basic,515.88
7214,Christine White,chad87.7214@example.net,Ghana,2023-12-25,Standard,2486.42
7215,Michael Martin,quinnchristopher.7215@example.org,Tunisia,2022-03-11,Basic,474.24
7216,Molly Campbell,deborah54.7216@example.net,Finland,2022-10-14,Basic,553.95
7217,Michelle Copeland,cvalentine.7217@example.net,French Guiana,2024-05-10,Standard,1555.14
7218,Jason Myers,laura71.7218@example.com,Iceland,2022-06-07,Standard,1786.81
7219,Sean Becker,kcarroll.7219@example.net,Honduras,2021-12-02,Standard,1979.25
7220,Cheryl Bennett,robinsonroy.7220@example.net,Swaziland,2025-06-23,Basic,189.06
7221,Kimberly Holmes,loganle.7221@example.org,Sierra Leone,2022-10-11,Basic,747.26
7222,William Thompson,melliott.7222@example.org,Belize,2024-04-23,Standard,1166.95
7223,Ashley Hamilton,rachelrobinson.7223@example.net,Belarus,2020-03-17,Premium,12884.39
7224,Frederick Monroe,thompsonrebecca.7224@example.org,Bosnia and Herzegovina,2020-07-07,Standard,1770.67
7225,Donna Freeman,jamesbarnes.7225@example.net,Cocos (Keeling) Islands,2025-09-02,Premium,17360.22
7226,Ariana Jackson,nicoleporter.7226@example.org,Turks and Caicos Islands,2020-12-13,Basic,90.88
7227,William Fernandez,brianbaker.7227@example.org,Macao,2025-04-27,Standard,2675.85
7228,Jason Buck,hernandeztimothy.7228@example.net,Panama,2026-01-07,Basic,109.61
7229,Katherine Carlson,bpalmer.7229@example.org,Ethiopia,2023-03-21,Basic,115.62
7230,Daniel Perry,gilbertjason.7230@example.com,Tuvalu,2025-11-29,Basic,689.8
7231,Jamie Elliott,alyssa41.7231@example.net,Togo,2022-11-09,Standard,919.89
7232,April Griffith,hawkinslisa.7232@example.org,Faroe Islands,2026-05-13,Standard,1913.0
7233,Terry Baker,ybell.7233@example.net,Holy See (Vatican City State),2021-08-02,Basic,370.89
7234,Robert Perkins,wryan.7234@example.net,Croatia,2022-11-10,Basic,747.41
7235,Christopher Chavez,brian10.7235@example.com,Suriname,2022-08-07,Basic,625.67
7236,Mary Flores,vmartin.7236@example.com,Brunei Darussalam,2025-03-29,Standard,1137.98
7237,Mary Mercado,matthewwright.7237@example.net,Colombia,2020-04-16,Premium,16641.93
7238,Laura Diaz,rjackson.7238@example.com,Germany,2025-07-15,Basic,180.63
7239,Casey King,wrightalexander.7239@example.net,Japan,2020-02-27,Basic,492.46
7240,Jessica Washington,jrasmussen.7240@example.org,Comoros,2022-02-09,Standard,2304.43
7241,Joshua Morales,moyerluis.7241@example.org,Cocos (Keeling) Islands,2023-12-26,Basic,562.53
7242,Michael Huff,nfischer.7242@example.com,Argentina,2020-12-20,Premium,13820.28
7243,Victor Rodriguez,uclark.7243@example.org,Iceland,2023-04-11,Standard,2523.91
7244,Michael Kelly,amanda36.7244@example.org,El Salvador,2026-08-31,Standard,1757.38
7245,Lisa Reyes,sheltonian.7245@example.org,Andorra,2025-07-03,Standard,2799.37
7246,Mark Duncan,julie48.7246@example.com,Sri Lanka,2020-03-14,Standard,605.47
7247,Michael Taylor,amandahood.7247@example.net,Nauru,2023-12-16,Standard,1195.98
7248,Patricia Humphrey,theresaorr.7248@example.org,Malawi,2023-12-29,Standard,2392.38
7249,Nancy Bell,nlopez.7249@example.org,El Salvador,2020-06-15,Standard,1062.56
7250,Rebecca Baker,estuart.7250@example.org,Guadeloupe,2024-05-06,Standard,1440.26
7251,Javier Kane,tuckercatherine.7251@example.org,Turkmenistan,2023-06-26,Standard,2364.06
7252,Thomas Jones,,Turks and Caicos Islands,2024-07-22,Basic,430.86
7253,Jennifer Williams,sean96.7253@example.org,Mauritania,2021-12-27,Standard,725.33
7254,Cheyenne Kennedy,vward.7254@example.net,Netherlands Antilles,2021-09-16,Standard,689.55
7255,Jason Reid,ggamble.7255@example.org,Nigeria,2024-12-02,Premium,7422.18
7256,Nicole Romero,grivera.7256@example.net,Kiribati,2024-10-28,Basic,242.41
7257,Martin Mcknight,dawn73.7257@example.org,Serbia,2021-01-29,Basic,109.34
7258,Julia Sanders,kelly74.7258@example.com,Mali,2021-06-12,Basic,667.73
7259,Joshua Brooks,joan88.7259@example.net,Israel,2023-12-02,Basic,226.1
7260,Elizabeth Mccann,karen32.7260@example.com,Barbados,2025-07-17,Standard,2446.29
7261,Bradley Day,ronald27.7261@example.com,Svalbard & Jan Mayen Islands,2021-05-07,Basic,778.76
7262,Angela Brown,zmartin.7262@example.net,Heard Island and McDonald Islands,2021-06-19,Standard,1129.49
7263,Justin Scott,shannonmorton.7263@example.org,Dominica,2025-05-26,Basic,776.18
7264,Tammy Williams,hendersonkathleen.7264@example.com,Poland,2024-08-28,Basic,152.96
7265,Cynthia Cook,kwalters.7265@example.org,Puerto Rico,2026-01-12,Basic,517.96
7266,Brandon Perkins,zacharyharris.7266@example.org,Pakistan,2025-03-28,Standard,2975.3
7267,Melissa Shaw,michaelmitchell.7267@example.com,Vietnam,2026-05-16,Standard,2463.44
7268,Frank Green,julieeverett.7268@example.com,New Zealand,2021-04-06,Standard,843.16
7269,Alex Hernandez,xmoon.7269@example.org,Mauritania,2021-10-26,Standard,920.53
7270,Jennifer Sweeney,smithandrew.7270@example.org,Lao People's Democratic Republic,2021-08-04,Basic,209.94
7271,Elizabeth Weber,romerowilliam.7271@example.com,Romania,2020-05-15,Basic,754.39
7272,Paula Reed,myersterri.7272@example.com,Cameroon,2025-03-17,Standard,887.15
7273,Brittany Hess,sarah25.7273@example.org,Montserrat,2024-06-04,Basic,407.69
7274,William Baird,,Cayman Islands,2020-07-29,Standard,1179.69
7275,Nichole Odonnell,ljones.7275@example.com,Honduras,2021-04-28,Standard,1211.55
7276,Alexander Wilkins,keithobrien.7276@example.org,Australia,2021-04-10,Standard,1343.01
7277,Paul Knox,candrade.7277@example.org,Gambia,2022-09-10,Standard,1166.13
7278,Susan Baker MD,osmith.7278@example.com,Samoa,2023-01-17,Basic,479.94
7279,Toni Walker,albert83.7279@example.org,Togo,2021-12-06,Basic,340.38
7280,Mr. Russell Mitchell DDS,melissa34.7280@example.net,Taiwan,2026-03-21,Basic,352.81
7281,Justin Doyle,shaungarcia.7281@example.org,Puerto Rico,2021-06-03,Standard,1616.78
7282,Trevor Lynch,krice.7282@example.net,Korea,2023-10-04,Standard,1197.3
7283,Christopher Fox,stephanieanderson.7283@example.net,Qatar,2022-12-05,Standard,2312.77
7284,Mary Lucero,xlewis.7284@example.com,Bangladesh,2022-08-04,Standard,1609.75
7285,Deborah Rhodes,carlburke.7285@example.net,Saint Barthelemy,2025-07-09,Standard,1625.79
7286,Tony Miller,david35.7286@example.net,Montserrat,2026-07-17,Standard,787.57
7287,George Mccarty PhD,kdiaz.7287@example.net,Equatorial Guinea,2020-01-15,Basic,24.67
7288,Charles Spears,erica99.7288@example.org,Albania,2023-02-06,Standard,2465.97
7289,Karen Welch,benjaminjuarez.7289@example.net,Barbados,2020-10-17,Basic,684.39
7290,Terri Jones,maryreid.7290@example.org,Zimbabwe,2022-11-25,Standard,875.49
7291,John Ruiz,ballardadam.7291@example.com,Cambodia,2024-02-15,Standard,1208.09
7292,Emily Thompson,williamsbruce.7292@example.com,Philippines,2022-10-02,Basic,286.41
7293,Luis Cisneros,jasmine86.7293@example.org,Norway,2022-01-24,Basic,547.37
7294,Gregory Atkins,lindsay41.7294@example.com,Luxembourg,2022-02-01,Basic,149.79
7295,Rhonda Jenkins,carolinethomas.7295@example.org,Montserrat,2022-01-02,Basic,782.97
7296,Jose Vasquez,owensalbert.7296@example.com,Saint Barthelemy,2022-03-06,Standard,373.21
7297,Justin Whitehead,matthewwarren.7297@example.net,Papua New Guinea,2022-07-02,Basic,779.01
7298,John Williams,christopher52.7298@example.org,Mali,2024-08-06,Basic,55.03
7299,Joel Wright,heidimcdaniel.7299@example.com,Chile,2020-08-22,Standard,1089.04
7300,Elizabeth Hansen,matthew82.7300@example.com,Cape Verde,2020-04-09,Premium,6512.48
7301,Jeffery Mueller,kfarmer.7301@example.org,Gabon,2023-06-15,Standard,926.98
7302,Stephanie Hall,stanleyvalenzuela.7302@example.net,Afghanistan,2024-07-22,Basic,795.74
7303,Jack Maxwell,greenstacy.7303@example.com,Antarctica (the territory South of 60 deg S),2021-09-23,Basic,366.68
7304,Stephanie Miller,alyssabauer.7304@example.com,Germany,2021-05-06,Basic,95.61
7305,Robin Martinez,bryanrichards.7305@example.org,Venezuela,2024-03-05,Standard,2950.38
7306,Phillip Silva,hilljoseph.7306@example.org,Austria,2022-07-27,Premium,6367.98
7307,Melissa Brown,loriwilliams.7307@example.net,Marshall Islands,2024-12-02,Standard,403.13
7308,Joseph Brooks,zwiley.7308@example.net,Mali,2020-12-23,Standard,267.71
7309,Joseph Mcdonald,eric52.7309@example.com,Haiti,2020-10-22,Premium,10338.15
7310,Lauren Snyder,sskinner.7310@example.com,Guam,2023-09-11,Premium,18529.98
7311,Jason Alexander,millerjason.7311@example.com,New Zealand,2022-08-16,Premium,2305.29
7312,Anthony Woodward,devin22.7312@example.org,Guinea,2024-11-16,Standard,2230.49
7313,Joanna Barker,jamesconner.7313@example.com,Cocos (Keeling) Islands,2023-05-20,Basic,208.34
7314,Stanley Cole,simonjackie.7314@example.net,Cyprus,2022-05-16,Standard,813.37
7315,James Sanford,thompsonbrent.7315@example.net,Honduras,2021-01-24,Standard,2170.61
7316,Gregory Robinson,karenvang.7316@example.com,Lao People's Democratic Republic,2021-02-03,Standard,2294.05
7317,Claudia Marks,crystaldurham.7317@example.com,Saint Barthelemy,2025-01-19,Basic,447.21
7318,Jordan Lara,iflores.7318@example.com,Guinea-Bissau,2021-07-07,Basic,161.8
7319,Haley Walsh DDS,sandra69.7319@example.net,Liechtenstein,2023-05-11,Standard,217.66
7320,Jordan Flores MD,cynthiabowman.7320@example.net,Bosnia and Herzegovina,2025-06-20,Basic,589.82
7321,Michelle Russell,elizabeth42.7321@example.net,Lao People's Democratic Republic,2026-01-01,Basic,479.69
7322,Evan Miller,bwilson.7322@example.com,Venezuela,2021-10-15,Standard,1383.13
7323,Timothy Drake,stacey55.7323@example.org,Niue,2020-09-24,Standard,798.03
7324,Stacey Miller,hartrichard.7324@example.net,Moldova,2025-03-06,Standard,2333.42
7325,Cameron Bryant,browncharles.7325@example.net,Algeria,2024-08-05,Standard,398.51
7326,Bruce Chang,danielnicole.7326@example.net,Chile,2022-03-19,Standard,1999.57
7327,Vanessa Strickland,jacob60.7327@example.com,Iraq,2023-12-20,Standard,2127.52
7328,Gene Hernandez,abutler.7328@example.com,Iraq,2021-04-05,Standard,825.12
7329,Elizabeth West,jessicarowe.7329@example.net,Mozambique,2024-09-07,Standard,1553.31
7330,Brian Shepard DDS,schwartzelizabeth.7330@example.org,Slovenia,2024-11-11,Standard,1656.56
7331,Brenda Mays,daviddodson.7331@example.com,Dominican Republic,2022-01-01,Standard,1855.59
7332,Kristy Colon,romanjames.7332@example.com,Bahamas,2023-02-18,Premium,18221.38
7333,Reginald Miller,robert43.7333@example.org,Azerbaijan,2022-03-26,Standard,1729.96
7334,Kelly Hughes,mary63.7334@example.org,Tuvalu,2020-03-17,Standard,388.49
7335,Kathleen Ayers,psavage.7335@example.org,Cote d'Ivoire,2020-11-06,Basic,275.98
7336,Colton Payne,andrew54.7336@example.com,Cyprus,2026-06-02,Standard,1959.32
7337,Timothy Carpenter,hernandezkelly.7337@example.com,Congo,2023-01-18,Premium,7996.53
7338,Alison Peterson,madeline35.7338@example.net,Puerto Rico,2020-12-26,Premium,15822.92
7339,Karen Santos,colemelissa.7339@example.com,Taiwan,2020-04-18,Standard,731.74
7340,Jason Vaughn,oholt.7340@example.net,Comoros,2022-05-13,Premium,4574.09
7341,Diana Santos,phillipsmason.7341@example.org,Slovakia (Slovak Republic),2026-07-28,Standard,846.89
7342,Jessica Patel,xrivas.7342@example.org,El Salvador,2022-07-28,Standard,2653.04
7343,Amy Anderson,elizabeth84.7343@example.com,Kenya,2026-09-06,Basic,544.75
7344,Julian Brown,rkrause.7344@example.org,Saudi Arabia,2023-04-10,Standard,1656.14
7345,Kevin Potter,isawyer.7345@example.com,Saint Lucia,2025-02-08,Premium,7406.07
7346,Leah Sullivan,jonathan45.7346@example.org,Liechtenstein,2025-04-02,Standard,2772.05
7347,Jason Cummings,danielle10.7347@example.net,French Polynesia,2020-03-09,Basic,711.02
7348,Kelly Jackson,maryburns.7348@example.org,Kenya,2020-01-15,Standard,1318.32
7349,Mrs. Melissa Cunningham,whitney23.7349@example.com,Korea,2026-03-02,Basic,602.18
7350,Tracy Combs,tiffanyodom.7350@example.com,Pakistan,2026-03-27,Standard,2757.98
7351,Clinton Mcpherson,gabrielhurst.7351@example.org,Kiribati,2020-11-19,Premium,7640.36
7352,Cheryl Holmes,zgreen.7352@example.net,Liechtenstein,2024-04-26,Standard,1120.41
7353,Stephen Hobbs,robinsonthomas.7353@example.org,Rwanda,2026-03-05,Basic,436.65
7354,Bradley Vega,ichandler.7354@example.org,Niue,2026-05-10,Basic,326.69
7355,Alexandria Hernandez,tiffanysolomon.7355@example.org,Panama,2021-12-24,Basic,609.18
7356,Kimberly Davidson,dean03.7356@example.org,Micronesia,2025-06-19,Standard,1703.4
7357,Beth Edwards,nathan35.7357@example.org,Saint Lucia,2024-04-27,Basic,169.48
7358,Keith Bowman,mallen.7358@example.com,Comoros,2026-03-15,Standard,1197.88
7359,Tami Jensen,gsavage.7359@example.com,New Caledonia,2020-12-24,Standard,2079.47
7360,Daniel Schneider,uweaver.7360@example.net,Georgia,2024-01-07,Standard,349.62
7361,James Crawford,laurie53.7361@example.net,Liechtenstein,2020-02-29,Basic,273.73
7362,Matthew Fox,bonnie28.7362@example.org,India,2022-05-22,Standard,245.07
7363,Edwin Mcguire,sandersrobert.7363@example.org,Sudan,2020-01-28,Standard,2498.43
7364,Jamie Jackson,morrisonconnor.7364@example.com,New Caledonia,2022-12-17,Standard,528.13
7365,Deanna Berry,wbryant.7365@example.com,Barbados,2025-06-03,Standard,416.17
7366,Johnny Gomez,nicole65.7366@example.net,Cocos (Keeling) Islands,2024-05-25,Premium,16158.67
7367,Vanessa Vance,oolson.7367@example.net,Kuwait,2022-02-12,Basic,71.61
7368,Debbie Diaz,linda51.7368@example.org,Chad,2022-11-08,Premium,14316.73
7369,Gary Cook,jeffreyestrada.7369@example.com,Martinique,2022-06-16,Standard,1263.62
7370,Linda Huerta,,Libyan Arab Jamahiriya,2024-11-21,Standard,2500.76
7371,William Fuentes,kjohnson.7371@example.com,Paraguay,2021-10-12,Standard,711.98
7372,Melinda Hall,rmiller.7372@example.net,Uruguay,2020-08-12,Standard,436.37
7373,Sarah Perkins,jonathan46.7373@example.com,Saint Vincent and the Grenadines,2023-05-22,Standard,839.54
7374,Luis Aguirre,williamhernandez.7374@example.net,Norway,2025-07-19,Standard,2809.98
7375,Mary Austin,sarasosa.7375@example.com,Maldives,2023-03-11,Standard,2521.54
7376,Matthew Fisher,christophergross.7376@example.net,Portugal,2021-05-13,Basic,228.63
7377,Dr. Sydney Gonzalez,nina47.7377@example.net,Afghanistan,2020-04-22,Standard,777.12
7378,David Hood,fbrown.7378@example.org,Panama,2026-04-24,Standard,639.16
7379,Miguel Owens,phillipmorrison.7379@example.net,Azerbaijan,2025-01-31,Basic,176.96
7380,Debra Cardenas,cooperjennifer.7380@example.net,Guernsey,2021-01-14,Standard,774.12
7381,Michelle Wolfe,chris19.7381@example.net,Martinique,2020-06-29,Basic,710.55
7382,James Collins,diane11.7382@example.com,Cambodia,2020-11-11,Basic,15.99
7383,Christopher Jackson,scollins.7383@example.com,Pitcairn Islands,2022-07-08,Basic,704.1
7384,Colleen Stevens,melissa89.7384@example.net,Monaco,2025-06-05,Standard,315.99
7385,Courtney Miller,williamsjoe.7385@example.com,Montenegro,2021-01-25,Basic,661.47
7386,Dawn Johnson,johnsonlarry.7386@example.net,Senegal,2025-06-22,Standard,1392.09
7387,Debbie Pena,smalltabitha.7387@example.net,Morocco,2020-01-05,Standard,416.18
7388,George Hunt,zsantana.7388@example.org,Algeria,2024-12-09,Basic,639.2
7389,Patricia Mclaughlin,dkim.7389@example.com,Guinea-Bissau,2021-11-20,Standard,918.03
7390,Angel Davenport,ngeorge.7390@example.com,Faroe Islands,2026-06-03,Basic,702.42
7391,Laura Mason,julierice.7391@example.org,Sri Lanka,2023-03-08,Standard,2306.32
7392,Nathan Barnes,nross.7392@example.net,Serbia,2021-10-22,Premium,19671.87
7393,Keith Johnson,charles21.7393@example.org,Netherlands,2021-08-16,Standard,2529.24
7394,Charles Cook,katherinewilliams.7394@example.com,India,2025-07-11,Basic,192.77
7395,Ryan Downs,jennifer36.7395@example.org,South Africa,2022-09-11,Standard,1345.8
7396,Ryan Martin,ubrown.7396@example.com,Niger,2022-05-09,Basic,557.3
7397,Andrew Owen MD,tyler54.7397@example.net,Equatorial Guinea,2024-12-01,Standard,1084.98
7398,Kayla Riggs,ywilson.7398@example.net,Somalia,2023-08-05,Basic,437.2
7399,Kathryn Spencer,richard01.7399@example.com,Senegal,2024-06-09,Standard,865.41
7400,Faith Quinn,ygibson.7400@example.com,Gambia,2022-12-24,Basic,530.36
7401,Amanda May,zmiranda.7401@example.org,Venezuela,2020-06-05,Standard,1157.98
7402,Nicholas Wright,baxterashley.7402@example.org,Mauritius,2020-01-15,Standard,354.5
7403,Sherry Leon,ojoyce.7403@example.com,France,2020-04-05,Basic,774.22
7404,James Gonzalez,michellefranco.7404@example.net,Saint Pierre and Miquelon,2023-11-03,Premium,17190.26
7405,Jeffrey Medina,craigshannon.7405@example.com,Mayotte,2023-06-08,Standard,1050.41
7406,Amanda Copeland,bryantstephanie.7406@example.org,Guadeloupe,2024-12-30,Basic,103.7
7407,James Molina,mark56.7407@example.com,India,2025-12-24,Basic,588.18
7408,Malik Hogan,theresaarnold.7408@example.org,Sudan,2021-03-02,Basic,176.54
7409,Tracy White,nicoleclark.7409@example.org,Azerbaijan,2026-05-26,Basic,484.36
7410,Charlene Johnson,travisbrady.7410@example.net,Norway,2026-03-25,Basic,623.26
7411,Nathan Sexton,thart.7411@example.net,Bermuda,2024-02-13,Standard,962.79
7412,Laura Huynh,jesserogers.7412@example.com,Cuba,2023-07-19,Standard,996.98
7413,Adam White,tsoto.7413@example.net,Bulgaria,2021-03-07,Basic,49.29
7414,Jeremy Manning,christinebarron.7414@example.org,Gibraltar,2021-03-11,Basic,255.88
7415,Stacy Williams,tkhan.7415@example.org,Saint Kitts and Nevis,2020-02-15,Premium,12754.12
7416,Wayne Holden,mmccarthy.7416@example.net,Netherlands,2024-04-26,Standard,636.23
7417,Nicole Hanson,amandagonzalez.7417@example.com,Mayotte,2022-11-23,Standard,2868.63
7418,Adrian Smith,kendrahoffman.7418@example.org,Poland,2021-04-13,Basic,577.93
7419,Nicole Burgess,sheilahart.7419@example.org,Syrian Arab Republic,2020-11-22,Standard,770.92
7420,Amy Porter,sherylsullivan.7420@example.com,Isle of Man,2020-06-04,Basic,424.49
7421,Michael Flores,obriennicole.7421@example.com,Botswana,2024-04-14,Basic,313.15
7422,Lindsey Stanley,breweralexander.7422@example.net,Canada,2024-07-31,Standard,1270.59
7423,Natalie Riley,frankyoung.7423@example.net,United States Minor Outlying Islands,2024-03-22,Standard,1767.97
7424,Bridget Brown,jennifer89.7424@example.org,South Africa,2020-09-27,Standard,502.82
7425,Tamara Castillo,forbesanita.7425@example.net,Denmark,2020-04-10,Standard,802.88
7426,Kathleen Barajas,jessicathomas.7426@example.net,Kazakhstan,2020-09-16,Standard,619.1
7427,Aaron Potts,laurendavis.7427@example.com,Costa Rica,2025-01-09,Standard,687.14
7428,John Taylor,kathleen44.7428@example.org,Netherlands Antilles,2024-12-11,Basic,524.17
7429,Karen Porter,christopher78.7429@example.com,Cape Verde,2021-12-20,Standard,2989.26
7430,Anthony Jones,brandyhunter.7430@example.net,Kazakhstan,2020-05-14,Premium,13719.91
7431,Nancy Wallace,harperclayton.7431@example.com,Morocco,2022-02-19,Standard,2957.23
7432,Alyssa Burgess,sarahallen.7432@example.com,Cape Verde,2025-05-31,Basic,461.61
7433,Christina Brown,drew05.7433@example.net,Honduras,2020-12-16,Standard,993.26
7434,Theresa Mcdonald,rodneycastro.7434@example.com,Slovenia,2025-04-28,Standard,2642.45
7435,Anita Harrison,rcobb.7435@example.net,Japan,2023-02-05,Basic,53.75
7436,Sean Turner,kmiles.7436@example.com,Seychelles,2020-12-11,Premium,3843.7
7437,Amy Davis,trichardson.7437@example.net,Uganda,2026-03-30,Standard,2853.35
7438,Hailey Vargas,bryan08.7438@example.net,Christmas Island,2023-06-19,Standard,2020.52
7439,Justin Kirk,brandoncooper.7439@example.org,Greece,2024-06-27,Basic,743.17
7440,Victoria Collins,floresedwin.7440@example.net,United States of America,2020-08-23,Basic,106.31
7441,Alexander Cameron,xdavid.7441@example.com,Madagascar,2022-06-26,Premium,15828.7
7442,Mrs. Sydney Rocha MD,dawn95.7442@example.net,Australia,2024-03-24,Basic,187.85
7443,Samantha Rivera,timothy08.7443@example.com,Brunei Darussalam,2024-04-24,Basic,274.68
7444,Dawn Wilson,kwalker.7444@example.net,Djibouti,2020-06-02,Basic,719.19
7445,Angela Lewis,marcpearson.7445@example.org,San Marino,2024-01-15,Basic,329.0
7446,Emily Taylor,jsmith.7446@example.org,Greenland,2026-04-25,Basic,536.43
7447,Robert Bowers,kimtaylor.7447@example.net,Lebanon,2025-04-04,Premium,17970.97
7448,Jordan Long,englishsheila.7448@example.net,Argentina,2021-05-22,Standard,2638.45
7449,Douglas Stokes,cody14.7449@example.org,Gabon,2026-02-06,Basic,7.13
7450,Sara Summers,espinozadeborah.7450@example.net,Papua New Guinea,2024-07-25,Standard,643.0
7451,David Mayo,shaun46.7451@example.net,Azerbaijan,2020-05-19,Standard,2772.14
7452,Tamara Morgan,lisa30.7452@example.net,Slovakia (Slovak Republic),2020-11-09,Basic,449.93
7453,Mrs. April Marks,masonmichael.7453@example.net,Brunei Darussalam,2026-02-27,Basic,384.16
7454,Paul Lara,michaelmassey.7454@example.net,Falkland Islands (Malvinas),2021-05-26,Basic,52.21
7455,Jessica Gonzalez,hannadiana.7455@example.com,Croatia,2020-08-24,Basic,20.04
7456,Melissa James,thompsonveronica.7456@example.net,Tokelau,2023-01-06,Premium,19161.47
7457,Christopher Taylor,matthew85.7457@example.net,Northern Mariana Islands,2023-07-07,Basic,379.08
7458,Tiffany Craig,brooksamy.7458@example.com,Morocco,2023-10-31,Basic,629.13
7459,Tina Paul,shannonwood.7459@example.org,Indonesia,2024-05-27,Premium,5960.03
7460,Jeffrey Soto,charles35.7460@example.net,Aruba,2026-09-05,Standard,863.8
7461,Katie Perez,crossbilly.7461@example.com,Andorra,2025-01-28,Basic,448.2
7462,Marissa Welch,colesean.7462@example.org,Bolivia,2020-03-04,Standard,2652.87
7463,Sarah Alexander,hoffmanlinda.7463@example.org,Dominican Republic,2020-08-04,Premium,7194.44
7464,Jacob Walker,marisa96.7464@example.org,Senegal,2020-01-01,Standard,1120.64
7465,Johnny Murphy,melissahartman.7465@example.com,Svalbard & Jan Mayen Islands,2022-08-23,Standard,1741.76
7466,Zachary Hurst,lgarcia.7466@example.net,Norway,2022-05-05,Standard,312.02
7467,Michael Gates Jr.,johnsonlawrence.7467@example.org,Denmark,2026-03-29,Basic,303.01
7468,Tiffany Adams,benjamin02.7468@example.org,Paraguay,2022-06-13,Standard,1757.59
7469,Ms. Debbie Taylor,pwatson.7469@example.com,Denmark,2020-03-15,Basic,3.86
7470,Regina Collins,christopher80.7470@example.net,Bouvet Island (Bouvetoya),2025-11-28,Premium,13484.06
7471,Nathan Case,brenda88.7471@example.com,Russian Federation,2021-09-27,Standard,342.69
7472,Chelsea Day,nancy77.7472@example.net,Israel,2026-02-06,Standard,2215.88
7473,Jacob Miller,christinegarrison.7473@example.org,South Georgia and the South Sandwich Islands,2025-03-06,Basic,641.34
7474,Sharon Lopez,joyce70.7474@example.com,Saint Vincent and the Grenadines,2025-11-20,Basic,671.04
7475,Brian Strong,alexrobinson.7475@example.net,Monaco,2025-06-24,Standard,2085.49
7476,David Vasquez,hannahblack.7476@example.com,Zambia,2020-12-15,Basic,449.26
7477,Alex Baird,danielbaker.7477@example.org,Australia,2024-03-09,Premium,7536.11
7478,Andrea Day,gibbslaura.7478@example.org,American Samoa,2022-10-03,Standard,1388.92
7479,Jessica Jones,kcooper.7479@example.com,Israel,2024-03-15,Basic,69.64
7480,Cynthia Brown,johnnytorres.7480@example.net,Croatia,2024-12-26,Standard,2179.88
7481,Jose Woodard,sara75.7481@example.com,Micronesia,2023-05-08,Basic,19.75
7482,Angela Meza,allisonferguson.7482@example.org,Palau,2022-02-02,Standard,1357.62
7483,Patricia Henry,perkinsmark.7483@example.net,Somalia,2026-02-15,Basic,404.97
7484,Greg Thomas,reginamartinez.7484@example.com,Gambia,2024-06-07,Standard,2020.25
7485,Lynn Kerr,abriggs.7485@example.org,Sweden,2025-12-02,Premium,8177.58
7486,Daniel Moore,nthompson.7486@example.org,Brunei Darussalam,2021-08-02,Standard,1439.81
7487,Stanley Woods,nbrown.7487@example.com,Puerto Rico,2025-08-09,Basic,469.9
7488,Lisa Baker,anthony65.7488@example.com,Monaco,2022-02-28,Standard,2784.89
7489,Jordan Gordon,martinjennifer.7489@example.org,Oman,2023-01-29,Standard,2081.52
7490,Anna Young,jennifer05.7490@example.net,Maldives,2025-10-02,Premium,6579.82
7491,Amber Berry,thomasfreeman.7491@example.com,Palestinian Territory,2022-05-16,Premium,17250.75
7492,Theresa Jones,tyler18.7492@example.net,Cook Islands,2021-09-03,Premium,2991.16
7493,Miranda Montes,kennethjohnson.7493@example.org,Bhutan,2026-02-13,Basic,217.84
7494,Danielle Brown,jaygreen.7494@example.org,Tokelau,2026-06-12,Standard,502.82
7495,Barbara Baker,marc63.7495@example.com,Timor-Leste,2022-01-29,Standard,1451.71
7496,Jerry King,steven71.7496@example.net,Burkina Faso,2022-01-17,Standard,1983.4
7497,Jessica Ward,karenbrewer.7497@example.org,Martinique,2021-07-09,Standard,1686.79
7498,Peter Knapp,jacqueline41.7498@example.net,Seychelles,2020-02-27,Standard,2471.53
7499,Jason Gates,qramirez.7499@example.com,Mozambique,2023-09-12,Premium,12214.79
7500,Victoria Alvarez,wendysmith.7500@example.com,Portugal,2021-09-14,Standard,851.47
7501,Travis Simpson,robertbradford.7501@example.org,Cocos (Keeling) Islands,2025-09-04,Basic,429.14
7502,Scott Franklin,carterjohn.7502@example.com,Greenland,2021-02-22,Standard,2259.37
7503,Jenna Hernandez,lindascott.7503@example.net,Bahrain,2024-03-31,Basic,402.36
7504,Kathleen Woods,thompsonmichael.7504@example.com,Pitcairn Islands,2023-05-22,Premium,9955.45
7505,Tracy Garcia,carrie66.7505@example.com,Andorra,2024-02-03,Basic,423.28
7506,Regina Deleon,kennethjackson.7506@example.net,Niger,2020-10-02,Basic,438.45
7507,Tracy Vazquez,kathyparks.7507@example.org,Portugal,2023-02-13,Premium,7590.03
7508,Helen Oliver,zramirez.7508@example.net,Sudan,2024-03-08,Standard,2591.83
7509,Chase Lang,miranda21.7509@example.net,Burkina Faso,2022-04-12,Standard,781.51
7510,Samantha Snow,fgibson.7510@example.net,Venezuela,2025-11-06,Basic,26.27
7511,Austin Davis,dnavarro.7511@example.org,Iceland,2023-07-17,Standard,2276.18
7512,Noah Ellis,yrobinson.7512@example.org,Sierra Leone,2022-06-04,Standard,2558.48
7513,Elizabeth Tucker,ltravis.7513@example.com,Saint Pierre and Miquelon,2020-03-16,Standard,1999.66
7514,Valerie Ramos,andrewramirez.7514@example.org,Solomon Islands,2021-02-15,Premium,10441.01
7515,Jeffrey Stevens,dchapman.7515@example.net,Canada,2023-03-09,Standard,2930.58
7516,Andrew Owens,john60.7516@example.com,Marshall Islands,2022-09-03,Standard,1238.13
7517,Sheri Wells,jaredrobinson.7517@example.net,Liechtenstein,2025-10-29,Basic,324.72
7518,Cody Rodriguez,elizabethdiaz.7518@example.com,Zambia,2025-04-03,Basic,472.89
7519,Brenda Day,wspencer.7519@example.org,Tokelau,2021-01-23,Standard,1405.2
7520,Tanya Gomez,vkim.7520@example.net,Poland,2023-12-15,Standard,1754.84
7521,Renee Smith,tlewis.7521@example.com,Niger,2023-01-14,Basic,773.25
7522,Leslie Richards,shane47.7522@example.net,Timor-Leste,2020-09-03,Basic,190.0
7523,Jason Moore,prowe.7523@example.org,Saint Martin,2024-06-14,Basic,118.85
7524,Kimberly Macias,stephensashley.7524@example.org,Djibouti,2023-08-04,Basic,338.84
7525,Crystal Brooks,foconnor.7525@example.com,Denmark,2020-08-01,Standard,1611.2
7526,Robert Ward,david36.7526@example.org,Algeria,2023-02-17,Basic,570.56
7527,Tiffany Hall,albert84.7527@example.org,Macao,2024-11-21,Standard,2874.48
7528,Maria Smith,davisstephen.7528@example.org,Uganda,2022-03-09,Premium,14396.07
7529,Tamara Douglas,fharper.7529@example.com,Saint Kitts and Nevis,2022-05-21,Standard,2964.09
7530,Michael Perry,hmartinez.7530@example.org,Eritrea,2020-09-26,Standard,889.75
7531,Thomas Johnson,clayandrea.7531@example.org,Chile,2021-05-13,Standard,784.89
7532,William Gutierrez,erinphillips.7532@example.com,Bermuda,2026-07-23,Premium,7517.63
7533,Jason White,xhale.7533@example.net,Iraq,2024-02-24,Basic,629.7
7534,Kendra Gonzalez,teresa04.7534@example.org,Montserrat,2021-03-05,Standard,722.24
7535,Allison Lane,jamesnovak.7535@example.net,British Indian Ocean Territory (Chagos Archipelago),2023-03-24,Standard,749.33
7536,Ralph Johnston,kimwu.7536@example.org,Haiti,2021-04-15,Premium,9411.24
7537,Ryan Bradley,swallace.7537@example.org,Zimbabwe,2022-12-17,Standard,1089.12
7538,Erica Mcdonald,stephanie70.7538@example.net,Australia,2020-12-21,Premium,13636.61
7539,Renee Matthews,ryancharles.7539@example.com,Isle of Man,2024-02-20,Standard,2692.47
7540,Larry Giles,qlove.7540@example.com,Reunion,2023-10-24,Standard,588.25
7541,Miguel Barber,cortiz.7541@example.com,Aruba,2024-03-26,Basic,437.4
7542,James Pugh,middletonsamantha.7542@example.net,Aruba,2022-12-19,Standard,447.52
7543,Melissa Jordan,whitealexander.7543@example.net,Sierra Leone,2021-11-29,Standard,820.18
7544,Christopher Johnson,jeffjackson.7544@example.org,Georgia,2021-09-01,Basic,247.28
7545,Jennifer Schultz,martinjordan.7545@example.com,Botswana,2021-06-09,Standard,1821.49
7546,Zachary Lucas,joyceshannon.7546@example.org,Anguilla,2022-11-14,Basic,443.9
7547,Gregory Murphy,daniel39.7547@example.com,Germany,2023-01-07,Premium,13575.19
7548,Kristina Fisher,wallaceperry.7548@example.com,Thailand,2024-07-02,Standard,2492.94
7549,Timothy Lamb,anthony92.7549@example.com,Heard Island and McDonald Islands,2020-05-08,Premium,5370.14
7550,Michelle Garcia,uhernandez.7550@example.net,Puerto Rico,2021-11-18,Standard,2281.47
7551,Christopher Mason,melissasullivan.7551@example.com,Haiti,2025-09-13,Basic,533.62
7552,Kenneth Harmon,shawn99.7552@example.org,Brazil,2026-02-13,Standard,423.19
7553,Eric Brown,jeffreybridges.7553@example.org,Bhutan,2026-03-23,Standard,1165.15
7554,Lisa Mcdowell,walkerrobert.7554@example.com,Hungary,2022-01-18,Standard,277.56
7555,Brian Newman,irobertson.7555@example.org,Kuwait,2020-11-30,Basic,72.15
7556,Michael Paul,cwilliamson.7556@example.com,Grenada,2021-04-28,Standard,994.6
7557,Nicholas King,ballwilliam.7557@example.net,Cocos (Keeling) Islands,2020-11-18,Standard,880.73
7558,Stephanie Dennis,ddavidson.7558@example.org,Solomon Islands,2026-05-20,Basic,720.14
7559,Dawn Davis,gharris.7559@example.org,Papua New Guinea,2025-11-27,Standard,2702.61
7560,Michael Shepard,frederickvelez.7560@example.net,Tuvalu,2025-06-02,Standard,1818.03
7561,Terri Cervantes,cynthia10.7561@example.com,Venezuela,2024-11-17,Premium,15230.64
7562,Jasmine Payne,johnsontanya.7562@example.net,China,2022-04-17,Premium,19992.82
7563,Lisa Evans,sheilagreen.7563@example.com,Chad,2023-03-07,Basic,328.15
7564,John Hodge,brownjustin.7564@example.net,Libyan Arab Jamahiriya,2025-08-16,Standard,1662.79
7565,Ashley Andrade,garystewart.7565@example.net,Bangladesh,2025-06-11,Basic,520.92
7566,Chase Daniel,fhickman.7566@example.org,Kuwait,2023-06-20,Premium,18570.05
7567,Wanda Ford,johnnywells.7567@example.net,Australia,2025-08-07,Standard,2431.65
7568,Randy Browning,markjoseph.7568@example.net,Mali,2022-04-26,Basic,51.54
7569,Anthony Cunningham,david72.7569@example.com,United Kingdom,2022-10-06,Standard,2196.26
7570,Raymond Reyes,qpatrick.7570@example.org,Saint Barthelemy,2025-08-12,Standard,905.42
7571,Sandra Hebert,durhammichele.7571@example.org,United States Minor Outlying Islands,2022-07-08,Standard,913.72
7572,Brianna Hubbard,davidgordon.7572@example.org,Costa Rica,2025-01-10,Standard,1732.27
7573,Amanda Wong,qjohnson.7573@example.com,Malaysia,2023-01-11,Basic,557.04
7574,Cheryl Ortiz,fbonilla.7574@example.org,Macao,2021-12-28,Standard,645.84
7575,Kenneth Mckenzie,rlopez.7575@example.com,Nicaragua,2021-06-18,Standard,1080.63
7576,Felicia Reyes,jcraig.7576@example.net,Nigeria,2024-01-21,Standard,2205.14
7577,Brittany Palmer,davidstrong.7577@example.org,Congo,2023-03-17,Standard,625.61
7578,Vanessa Reese,amanda76.7578@example.com,Burkina Faso,2022-06-21,Premium,17294.75
7579,Hannah Stewart,gaysarah.7579@example.net,Singapore,2024-12-19,Basic,364.83
7580,Olivia Lewis,nicolegarcia.7580@example.net,Indonesia,2020-01-03,Premium,12547.82
7581,Melinda Austin,cooklisa.7581@example.com,Saudi Arabia,2020-08-13,Standard,425.12
7582,Lynn Cohen,clarkcharles.7582@example.org,Mali,2026-06-06,Standard,2872.6
7583,Meagan Sims,smithgary.7583@example.org,El Salvador,2024-06-08,Premium,18335.58
7584,Donna Kelly,uharvey.7584@example.net,Sri Lanka,2023-09-04,Premium,5421.42
7585,Savannah Sampson,marcus88.7585@example.com,Western Sahara,2020-02-05,Premium,13935.84
7586,Kimberly Robertson,hughesbrent.7586@example.org,Mauritius,2024-01-01,Premium,16276.11
7587,Jennifer Thomas,christy84.7587@example.com,Iceland,2022-11-27,Standard,541.51
7588,Michael Anderson,duncanmichael.7588@example.com,Mongolia,2024-01-04,Basic,461.96
7589,Cory Patel,lopezaaron.7589@example.com,Ukraine,2020-04-10,Standard,2581.27
7590,Dale Hughes,riveraandrew.7590@example.net,United States of America,2023-09-06,Standard,1618.8
7591,Laura Gomez,wcole.7591@example.org,Mauritius,2023-11-12,Standard,2786.6
7592,Rachel Thomas,craig27.7592@example.net,Cyprus,2021-12-09,Standard,333.85
7593,Debbie Newman,donaldhoward.7593@example.net,Portugal,2020-05-13,Standard,2773.79
7594,Mr. Brent Powers,torreschristian.7594@example.org,Bouvet Island (Bouvetoya),2026-06-30,Standard,2936.21
7595,Devon Holland,garnerkathryn.7595@example.com,Malaysia,2024-09-28,Standard,636.64
7596,Michael Jones,alexis46.7596@example.net,Switzerland,2024-02-27,Standard,1406.66
7597,Kari Carpenter,beardtroy.7597@example.org,Samoa,2025-02-16,Premium,13173.77
7598,Teresa Thornton,nhall.7598@example.net,North Macedonia,2024-06-26,Basic,714.59
7599,Eric Sanchez,msmith.7599@example.com,Christmas Island,2020-11-24,Basic,127.62
7600,Jeremy Peterson,albert40.7600@example.org,Jamaica,2023-01-15,Basic,267.22
7601,Donald Diaz,rachelavila.7601@example.org,Antigua and Barbuda,2025-12-10,Premium,16362.74
7602,Christopher Davila,mooreallen.7602@example.org,Mauritania,2021-12-03,Basic,328.0
7603,James Bishop,cpatterson.7603@example.com,Sudan,2026-07-02,Standard,1893.84
7604,Douglas Manning,patrickclark.7604@example.org,Ireland,2020-06-06,Premium,12080.1
7605,Melissa Kennedy,james99.7605@example.net,Suriname,2022-03-18,Basic,778.54
7606,Julie Richmond,joneskevin.7606@example.org,Slovenia,2022-05-05,Basic,113.22
7607,Robert Murray,thomasunderwood.7607@example.net,Slovakia (Slovak Republic),2024-02-16,Premium,19071.93
7608,Gene Johnson,christophercosta.7608@example.com,Sudan,2021-03-06,Basic,451.32
7609,Jason Duncan,johnayala.7609@example.net,Timor-Leste,2021-07-13,Premium,18274.74
7610,Danielle Moore,terri77.7610@example.org,Tonga,2024-06-04,Standard,530.24
7611,Eric Smith,cassandrabanks.7611@example.org,India,2021-11-26,Premium,13547.05
7612,Alejandro Foster,holmesgina.7612@example.net,Suriname,2025-11-16,Premium,17121.98
7613,Jacob Park,rhondaking.7613@example.com,Niger,2025-10-26,Basic,629.51
7614,Stacey Doyle,elizabeth26.7614@example.org,Bhutan,2022-01-09,Standard,227.83
7615,Andrea Hubbard,joshuawalker.7615@example.net,Monaco,2023-09-29,Standard,1466.18
7616,Jeremy Alvarez,lopezmichelle.7616@example.org,Australia,2022-03-23,Basic,92.28
7617,Dylan Schwartz,jessica04.7617@example.org,Israel,2022-04-22,Basic,122.26
7618,Jared Sanchez,nicholas61.7618@example.com,Turkey,2024-06-25,Basic,565.03
7619,Valerie Smith,gonzaleskevin.7619@example.com,United States Virgin Islands,2021-12-16,Basic,765.26
7620,Karen Rice,kimberly31.7620@example.org,Kyrgyz Republic,2020-12-30,Basic,507.28
7621,Nicholas Bartlett Jr.,tim69.7621@example.org,Sierra Leone,2021-09-24,Standard,486.66
7622,Michael Thompson,patriciajackson.7622@example.net,Mauritania,2026-03-19,Standard,883.19
7623,Noah Thomas,xbowman.7623@example.org,Botswana,2021-09-25,Basic,303.1
7624,Kristen West,joshuaklein.7624@example.net,Montenegro,2022-06-07,Premium,4256.44
7625,Scott Russell,donna81.7625@example.net,Micronesia,2024-03-15,Premium,17263.43
7626,Miranda Phillips,thompsonstephen.7626@example.com,Argentina,2020-09-04,Standard,744.61
7627,Joseph Long,mkennedy.7627@example.org,Ethiopia,2021-10-17,Standard,562.74
7628,Tom Hughes,,United States Virgin Islands,2021-03-02,Standard,2231.92
7629,Kimberly Barnes,ogilbert.7629@example.net,Ghana,2026-03-07,Basic,101.47
7630,Rick Shaw,spearsanthony.7630@example.com,Saint Lucia,2026-03-27,Standard,1348.89
7631,John Wilson,wmason.7631@example.com,Yemen,2025-01-19,Standard,1643.42
7632,David James,bduarte.7632@example.net,Liechtenstein,2021-08-26,Standard,424.64
7633,Christine Kennedy,rosskayla.7633@example.net,Nauru,2024-02-14,Basic,444.63
7634,Darrell Santos,sierra23.7634@example.com,Bangladesh,2024-06-05,Premium,10642.95
7635,Kylie Perry,briannasmith.7635@example.com,Russian Federation,2025-10-24,Premium,14031.49
7636,Amber Atkinson,mary52.7636@example.com,Azerbaijan,2021-01-16,Standard,813.61
7637,James Russell,maria10.7637@example.net,Holy See (Vatican City State),2024-12-02,Standard,1198.56
7638,Kerry Benjamin,laneashley.7638@example.net,Macao,2021-04-18,Standard,2047.03
7639,Christopher Brooks,rogersalisha.7639@example.net,Liechtenstein,2023-10-20,Standard,299.67
7640,Jennifer Beck,jacksondaniel.7640@example.net,Aruba,2025-11-17,Premium,4084.31
7641,Shawn Davis,lisalynch.7641@example.net,Nicaragua,2020-05-31,Standard,993.95
7642,Sarah Serrano,bbarr.7642@example.net,Liberia,2020-12-27,Standard,497.8
7643,Megan Tran MD,blevinssavannah.7643@example.com,Hungary,2025-06-08,Standard,310.63
7644,Courtney Gray,yangcasey.7644@example.org,Serbia,2020-02-15,Basic,789.91
7645,Crystal Hall,justin34.7645@example.com,Norway,2024-07-31,Basic,364.61
7646,Debra Peterson,russellbender.7646@example.net,Indonesia,2023-05-09,Standard,1694.32
7647,Taylor Ross,edennis.7647@example.org,Oman,2022-04-26,Standard,913.73
7648,Elizabeth Brown,shannonsamantha.7648@example.net,Kazakhstan,2025-10-07,Premium,2138.37
7649,Monique Jones,aatkinson.7649@example.org,Venezuela,2025-09-04,Premium,15513.04
7650,Diane Fuller,ericadean.7650@example.org,Denmark,2022-03-07,Basic,579.0
7651,Jesus Jimenez,chavezsamantha.7651@example.net,Rwanda,2020-01-11,Premium,19505.73
7652,Rodney Hurst,shirleyorr.7652@example.org,Japan,2020-11-08,Standard,259.09
7653,Shaun Delgado,randall52.7653@example.org,Germany,2020-09-19,Basic,109.62
7654,Eric Perez,james86.7654@example.net,Moldova,2026-07-26,Basic,569.71
7655,Eric Owens,contrerasnicole.7655@example.com,Morocco,2023-12-28,Basic,264.06
7656,Gloria Coleman,yolanda73.7656@example.net,Korea,2024-07-10,Basic,51.02
7657,Jeff Lopez,hday.7657@example.org,Angola,2021-07-17,Standard,1042.68
7658,Shelley Powell,veronicaburton.7658@example.org,Nepal,2025-09-08,Standard,445.61
7659,Lance Harris,longcrystal.7659@example.net,Sierra Leone,2024-10-30,Standard,2545.3
7660,Holly Solomon,dlong.7660@example.net,French Polynesia,2025-01-10,Standard,2655.41
7661,Karen Arellano,yrodriguez.7661@example.org,Ethiopia,2023-02-17,Standard,1983.29
7662,Margaret Alexander,carpenterdaniel.7662@example.net,Norfolk Island,2024-09-01,Premium,8940.75
7663,Samantha Campbell,daniel75.7663@example.com,Fiji,2023-08-21,Premium,15838.21
7664,Stacey Li,gutierrezedwin.7664@example.org,Tonga,2022-07-28,Basic,505.27
7665,Carla Rowe,ryanperry.7665@example.com,Solomon Islands,2023-12-22,Premium,16255.68
7666,Daniel Vasquez,jasonpacheco.7666@example.org,Bahrain,2022-03-03,Standard,1630.54
7667,Kevin Bautista,lhogan.7667@example.com,Saudi Arabia,2026-05-15,Basic,766.68
7668,Lisa Moore,paigewilliams.7668@example.com,Kuwait,2024-10-16,Basic,232.03
7669,Eric Reeves,esparzatammy.7669@example.net,Sri Lanka,2024-12-09,Standard,1891.72
7670,Michael Matthews,joneschristine.7670@example.net,Seychelles,2024-10-16,Standard,2462.55
7671,Alexander Jennings,gina41.7671@example.com,Guernsey,2022-12-30,Basic,715.1
7672,Thomas Dunn,smithdanielle.7672@example.net,United Kingdom,2026-05-10,Standard,2850.9
7673,Matthew Henson,brendangreen.7673@example.com,Martinique,2021-05-22,Standard,1306.03
7674,Vanessa Smith,christine22.7674@example.org,Hungary,2023-10-20,Basic,559.47
7675,Martin Phillips,jennifer97.7675@example.net,Burkina Faso,2020-06-18,Standard,1012.55
7676,Dustin Thomas,millerdominique.7676@example.org,Saint Barthelemy,2021-12-20,Standard,2018.26
7677,Carrie Glass,jkey.7677@example.com,Antarctica (the territory South of 60 deg S),2023-11-04,Premium,5316.07
7678,Maria Johnson DDS,mary66.7678@example.net,Saint Barthelemy,2023-04-10,Premium,9586.12
7679,Tyler Webb,lloydcheryl.7679@example.org,Cameroon,2026-04-17,Standard,2776.66
7680,Veronica Sanders,billyprice.7680@example.com,Haiti,2024-02-07,Standard,2470.54
7681,Michael Howard,adkinsemily.7681@example.net,Suriname,2022-10-01,Standard,1590.22
7682,Carol Moyer,deckerrobert.7682@example.com,Tokelau,2022-11-08,Standard,611.17
7683,Brian Hodge,danielsmichelle.7683@example.net,Russian Federation,2024-02-02,Basic,318.86
7684,Debbie Pierce,angel96.7684@example.org,Uganda,2025-04-15,Basic,110.94
7685,Michael Mullins,alyssa14.7685@example.com,Cameroon,2021-11-06,Premium,3233.5
7686,Michael Turner,heather40.7686@example.net,Cote d'Ivoire,2023-11-28,Basic,725.21
7687,Ryan Davis,larry17.7687@example.com,Netherlands Antilles,2023-11-04,Premium,10845.77
7688,Cynthia Boyle DDS,olopez.7688@example.org,Algeria,2020-01-24,Standard,450.29
7689,Mr. Andrew Lee,starkstephanie.7689@example.net,Spain,2026-02-06,Standard,2206.67
7690,Valerie Stevens,myersmelissa.7690@example.net,Honduras,2023-10-23,Basic,59.35
7691,Monica Harvey,sgregory.7691@example.com,Tanzania,2021-08-14,Standard,1309.26
7692,Mark Miller,sarahbrown.7692@example.org,Papua New Guinea,2024-03-27,Standard,844.81
7693,Dana Nelson,mmonroe.7693@example.org,Slovakia (Slovak Republic),2024-07-13,Premium,4963.35
7694,Gregory Mendoza,milleranna.7694@example.net,Bouvet Island (Bouvetoya),2026-02-13,Premium,11603.89
7695,Jason Livingston,hubbardsamuel.7695@example.com,Colombia,2020-03-24,Standard,2215.13
7696,Melissa Yu,daniel86.7696@example.com,Maldives,2022-10-07,Standard,1564.13
7697,Lauren Munoz,david19.7697@example.com,Rwanda,2021-03-15,Basic,656.64
7698,Denise Moody,erikbaker.7698@example.org,Estonia,2023-11-03,Standard,2768.68
7699,Laura Thompson,lovericardo.7699@example.org,Brunei Darussalam,2023-05-09,Standard,2460.11
7700,Diamond Fernandez,briangarza.7700@example.com,Bahrain,2023-03-05,Basic,765.19
7701,Gail Chapman,kaitlyncastro.7701@example.com,French Polynesia,2026-07-26,Basic,743.23
7702,Carolyn Bell,gregoryjones.7702@example.org,Saint Pierre and Miquelon,2023-07-22,Basic,666.01
7703,Mark Tran,chanchris.7703@example.org,Brazil,2022-09-30,Premium,7267.39
7704,Brian Peterson DVM,acase.7704@example.net,Saint Barthelemy,2020-06-13,Standard,688.13
7705,Anthony Macdonald,scott32.7705@example.com,Guinea-Bissau,2021-12-08,Basic,581.61
7706,Randall Carpenter,obrown.7706@example.com,Germany,2025-12-31,Standard,2567.48
7707,Karen Valdez,ujohnson.7707@example.org,Morocco,2023-01-07,Standard,2504.75
7708,Kenneth Mcgee,carolynlyons.7708@example.net,Mauritania,2026-02-01,Standard,2002.14
7709,Briana Miller,mosleypamela.7709@example.org,Denmark,2023-07-24,Standard,2523.63
7710,Janet Davis,swilliams.7710@example.com,United States Minor Outlying Islands,2023-08-31,Standard,2180.07
7711,Nicholas Miller,fwhite.7711@example.org,Solomon Islands,2022-11-15,Standard,2063.02
7712,Joshua Flowers,robertdavis.7712@example.net,Andorra,2023-09-21,Standard,330.41
7713,Cynthia Aguirre,torresjeremy.7713@example.org,Ukraine,2020-06-11,Standard,1489.33
7714,Michelle Black,megan53.7714@example.org,Chad,2020-05-20,Standard,294.77
7715,Joel Bradley,brianshort.7715@example.org,Maldives,2023-03-07,Basic,73.9
7716,Angel Rocha,hvelasquez.7716@example.com,San Marino,2023-12-31,Standard,1714.81
7717,James Mosley,turnermelissa.7717@example.net,Saint Vincent and the Grenadines,2023-09-07,Premium,2854.62
7718,Lisa Campbell,smithsheena.7718@example.net,Saint Barthelemy,2022-11-13,Standard,2757.02
7719,Julia Logan,vwalter.7719@example.org,Canada,2021-12-19,Standard,1460.95
7720,Joseph York,john99.7720@example.org,Yemen,2024-09-27,Basic,559.97
7721,Debbie Medina,perezmichelle.7721@example.com,Norway,2024-01-16,Standard,613.83
7722,Tony Lambert,lindsey19.7722@example.com,Costa Rica,2020-04-25,Premium,17256.71
7723,Katie Cox,jonathan25.7723@example.net,Greenland,2023-01-09,Premium,10605.2
7724,Ashley Davis,smithalicia.7724@example.org,Afghanistan,2024-10-01,Premium,12057.97
7725,Lance Welch,uhill.7725@example.org,Solomon Islands,2025-03-29,Standard,2015.76
7726,Patrick Becker,zmitchell.7726@example.net,Sweden,2021-12-01,Basic,431.92
7727,Jorge Huerta,john77.7727@example.com,British Indian Ocean Territory (Chagos Archipelago),2026-03-08,Standard,1776.92
7728,Carl Ruiz,ibauer.7728@example.org,Belgium,2024-05-10,Basic,595.62
7729,Brittany Villegas,smithsamantha.7729@example.org,Mali,2022-12-04,Premium,16516.48
7730,Victoria Davis,sscott.7730@example.com,Monaco,2024-03-11,Standard,1057.26
7731,Michael Price,drakemonica.7731@example.net,Nicaragua,2025-10-29,Basic,737.64
7732,Stephanie Peterson,reevesandrew.7732@example.org,Netherlands Antilles,2021-07-07,Standard,1190.91
7733,Alexander Neal,kroberts.7733@example.org,Jamaica,2021-01-02,Basic,217.86
7734,Matthew Casey,hornshirley.7734@example.org,Tonga,2022-12-11,Standard,1072.01
7735,Sarah Nielsen,frank52.7735@example.com,British Indian Ocean Territory (Chagos Archipelago),2020-07-23,Standard,1203.84
7736,Samantha Freeman,bryanespinoza.7736@example.net,Congo,2025-08-02,Standard,1087.41
7737,Matthew Castro,townsendtimothy.7737@example.org,Central African Republic,2026-06-27,Premium,17187.5
7738,Heather Zuniga,tamara59.7738@example.net,Brazil,2024-01-18,Basic,448.92
7739,Natalie Watson,jamesjones.7739@example.net,Ethiopia,2026-07-20,Standard,2909.41
7740,Heather Martinez,denniswhite.7740@example.com,Nicaragua,2020-06-16,Premium,3511.2
7741,Kathleen Colon,yarnold.7741@example.org,Liberia,2024-03-24,Basic,491.18
7742,Savannah Shaw DDS,kathleenparker.7742@example.net,Faroe Islands,2022-12-17,Basic,76.82
7743,Jessica Butler,stevenrodriguez.7743@example.com,Vanuatu,2021-11-08,Basic,367.08
7744,Alicia Harris,michael39.7744@example.org,Ethiopia,2022-01-31,Basic,306.19
7745,Jacob Adams,mreynolds.7745@example.com,Tajikistan,2023-08-24,Standard,2106.17
7746,Elizabeth Peterson,aaron68.7746@example.net,Central African Republic,2024-04-15,Standard,2287.25
7747,Amanda Garcia,randyhall.7747@example.net,Paraguay,2021-02-04,Basic,190.47
7748,Monica Daniel,pthompson.7748@example.org,Uruguay,2024-02-09,Standard,742.4
7749,Lori Peterson,barryjohnson.7749@example.com,Turks and Caicos Islands,2026-03-12,Standard,1374.63
7750,Nicholas Jones,elizabethherrera.7750@example.net,Swaziland,2020-01-26,Basic,193.59
7751,Patricia Mcintosh,gjones.7751@example.org,Saudi Arabia,2025-11-14,Premium,14179.23
7752,Gary Weaver,dbyrd.7752@example.net,Slovenia,2024-01-23,Basic,414.16
7753,Mathew Odonnell,julie18.7753@example.com,Dominican Republic,2022-04-15,Standard,2515.54
7754,Joe Carter,barry18.7754@example.net,Iceland,2024-11-29,Basic,785.02
7755,Scott Pruitt,ianbird.7755@example.com,Swaziland,2024-02-17,Standard,1258.7
7756,Robert White,robertpetersen.7756@example.net,Grenada,2025-02-20,Standard,2753.59
7757,Mr. Cesar Wu Jr.,monicaluna.7757@example.org,Moldova,2020-07-17,Basic,621.74
7758,Michael Jones,susanberry.7758@example.org,Cape Verde,2020-05-24,Premium,4684.22
7759,Kelly Baker,bmiller.7759@example.com,Trinidad and Tobago,2024-04-16,Standard,2540.6
7760,David Orr,tcontreras.7760@example.com,Argentina,2022-01-11,Basic,385.21
7761,Molly Gonzalez,stephen76.7761@example.net,Somalia,2021-08-04,Basic,567.33
7762,Lisa Green,rlindsey.7762@example.com,Taiwan,2022-10-25,Basic,562.09
7763,Timothy Williams,tammyabbott.7763@example.org,Saint Lucia,2024-11-05,Standard,2680.7
7764,Stanley Young,nelsoncory.7764@example.net,Pakistan,2021-03-15,Standard,2331.26
7765,Dr. Madeline Aguirre,michaelmcgee.7765@example.org,Spain,2026-07-04,Standard,2508.95
7766,Chad Cooper,watkinsalexander.7766@example.org,Austria,2022-10-24,Standard,1098.55
7767,Morgan Carter,gbeck.7767@example.org,Gabon,2021-01-02,Standard,2924.79
7768,Andrew Johnson,abailey.7768@example.net,Eritrea,2020-06-22,Premium,13908.66
7769,Angela Young,daniellewells.7769@example.com,Dominican Republic,2025-09-24,Premium,15926.45
7770,Christian Nichols,michael46.7770@example.net,Russian Federation,2020-10-03,Standard,2604.87
7771,John Casey,stephen66.7771@example.org,United Arab Emirates,2022-10-20,Standard,546.59
7772,Jamie Obrien,johnstonrobin.7772@example.org,Holy See (Vatican City State),2024-06-20,Standard,1141.95
7773,Jacqueline Bryan,woodkenneth.7773@example.net,French Southern Territories,2023-06-06,Premium,17046.85
7774,Frances Smith,brownstephanie.7774@example.net,El Salvador,2021-10-03,Basic,737.59
7775,Scott Escobar,rhart.7775@example.net,Samoa,2020-09-20,Basic,604.87
7776,Shawn Jones,xrosario.7776@example.com,Ecuador,2024-10-03,Standard,1550.47
7777,Alexander Carter,andre15.7777@example.org,Norfolk Island,2023-04-12,Basic,200.9
7778,Rita Jackson,howardtimothy.7778@example.org,Bolivia,2020-04-27,Basic,420.02
7779,Eric Scott,juliestevens.7779@example.org,Colombia,2021-03-18,Standard,1312.44
7780,Kimberly Ward,holmesderrick.7780@example.org,Korea,2023-10-06,Premium,17941.35
7781,Toni Hernandez,hclark.7781@example.net,Armenia,2021-02-15,Standard,1788.34
7782,Jeanette Jones,fperez.7782@example.org,Kenya,2022-08-13,Premium,9057.19
7783,Leslie Clark,fking.7783@example.net,Tonga,2020-10-31,Standard,1595.74
7784,David Flores,rebecca25.7784@example.net,North Macedonia,2025-04-30,Standard,2813.99
7785,Timothy Roberts,david41.7785@example.com,Mexico,2024-03-19,Basic,490.61
7786,Joshua Phillips,smartinez.7786@example.org,Saudi Arabia,2025-03-29,Standard,841.14
7787,Tanya Evans,bcross.7787@example.com,Saint Pierre and Miquelon,2020-05-08,Standard,1600.22
7788,Sean James,michaelmorton.7788@example.net,Congo,2022-07-06,Basic,372.53
7789,Amber Nguyen,kimberlyrivera.7789@example.com,Guinea-Bissau,2021-10-15,Basic,248.32
7790,Gerald Roberts,riceaaron.7790@example.com,Faroe Islands,2024-02-29,Basic,589.04
7791,David Williams,adam52.7791@example.net,Tonga,2025-06-29,Basic,214.63
7792,Theresa Sanders,thomas80.7792@example.net,Dominica,2021-07-09,Basic,394.04
7793,Zachary White,brian18.7793@example.org,Guyana,2025-02-22,Standard,1434.93
7794,Cassandra Ellison,jose70.7794@example.org,Guadeloupe,2023-11-18,Basic,373.49
7795,Joshua Evans,allenjames.7795@example.net,Cape Verde,2025-07-05,Premium,12201.96
7796,Kelly Burton,martinezjoseph.7796@example.com,Syrian Arab Republic,2020-07-17,Standard,2113.23
7797,Madison Lewis,paul65.7797@example.org,Niger,2026-08-16,Standard,600.4
7798,Caleb Bennett,bjenkins.7798@example.org,Austria,2022-11-27,Premium,7189.85
7799,Laura Green,julia77.7799@example.org,Guadeloupe,2021-11-14,Premium,15911.06
7800,William Zhang,james23.7800@example.org,Croatia,2021-03-22,Premium,18339.42
7801,Caleb Fleming,wolfegina.7801@example.net,Armenia,2026-08-02,Standard,325.04
7802,Suzanne Johnson,amyruiz.7802@example.net,Antigua and Barbuda,2025-11-27,Premium,3320.58
7803,Samantha Davis,yyang.7803@example.net,Montserrat,2020-11-16,Standard,2814.72
7804,Jennifer Cruz,carnold.7804@example.org,Jersey,2022-12-22,Basic,118.35
7805,Kyle Lewis,sarah31.7805@example.com,United Arab Emirates,2024-11-26,Standard,2942.01
7806,Amanda Kirk,becktracy.7806@example.com,Ethiopia,2023-12-13,Standard,2519.02
7807,James Howell,wardjames.7807@example.net,Netherlands Antilles,2021-04-06,Premium,4172.68
7808,Eugene Lewis,timothy38.7808@example.com,Libyan Arab Jamahiriya,2022-05-30,Basic,82.02
7809,Thomas Townsend,tiffanygriffith.7809@example.org,Papua New Guinea,2022-06-17,Premium,19591.34
7810,Amanda White,adriana96.7810@example.org,Czech Republic,2021-12-06,Standard,913.5
7811,Jamie Herrera,martindaniel.7811@example.net,United Kingdom,2026-06-04,Standard,1708.27
7812,Henry Norris,hbrown.7812@example.com,Haiti,2021-05-10,Basic,188.99
7813,Tara Owens,brandon18.7813@example.org,Philippines,2024-09-21,Basic,480.54
7814,Rick Taylor,fwalls.7814@example.com,Gambia,2026-02-04,Basic,672.02
7815,David Saunders,robertwoods.7815@example.net,Benin,2025-04-24,Basic,525.53
7816,Maria Long,smithbilly.7816@example.net,Falkland Islands (Malvinas),2025-05-06,Standard,330.53
7817,Ryan Osborn,harrismarc.7817@example.net,Nauru,2021-01-22,Standard,1866.53
7818,Gerald Lewis,sherry42.7818@example.com,Kenya,2020-11-21,Premium,13898.3
7819,David Thompson,ewebster.7819@example.org,Guinea-Bissau,2025-03-26,Standard,762.51
7820,Tyler Lee MD,ocooper.7820@example.org,Micronesia,2024-12-28,Basic,609.69
7821,Caroline Thompson,williamsonanthony.7821@example.org,United States Minor Outlying Islands,2024-12-16,Basic,501.51
7822,Jasmine Sanders,larashane.7822@example.com,Turkmenistan,2022-10-19,Standard,226.73
7823,Elizabeth Rodriguez,nathanielperkins.7823@example.com,Bulgaria,2023-07-02,Standard,2861.55
7824,Casey Mccormick,walter21.7824@example.com,El Salvador,2020-02-07,Standard,1447.62
7825,Patrick Mitchell,christianmckinney.7825@example.com,Tokelau,2021-12-11,Standard,850.66
7826,Jeffrey Rodriguez,khawkins.7826@example.net,Bangladesh,2023-07-14,Standard,441.35
7827,Kathy Curry,swarren.7827@example.net,Montenegro,2020-11-03,Standard,1248.4
7828,Melissa Martinez,chenpatrick.7828@example.org,Turkmenistan,2020-11-13,Premium,7539.84
7829,Cynthia Hubbard,christopher55.7829@example.org,Congo,2020-04-20,Premium,7363.16
7830,Thomas Martin,morrisonadrienne.7830@example.org,Falkland Islands (Malvinas),2021-05-27,Standard,2420.96
7831,Anthony Gilbert,reneepayne.7831@example.net,Niue,2026-08-21,Basic,516.74
7832,Renee Phillips,joshuabrowning.7832@example.com,Eritrea,2024-08-26,Standard,572.55
7833,Danielle Miller,bscott.7833@example.com,Barbados,2026-05-04,Standard,2182.61
7834,Heather Campos,david21.7834@example.net,Guinea,2021-09-19,Standard,2225.75
7835,Jennifer Johnson,martinronald.7835@example.net,Palestinian Territory,2024-01-02,Basic,411.41
7836,David Richards,jesseyoung.7836@example.com,Russian Federation,2025-12-17,Standard,2988.15
7837,Donna Cole,geraldcortez.7837@example.net,Cote d'Ivoire,2022-05-09,Basic,226.78
7838,Roy Miller,harrisonamy.7838@example.org,Saudi Arabia,2024-05-23,Standard,363.68
7839,Chelsea Dixon,mariaramirez.7839@example.org,French Guiana,2024-08-18,Standard,280.66
7840,Travis Erickson,ramirezstacy.7840@example.com,Pitcairn Islands,2025-07-25,Standard,1097.53
7841,Crystal Davidson,victoria51.7841@example.com,Albania,2026-06-25,Basic,398.33
7842,Joy Wood,russellheidi.7842@example.com,Marshall Islands,2024-02-11,Basic,62.58
7843,James Compton,mullennathan.7843@example.net,Uganda,2023-11-23,Basic,452.64
7844,Jasmine Moore,matthew17.7844@example.org,Seychelles,2025-10-22,Basic,720.7
7845,Elizabeth Webb,ryanmacdonald.7845@example.com,Tajikistan,2024-07-29,Premium,16343.53
7846,Victor Pope,nicholethompson.7846@example.net,South Georgia and the South Sandwich Islands,2022-06-02,Standard,2082.91
7847,Emily Cruz,mark19.7847@example.com,Somalia,2024-03-18,Premium,13911.17
7848,Gavin Foley,natasha18.7848@example.net,Antarctica (the territory South of 60 deg S),2023-09-03,Standard,2244.84
7849,Denise Moore,jessica80.7849@example.net,Slovakia (Slovak Republic),2021-07-12,Standard,1583.78
7850,Louis Johnson,zhodges.7850@example.net,Norfolk Island,2023-06-13,Basic,321.44
7851,Oscar Dominguez,ygarza.7851@example.net,Czech Republic,2024-03-02,Basic,245.32
7852,Mary Mills,garcianicole.7852@example.org,Maldives,2026-01-16,Basic,79.69
7853,Melanie Henderson,cookrebekah.7853@example.net,Libyan Arab Jamahiriya,2023-11-18,Standard,1774.06
7854,Kenneth Lam,hendersonluke.7854@example.com,Jersey,2021-02-06,Basic,378.01
7855,Nicholas Pierce,iburnett.7855@example.net,Angola,2026-08-08,Basic,95.12
7856,Jose Mcdonald,tammychaney.7856@example.com,French Southern Territories,2023-11-12,Basic,214.62
7857,Angela Richardson,jonesmichelle.7857@example.com,Andorra,2021-12-02,Standard,2404.17
7858,Brian Tran,lpalmer.7858@example.net,Bermuda,2025-01-16,Standard,915.69
7859,Ms. Christina Dixon,jameskrista.7859@example.com,Azerbaijan,2022-07-28,Basic,340.58
7860,Jodi Ellis,darryl49.7860@example.com,Bolivia,2022-06-22,Basic,129.05
7861,Brandon Casey,sduncan.7861@example.org,Cook Islands,2025-08-11,Premium,5057.24
7862,Peggy Reyes,tamara68.7862@example.org,Niger,2025-10-19,Standard,2317.77
7863,Angel Henderson,steven39.7863@example.com,French Guiana,2023-07-03,Standard,386.69
7864,Mark Brown,cameron22.7864@example.net,Cyprus,2022-06-29,Standard,998.07
7865,Chelsea Harris,istokes.7865@example.net,Brazil,2025-10-09,Basic,784.68
7866,James Lyons,jessica60.7866@example.com,Colombia,2021-02-27,Premium,10566.07
7867,Richard Bradley,kthomas.7867@example.org,Rwanda,2024-12-29,Standard,1897.4
7868,Misty Pierce,james62.7868@example.org,Guyana,2023-11-27,Basic,512.63
7869,Rebecca Williams,howardwallace.7869@example.com,Indonesia,2025-09-16,Standard,749.19
7870,Helen Ray,rrichardson.7870@example.net,Croatia,2022-10-24,Premium,8648.16
7871,David Mcgrath,allenmario.7871@example.org,Sweden,2025-07-24,Standard,1321.98
7872,Mitchell Castro,vaughankatrina.7872@example.net,Burundi,2020-02-07,Standard,845.91
7873,Melissa Freeman,zachary70.7873@example.com,Myanmar,2025-01-25,Basic,187.19
7874,Jessica Valentine,derek91.7874@example.net,Croatia,2020-06-19,Basic,486.3
7875,Paul West,hbenson.7875@example.org,Afghanistan,2024-04-17,Basic,86.78
7876,Caroline Lewis,heatherschmidt.7876@example.net,Kenya,2021-04-21,Premium,4324.62
7877,Scott Stewart,jsmith.7877@example.com,Chile,2026-06-10,Basic,458.64
7878,Thomas Martinez,gina44.7878@example.org,Montserrat,2025-02-21,Standard,1458.15
7879,Kaitlyn Castaneda PhD,lisadavis.7879@example.org,Argentina,2020-09-12,Basic,489.55
7880,Bridget Johnson,yolandapeterson.7880@example.net,Namibia,2025-12-18,Standard,275.49
7881,Amy Frank,danielhuffman.7881@example.org,Comoros,2021-09-07,Standard,2173.76
7882,Maria Ibarra,melendezdaniel.7882@example.net,Venezuela,2023-08-25,Premium,17298.01
7883,Rachel Anderson,julie45.7883@example.org,Lithuania,2020-07-27,Basic,419.31
7884,Jacob Spencer,gina98.7884@example.net,Nepal,2020-09-14,Basic,672.67
7885,Elizabeth Rios,jramirez.7885@example.net,Eritrea,2021-08-12,Premium,9193.93
7886,Zachary Martin,georgejackson.7886@example.net,Grenada,2023-07-29,Standard,420.99
7887,Michael Bridges,turnerjoshua.7887@example.com,Reunion,2023-08-18,Basic,302.04
7888,Kimberly Hurst,ycarter.7888@example.com,French Southern Territories,2025-09-20,Standard,1449.83
7889,Debra Johnson,poncerichard.7889@example.org,Bangladesh,2021-02-07,Standard,2623.51
7890,Mark Padilla,zbarnett.7890@example.org,Brazil,2025-01-04,Basic,267.77
7891,Patrick Johnson,garciarobert.7891@example.com,Wallis and Futuna,2020-01-15,Standard,1082.28
7892,Christopher Bennett,ubishop.7892@example.org,Faroe Islands,2021-12-11,Basic,710.41
7893,Cory Bowers,bwhite.7893@example.org,Bangladesh,2021-03-03,Standard,902.7
7894,Kevin Burgess,hardindavid.7894@example.com,French Southern Territories,2020-10-29,Basic,513.96
7895,Donna Avery,becklaura.7895@example.net,Sri Lanka,2023-11-28,Premium,7879.41
7896,Donald Kidd,tmcgee.7896@example.com,Kuwait,2026-01-08,Basic,761.16
7897,Kristi Henry,lindaleonard.7897@example.org,Jordan,2024-06-16,Standard,730.95
7898,Douglas Roberts,parkerpaul.7898@example.org,Guinea,2025-09-16,Basic,579.15
7899,Meghan Gonzalez,njones.7899@example.org,Qatar,2023-12-15,Basic,440.05
7900,Annette Johnson,melissajones.7900@example.org,Palau,2020-05-11,Standard,2940.38
7901,Erik Anderson,boyertammy.7901@example.net,Nauru,2022-04-24,Standard,2983.36
7902,Dorothy Ford,simpsonjames.7902@example.org,Thailand,2025-07-04,Premium,16286.57
7903,Michael Evans,jessicathomas.7903@example.com,Paraguay,2020-04-17,Standard,489.68
7904,Robert Davis,davidanderson.7904@example.net,Saint Kitts and Nevis,2020-08-25,Standard,1513.22
7905,Michele Ward,brandon04.7905@example.net,Central African Republic,2025-07-29,Premium,17381.23
7906,Helen Parker,david34.7906@example.net,United States Virgin Islands,2020-06-03,Premium,13492.7
7907,Amanda Davis,erobinson.7907@example.org,Saint Martin,2026-05-31,Basic,703.18
7908,Kenneth Marquez,cruzjohn.7908@example.com,Niger,2025-01-26,Standard,2438.23
7909,Douglas Keller,carla56.7909@example.com,Lithuania,2024-06-12,Standard,1076.29
7910,Michelle Robinson,csanders.7910@example.com,Reunion,2023-08-02,Standard,746.18
7911,Susan Lewis,longbreanna.7911@example.net,Gabon,2020-08-06,Standard,1103.18
7912,Harry Miles,evanhenderson.7912@example.net,Tunisia,2022-10-09,Standard,2148.65
7913,Brandon Smith,jennifer42.7913@example.org,Montserrat,2025-05-26,Basic,384.85
7914,Jonathan Duran,leslieoliver.7914@example.org,Zimbabwe,2026-01-16,Standard,322.77
7915,Anthony Larson,robertojones.7915@example.com,Belize,2022-12-27,Premium,15364.59
7916,Paul Johnson,timothygomez.7916@example.net,Kuwait,2025-08-11,Standard,325.15
7917,Hunter Schmitt,kathydavis.7917@example.net,Nauru,2025-03-11,Premium,9367.48
7918,Jacqueline Clark,brian35.7918@example.com,Jersey,2020-05-20,Basic,369.83
7919,Brittany Meyers,benjamin94.7919@example.org,Papua New Guinea,2024-02-23,Premium,11054.48
7920,Peter Huff,brenda03.7920@example.org,Guyana,2024-02-13,Standard,589.45
7921,Natalie Duncan,renee59.7921@example.net,China,2023-08-18,Standard,2293.81
7922,Frank Solis,,Hong Kong,2025-02-28,Premium,17288.7
7923,Aaron Anderson,wilsonchristopher.7923@example.net,Aruba,2025-12-12,Standard,2154.12
7924,Benjamin Mitchell,edwardkelly.7924@example.net,Sweden,2023-09-06,Standard,2863.0
7925,Gail Collins,harrisoneric.7925@example.org,Togo,2022-02-21,Basic,206.0
7926,Jennifer Jimenez,baxtercory.7926@example.com,Christmas Island,2026-07-28,Premium,4893.14
7927,Christopher Brooks,fwilson.7927@example.org,Mayotte,2026-06-11,Standard,388.43
7928,Linda Mcintosh,michael35.7928@example.com,Czech Republic,2024-08-02,Basic,577.22
7929,Scott Osborne,gonzalezdaniel.7929@example.org,Saint Helena,2024-04-13,Premium,4917.93
7930,Michael Anderson,kylescott.7930@example.net,Netherlands,2020-09-11,Standard,2826.91
7931,Angela Perez,choisandra.7931@example.com,Falkland Islands (Malvinas),2022-09-07,Basic,478.68
7932,Doris Luna,alexis60.7932@example.org,Qatar,2021-04-29,Basic,643.31
7933,Justin Scott,alberthiggins.7933@example.net,Korea,2023-06-11,Basic,347.76
7934,Edward Rodriguez,jeffrey36.7934@example.org,Cook Islands,2025-07-10,Basic,587.88
7935,Jeffrey Howell,mikeclark.7935@example.net,Bahrain,2021-07-02,Standard,1442.22
7936,Joan Bailey,gbell.7936@example.org,Heard Island and McDonald Islands,2026-08-31,Basic,431.01
7937,Katie Hansen,matthewmurphy.7937@example.net,United States of America,2020-11-12,Standard,2366.03
7938,Joseph Lynch,mdavis.7938@example.net,Uzbekistan,2020-08-28,Standard,866.83
7939,Amy Glenn,adam30.7939@example.net,Mongolia,2026-07-07,Basic,707.61
7940,Danielle Simmons,stephanie85.7940@example.com,Kenya,2020-09-02,Basic,573.04
7941,Nicole Vaughn,coreynielsen.7941@example.net,Indonesia,2024-11-30,Basic,597.23
7942,Alexander Barnett,jamesray.7942@example.com,Cocos (Keeling) Islands,2025-02-07,Premium,6286.93
7943,Rebecca Lee,mitchellmelanie.7943@example.com,Niger,2022-03-17,Basic,72.1
7944,Ms. Nichole Hernandez,ashleymartin.7944@example.com,South Africa,2020-06-06,Standard,404.0
7945,Olivia Reyes,macknicole.7945@example.com,French Polynesia,2022-01-23,Basic,517.61
7946,John Smith,thompsondiane.7946@example.com,Fiji,2020-06-16,Basic,120.0
7947,Brooke Bradford,harrismatthew.7947@example.net,South Africa,2024-06-29,Premium,19985.45
7948,Frederick Williams,josephreese.7948@example.org,Mayotte,2025-12-10,Basic,768.84
7949,Mary Velasquez,jason93.7949@example.net,South Georgia and the South Sandwich Islands,2026-08-31,Standard,281.69
7950,Christina Warner,sjohnson.7950@example.org,Denmark,2025-05-08,Standard,2230.16
7951,Natasha Mcdaniel,greenebrenda.7951@example.com,Latvia,2025-03-06,Basic,208.62
7952,Michelle Smith,michael45.7952@example.com,Congo,2025-11-22,Standard,1154.52
7953,Steven Cruz,banksmary.7953@example.net,Myanmar,2025-02-23,Standard,872.87
7954,Ashley Welch,thomasmckenzie.7954@example.com,New Caledonia,2024-05-07,Premium,16949.82
7955,Stephanie Murray,sphillips.7955@example.net,British Virgin Islands,2026-08-29,Premium,18087.54
7956,Ashley Cummings,cassandra19.7956@example.net,Iran,2022-02-26,Premium,2727.23
7957,Barbara Shaw,kyle77.7957@example.org,Finland,2022-10-04,Standard,956.11
7958,April Thompson,bradley14.7958@example.com,Congo,2026-01-22,Standard,1456.36
7959,Charles Hunt,suttonkristi.7959@example.org,Mayotte,2022-01-29,Standard,1661.1
7960,Nicholas Cisneros,feliciablack.7960@example.net,British Indian Ocean Territory (Chagos Archipelago),2021-12-30,Standard,445.41
7961,Tammy Camacho,bakermark.7961@example.org,New Caledonia,2021-01-06,Premium,16940.51
7962,Margaret Parker,darrell17.7962@example.com,Kenya,2021-11-03,Standard,2815.14
7963,Jonathan Bowers,,Latvia,2023-12-20,Basic,322.29
7964,Jesse Martinez,turnerbobby.7964@example.org,Portugal,2025-12-04,Premium,17430.21
7965,Nicholas Taylor,michaelbennett.7965@example.net,Vanuatu,2020-11-28,Standard,2093.79
7966,David Townsend,tiffanyriggs.7966@example.net,Nicaragua,2024-07-20,Premium,12651.38
7967,Marcus Mathews,ndowns.7967@example.net,United Arab Emirates,2025-02-14,Standard,2493.34
7968,Dennis Diaz,swalters.7968@example.com,Madagascar,2025-12-27,Basic,378.42
7969,Rachel Carroll,wthompson.7969@example.com,Papua New Guinea,2025-01-05,Premium,11858.89
7970,Lisa Olson,kimberly52.7970@example.org,Antigua and Barbuda,2021-01-15,Standard,969.06
7971,Justin Flores,michaelrichards.7971@example.net,Germany,2023-04-08,Basic,569.75
7972,Kathryn Stein,derek05.7972@example.com,Venezuela,2026-05-14,Standard,645.37
7973,Kyle Sandoval,maryoneill.7973@example.net,Turkmenistan,2026-01-27,Basic,194.53
7974,Sean Young,pwest.7974@example.net,Antarctica (the territory South of 60 deg S),2024-02-05,Standard,1543.78
7975,Mark Alexander,jfrancis.7975@example.org,New Caledonia,2026-06-10,Premium,8935.62
7976,Kyle Brooks,tammy57.7976@example.com,Switzerland,2024-06-19,Basic,191.66
7977,Melissa Reid,longrobert.7977@example.org,Taiwan,2020-06-07,Standard,737.29
7978,Jonathan Velasquez,jnelson.7978@example.net,Austria,2026-02-10,Premium,17496.15
7979,Scott Simmons,dawnlewis.7979@example.com,Romania,2021-02-14,Basic,472.69
7980,Melanie Cook,andersoncourtney.7980@example.com,Macao,2022-07-18,Standard,1256.7
7981,Andrea Sims,rebecca05.7981@example.org,Ireland,2021-08-04,Basic,676.62
7982,Julie Gross,amy22.7982@example.net,Kiribati,2024-10-23,Standard,2510.45
7983,Shawn Davis,steventanner.7983@example.org,Serbia,2020-03-14,Premium,3995.97
7984,Ryan Watson,michelle82.7984@example.net,Lesotho,2024-04-12,Basic,453.83
7985,Jill Morgan,chapmanjoseph.7985@example.net,Tanzania,2025-10-11,Standard,1055.72
7986,Yolanda Williams,munozbrandon.7986@example.com,Puerto Rico,2025-04-07,Standard,1714.34
7987,Frank Marsh,ekeller.7987@example.net,Italy,2022-01-19,Basic,574.4
7988,Catherine Hobbs,davismegan.7988@example.com,Norfolk Island,2025-12-30,Standard,223.82
7989,Monica Brown,moodystacey.7989@example.net,Guyana,2022-06-03,Standard,1637.99
7990,Stephanie Wheeler,wilsonsandy.7990@example.net,Comoros,2024-07-18,Basic,233.39
7991,Michael Pacheco,jonesryan.7991@example.net,Guinea,2023-05-22,Standard,1695.23
7992,Ricky Brown,dylancampos.7992@example.org,Suriname,2020-06-14,Standard,507.56
7993,Sue Trevino,zjohnson.7993@example.com,Libyan Arab Jamahiriya,2020-01-08,Basic,654.05
7994,Kristina Brown,dreyes.7994@example.org,Serbia,2021-03-23,Standard,1722.27
7995,Michelle Roberts,pattersonsarah.7995@example.net,Guinea,2026-04-01,Basic,168.85
7996,Alison Wolfe,davisjermaine.7996@example.net,Bhutan,2026-05-18,Basic,615.75
7997,Dale Black,jessica07.7997@example.net,Mongolia,2022-09-28,Standard,305.79
7998,Sharon Hamilton,manuelgarcia.7998@example.org,Guernsey,2026-06-23,Standard,1859.91
7999,David Carter,eric41.7999@example.org,Micronesia,2020-04-30,Basic,401.41
8000,Rodney Wood,taylorjessica.8000@example.net,Qatar,2026-06-20,Basic,31.72
8001,Daniel Mccarty,markfields.8001@example.com,Pakistan,2021-07-17,Premium,6494.7
8002,Mike Ortiz,ifrench.8002@example.com,United States of America,2020-03-30,Standard,415.99
8003,Jessica Yu,mark68.8003@example.net,Timor-Leste,2025-01-24,Standard,2250.68
8004,Leah Rivera,natalieharvey.8004@example.com,Bosnia and Herzegovina,2022-07-22,Basic,564.62
8005,David Brock,tammysanchez.8005@example.net,Oman,2021-12-14,Basic,71.44
8006,Ellen Gibson,christina07.8006@example.net,Switzerland,2025-01-29,Basic,87.37
8007,Robert Wells,john02.8007@example.org,Turkey,2022-03-24,Standard,2664.79
8008,Dr. Kristi Smith MD,diana50.8008@example.net,Belarus,2025-01-12,Basic,160.68
8009,Benjamin Mccullough,seanconley.8009@example.org,Mayotte,2021-04-21,Premium,7465.9
8010,Ashley Williams,nealkatelyn.8010@example.com,Kuwait,2020-07-28,Standard,2115.98
8011,Dawn Stewart,romerodawn.8011@example.com,Turkey,2022-03-04,Standard,370.03
8012,John Davis,kimcameron.8012@example.org,Sweden,2024-01-28,Standard,2853.44
8013,Angelica Carroll,hartkristen.8013@example.org,Guyana,2021-07-03,Standard,264.43
8014,Brandi Russell,richardvillanueva.8014@example.net,Guinea-Bissau,2020-12-14,Standard,2577.6
8015,Alexandra Smith,evansryan.8015@example.net,Martinique,2025-01-03,Standard,1210.54
8016,Elizabeth Ellis,tmay.8016@example.net,Kenya,2023-04-19,Basic,120.03
8017,Jessica Riley,ernesthunter.8017@example.com,Saint Kitts and Nevis,2022-11-19,Premium,8794.84
8018,Dustin Hansen,christiancampos.8018@example.net,Saint Helena,2021-08-08,Standard,2923.96
8019,Scott Mcmahon,griffithtravis.8019@example.org,Thailand,2020-02-13,Premium,11521.6
8020,Jermaine Ruiz,garzatina.8020@example.net,Egypt,2020-05-09,Standard,365.98
8021,Cheryl Gibson,davislaura.8021@example.com,Palestinian Territory,2024-07-22,Standard,2836.32
8022,Joshua Wilson,michele93.8022@example.org,Guatemala,2020-07-14,Basic,114.85
8023,Kathleen Livingston,garrettautumn.8023@example.org,Jersey,2021-08-25,Standard,353.13
8024,Robin Mayer,ltaylor.8024@example.com,Mali,2026-02-02,Standard,327.19
8025,Timothy Christensen,garciatanya.8025@example.org,Kazakhstan,2022-04-19,Basic,661.07
8026,Maxwell Wang,wwyatt.8026@example.net,Uruguay,2024-12-23,Premium,4754.35
8027,Jacob Schwartz,patricia87.8027@example.org,United States of America,2022-04-18,Basic,143.19
8028,David Larsen,tsullivan.8028@example.com,Tuvalu,2026-03-25,Standard,2843.52
8029,Casey Walters,briana60.8029@example.com,Croatia,2025-06-29,Basic,489.29
8030,Jesus Daugherty,ncombs.8030@example.net,Brazil,2023-02-21,Premium,7137.54
8031,James Prince,vphelps.8031@example.com,Mali,2024-07-29,Standard,1842.07
8032,Amy Morton,timbaker.8032@example.net,Chile,2022-10-06,Standard,880.66
8033,James Smith,vweaver.8033@example.net,Palau,2026-04-25,Standard,1583.94
8034,Jonathan Jacobs,hosborn.8034@example.net,Slovenia,2022-05-25,Basic,267.7
8035,Robin Perez,traceyjones.8035@example.org,Saint Martin,2025-08-04,Premium,13207.28
8036,Gabriel Clark,morsekenneth.8036@example.org,Portugal,2024-02-14,Standard,2324.66
8037,Christopher Johnson,robert50.8037@example.com,Singapore,2024-04-20,Basic,278.81
8038,Anna Hardy,gail41.8038@example.com,Saint Barthelemy,2022-05-08,Basic,115.13
8039,Mr. Daniel Alexander,state.8039@example.org,Andorra,2025-07-26,Standard,1196.07
8040,Paul Williams,tiffany74.8040@example.org,Spain,2024-12-27,Standard,2322.83
8041,Ronald Saunders,rsmith.8041@example.net,Italy,2025-06-13,Basic,629.67
8042,Lori Williams,goodwinjennifer.8042@example.net,Turkmenistan,2025-05-10,Basic,628.44
8043,Karen Young,gonzalesdonald.8043@example.org,Saudi Arabia,2021-01-19,Basic,779.66
8044,Kyle Hampton,jpitts.8044@example.org,United States Virgin Islands,2025-11-08,Basic,659.83
8045,Stacy Boyd,ogalvan.8045@example.com,Solomon Islands,2025-08-17,Standard,2912.0
8046,Andrew Moreno,fbeltran.8046@example.net,Solomon Islands,2021-08-15,Standard,1955.02
8047,James Jones,katherine91.8047@example.net,Ukraine,2026-07-25,Standard,842.18
8048,Brenda Brown,lfrench.8048@example.org,Netherlands,2023-07-10,Premium,12947.53
8049,Julie Wade,donald17.8049@example.org,Jersey,2022-02-25,Basic,158.27
8050,Alexander Jones,michelereeves.8050@example.com,Jordan,2021-06-29,Standard,438.91
8051,Daniel Wade,amber54.8051@example.com,Micronesia,2022-06-09,Premium,7423.84
8052,Stanley Perez,haynesjanet.8052@example.org,Tajikistan,2020-04-01,Standard,1215.77
8053,Sherry Good,torrestanya.8053@example.org,Norway,2024-08-13,Standard,2184.89
8054,Paul Luna,qbradley.8054@example.com,Tokelau,2024-09-24,Premium,8535.38
8055,Kathryn James,adrianhawkins.8055@example.org,Uruguay,2024-06-18,Standard,208.82
8056,Arthur Graham,aaron66.8056@example.org,Poland,2023-09-02,Basic,733.55
8057,Anna Salazar,armstrongjulia.8057@example.org,Saint Barthelemy,2022-06-04,Standard,1850.33
8058,Jeffrey Cruz,audreyweaver.8058@example.com,Bouvet Island (Bouvetoya),2024-11-02,Premium,5793.65
8059,Kristin Golden,michael18.8059@example.org,Denmark,2025-10-28,Standard,906.41
8060,Benjamin Morgan,tturner.8060@example.org,Finland,2020-08-01,Premium,4234.52
8061,Brent Hahn,katherinekeller.8061@example.net,Malta,2022-07-23,Basic,725.24
8062,Christopher Bauer,andersonbryan.8062@example.net,Somalia,2026-08-28,Standard,844.58
8063,Andrew Hughes,krystallewis.8063@example.com,South Africa,2025-10-05,Basic,752.52
8064,Lindsey Brandt,debramontoya.8064@example.net,Guinea-Bissau,2026-08-25,Premium,6757.6
8065,Travis Manning,vperez.8065@example.com,Venezuela,2021-03-23,Premium,16386.52
8066,Jacqueline Johnson,dawn08.8066@example.net,Brunei Darussalam,2023-02-09,Standard,229.27
8067,Dennis Evans Jr.,chelsea40.8067@example.org,Dominica,2020-11-14,Basic,386.62
8068,Heather Klein,michaelwilliam.8068@example.com,Burkina Faso,2025-10-15,Basic,295.37
8069,Glenn Delacruz,mario94.8069@example.org,Barbados,2023-06-20,Standard,1136.84
8070,Gregory Stewart,christopher36.8070@example.net,Singapore,2021-08-17,Standard,2978.04
8071,Tanya Lewis,pgates.8071@example.org,Guernsey,2020-08-08,Premium,14975.6
8072,Caleb Douglas,ogarcia.8072@example.org,Ecuador,2024-12-06,Standard,916.18
8073,Dr. Julie Watts,ntaylor.8073@example.net,Austria,2025-06-05,Standard,2306.84
8074,Jacqueline Chen,juliamartinez.8074@example.org,Saint Vincent and the Grenadines,2025-11-17,Basic,103.66
8075,Amanda Armstrong,charleswilson.8075@example.org,Cuba,2026-06-30,Standard,2792.6
8076,Christine Burke,romerobrenda.8076@example.org,Swaziland,2025-06-12,Basic,341.11
8077,Matthew Hart,lopezlinda.8077@example.net,Sudan,2025-04-04,Basic,152.53
8078,Peter Berger,bshort.8078@example.org,Cape Verde,2025-06-05,Premium,6910.77
8079,Bailey Wilson,qsandoval.8079@example.net,Dominica,2026-09-04,Standard,634.42
8080,Susan Fisher,kathylivingston.8080@example.net,Mauritius,2023-02-04,Basic,744.45
8081,Heidi Daniels,nicolewood.8081@example.net,Singapore,2025-01-26,Standard,1056.5
8082,Joyce Hawkins,ltucker.8082@example.com,Montenegro,2025-06-25,Standard,599.98
8083,Timothy Douglas,whitejustin.8083@example.com,Vietnam,2020-10-10,Basic,650.32
8084,Theresa Silva,rnelson.8084@example.org,Poland,2024-08-13,Standard,797.13
8085,John Watson,jjohnson.8085@example.net,Cameroon,2022-04-07,Basic,75.32
8086,Amanda Turner,sarabowman.8086@example.net,Iceland,2020-11-19,Standard,2071.51
8087,Ashley Woodard,mallorylee.8087@example.net,India,2021-02-20,Standard,220.74
8088,Theresa Nelson,kathy66.8088@example.net,Slovakia (Slovak Republic),2020-10-05,Standard,2530.78
8089,Tracey Nguyen,maryryan.8089@example.com,Italy,2026-01-01,Standard,1775.59
8090,Susan Lee,mknight.8090@example.net,Eritrea,2025-02-28,Premium,6442.73
8091,Thomas Howard,faith08.8091@example.net,Syrian Arab Republic,2020-09-06,Premium,10524.69
8092,Matthew Price,frussell.8092@example.net,Maldives,2024-03-07,Standard,934.76
8093,Tammy Bell,sarah08.8093@example.net,British Virgin Islands,2024-05-31,Standard,1692.0
8094,Adrian Thompson,webbpatrick.8094@example.org,Palestinian Territory,2023-06-22,Standard,1800.6
8095,James Bell,margaretmorgan.8095@example.net,Grenada,2024-01-20,Premium,15890.28
8096,Elizabeth Lewis,glenn95.8096@example.org,Andorra,2026-01-24,Premium,10389.57
8097,Meghan Cortez,amanda48.8097@example.net,Bahrain,2023-06-21,Standard,2402.59
8098,James Farley,simpsonmarcus.8098@example.net,Jersey,2024-05-29,Standard,393.88
8099,Andrew Hunter,laurageorge.8099@example.net,Palestinian Territory,2023-10-26,Standard,2779.76
8100,Connie Kelly,ohahn.8100@example.net,Nicaragua,2022-08-25,Premium,5339.16
8101,Danielle Lee,marshalljoshua.8101@example.com,Venezuela,2025-12-15,Standard,2542.42
8102,George Johnson,knightevelyn.8102@example.org,Puerto Rico,2022-10-07,Basic,395.71
8103,Yvonne Francis,jamieochoa.8103@example.com,Seychelles,2025-05-07,Standard,493.21
8104,Lisa Henderson,rhardy.8104@example.com,Czech Republic,2024-01-18,Standard,1207.45
8105,Alicia Thomas,masonwilliam.8105@example.org,Uganda,2024-07-30,Basic,734.66
8106,Sarah Coffey,mckenziebrandon.8106@example.com,Canada,2025-01-30,Standard,2537.2
8107,Amber Park,kclark.8107@example.org,Somalia,2024-12-02,Standard,2222.48
8108,Vincent Watson,terry88.8108@example.com,French Guiana,2023-10-10,Standard,1263.57
8109,Jenna Dixon,andrewterry.8109@example.org,Latvia,2024-02-12,Standard,1848.61
8110,Jordan Davis,reginaldpaul.8110@example.org,Mongolia,2023-05-27,Standard,849.94
8111,Joshua Jones,ccochran.8111@example.net,Macao,2022-04-08,Standard,2013.96
8112,Patricia Brady,stevenlucas.8112@example.net,Nauru,2024-11-10,Standard,930.63
8113,Michael Nelson,alicia88.8113@example.org,South Africa,2025-11-16,Standard,2521.22
8114,Robert Drake,ryan57.8114@example.net,Iran,2024-09-18,Premium,14680.97
8115,Donna Murray,loganramirez.8115@example.org,Georgia,2025-02-28,Premium,8949.61
8116,Linda Harris,qlopez.8116@example.net,Turkey,2025-07-20,Premium,13870.67
8117,Jose Sutton,ramosdavid.8117@example.org,Saint Kitts and Nevis,2022-06-16,Standard,1110.38
8118,Jessica Lawrence,riverajoseph.8118@example.org,Nauru,2020-06-01,Premium,4801.75
8119,Brian Collier,shayes.8119@example.org,Guadeloupe,2022-04-04,Standard,858.52
8120,David Elliott,zmiller.8120@example.com,Turkmenistan,2025-01-17,Standard,960.73
8121,Frank Morgan,rossdavid.8121@example.net,Eritrea,2025-06-14,Standard,834.53
8122,Aaron Sampson,benjamin04.8122@example.org,Poland,2023-06-08,Basic,542.68
8123,Jason Smith,hgarza.8123@example.net,Philippines,2025-03-16,Basic,591.73
8124,Laura Carson,qmoran.8124@example.com,Mongolia,2020-07-01,Standard,1479.99
8125,Miguel Parrish,trevormedina.8125@example.org,Romania,2024-04-21,Standard,2965.82
8126,Latasha Fitzgerald,mperkins.8126@example.org,Vietnam,2024-07-16,Standard,2694.86
8127,Victoria Potts,lisaporter.8127@example.net,Reunion,2023-05-25,Basic,69.64
8128,Chelsea Suarez,abigailhobbs.8128@example.org,Fiji,2024-10-15,Standard,1489.26
8129,Michael Baldwin,hunterjames.8129@example.net,Romania,2023-04-15,Premium,18352.58
8130,David Morris,zgreen.8130@example.com,Portugal,2023-07-02,Basic,176.21
8131,Suzanne Murphy,jessicafranco.8131@example.org,Haiti,2024-01-14,Premium,8811.13
8132,Donna Salas,deborah78.8132@example.net,Tajikistan,2025-04-22,Basic,757.56
8133,John White,waltonpatricia.8133@example.net,Antarctica (the territory South of 60 deg S),2021-08-30,Premium,15969.12
8134,Robert Walker,amandahudson.8134@example.org,Korea,2022-01-03,Premium,16981.85
8135,Michael Hopkins,schmittmichelle.8135@example.net,Bahamas,2022-10-19,Basic,703.59
8136,Lisa Nichols,sanchezjennifer.8136@example.org,Tonga,2021-05-08,Standard,679.29
8137,Emily Walker,margaret96.8137@example.net,Poland,2022-03-27,Standard,2157.97
8138,Chris Washington,jesus75.8138@example.org,Belize,2022-05-06,Basic,642.24
8139,Christopher White,laura80.8139@example.com,Ethiopia,2022-02-06,Basic,181.18
8140,Yesenia Miller,opearson.8140@example.org,Slovenia,2022-09-28,Standard,321.41
8141,Joshua Smith,stevenwalter.8141@example.org,Poland,2023-05-17,Basic,142.68
8142,Kristina Rosales,jramirez.8142@example.net,Greece,2024-08-26,Standard,2275.93
8143,Sharon Smith,benjamin93.8143@example.org,Portugal,2022-01-09,Premium,14497.23
8144,Richard Vargas,dominiquesolis.8144@example.com,Cyprus,2025-08-26,Basic,713.38
8145,Emily Pacheco,burtonmegan.8145@example.org,Azerbaijan,2023-03-16,Standard,1087.47
8146,Paul Reyes,david36.8146@example.com,Bolivia,2024-10-26,Basic,497.4
8147,Dustin Walker,mary18.8147@example.org,Rwanda,2020-10-07,Premium,2482.28
8148,Cameron White,julieray.8148@example.org,Turkey,2021-02-28,Premium,18831.52
8149,Kenneth Maldonado,,Vanuatu,2023-01-12,Premium,11980.87
8150,Mrs. Emily Jackson,sara81.8150@example.com,Bolivia,2022-06-13,Standard,2295.48
8151,Amy Wolf,kimberly91.8151@example.com,Netherlands Antilles,2023-04-26,Basic,227.05
8152,John May,jeffrey21.8152@example.org,Panama,2021-01-21,Standard,429.47
8153,Rebecca Randolph,lisachase.8153@example.net,Tonga,2023-03-02,Premium,3130.8
8154,Maria Watts,cynthiapittman.8154@example.net,British Virgin Islands,2024-08-03,Standard,2481.05
8155,Karla Allen,yacevedo.8155@example.net,Papua New Guinea,2024-11-13,Standard,625.45
8156,Donald Dorsey,wheelerdiana.8156@example.org,Saint Martin,2021-08-29,Standard,2507.21
8157,Eduardo Acevedo,cervanteshannah.8157@example.org,Afghanistan,2022-04-21,Standard,942.74
8158,Jennifer Beck,emily88.8158@example.org,Hong Kong,2023-07-06,Premium,11742.9
8159,Chelsea Thompson,deborahjohnson.8159@example.org,Lithuania,2023-06-18,Standard,933.37
8160,Kristine Harris,ryanrichardson.8160@example.net,Korea,2025-04-17,Standard,340.23
8161,Patrick Walsh,nathaniellittle.8161@example.net,Honduras,2022-08-11,Standard,1718.38
8162,Philip Wallace,robert79.8162@example.net,Tajikistan,2024-06-26,Standard,1227.94
8163,Devin Smith,englishdouglas.8163@example.net,Denmark,2025-11-28,Standard,1418.31
8164,Dale Wong,baileybarbara.8164@example.org,Chad,2021-12-29,Standard,1884.36
8165,Craig Foster,kelsey97.8165@example.org,Jamaica,2025-07-02,Premium,7645.89
8166,Teresa Bryan,bmaynard.8166@example.org,Rwanda,2022-03-23,Standard,1778.66
8167,Andrew Smith,lorithomas.8167@example.net,Iraq,2022-03-27,Basic,526.22
8168,Emma Brown,pattersonpeter.8168@example.net,Ghana,2024-05-14,Standard,450.73
8169,Joshua Holmes,igoodman.8169@example.org,Nigeria,2024-02-27,Basic,280.08
8170,Kimberly Mccarthy,russellkelly.8170@example.net,Mexico,2023-09-03,Standard,451.85
8171,Patrick Turner,campbellthomas.8171@example.org,Singapore,2021-07-18,Standard,219.41
8172,Carolyn Elliott,ebyrd.8172@example.org,Bhutan,2020-08-23,Basic,40.98
8173,Joshua Meyers,madison34.8173@example.com,Angola,2026-01-28,Standard,1858.2
8174,Christine Williams,robertchavez.8174@example.net,Rwanda,2025-11-04,Standard,436.05
8175,Christian Day,reneedunlap.8175@example.net,Iran,2025-12-05,Premium,17633.03
8176,Anthony Medina,matthew80.8176@example.org,Guinea-Bissau,2023-06-05,Standard,2326.44
8177,Robert Burgess,nkelly.8177@example.com,Qatar,2025-11-30,Standard,224.69
8178,Shawn Goodwin,kimberlytownsend.8178@example.org,Paraguay,2023-03-01,Basic,458.6
8179,Jacob Flores,michelle92.8179@example.net,Faroe Islands,2020-07-03,Standard,228.71
8180,Renee Oneal,whitealicia.8180@example.org,Montserrat,2021-04-29,Standard,505.75
8181,Catherine Palmer,sarah94.8181@example.com,Cambodia,2021-10-27,Standard,2967.1
8182,Vernon Mccullough,elizabeth74.8182@example.org,Netherlands Antilles,2022-07-09,Premium,10226.42
8183,Erica Lucas,afigueroa.8183@example.com,Angola,2026-04-12,Basic,21.77
8184,Stephen Gonzalez,teresa86.8184@example.net,Micronesia,2022-03-23,Premium,17305.66
8185,Virginia Cortez DDS,williamhull.8185@example.org,Central African Republic,2024-02-05,Basic,733.88
8186,Sheri James,curtis11.8186@example.net,Ecuador,2021-10-23,Premium,11870.9
8187,Steven Wood,nixonryan.8187@example.com,Czech Republic,2024-04-19,Standard,2176.64
8188,Elizabeth Shelton,aparrish.8188@example.org,Congo,2023-10-17,Premium,16042.18
8189,James Phillips,luisfarrell.8189@example.org,Kuwait,2021-01-02,Basic,587.74
8190,Brandon Huynh,mary56.8190@example.net,Saint Lucia,2023-02-02,Standard,1584.66
8191,Brianna Gordon,vbright.8191@example.net,Saint Helena,2020-09-14,Standard,2531.52
8192,Deborah Garcia,xburnett.8192@example.com,India,2025-12-11,Basic,421.86
8193,James Stewart,aguirrepaige.8193@example.com,Kyrgyz Republic,2024-09-15,Standard,926.61
8194,Hunter Hicks,zcollins.8194@example.org,Brazil,2026-04-17,Premium,2073.21
8195,Jennifer Duncan,dwilson.8195@example.com,Netherlands Antilles,2025-11-08,Basic,286.87
8196,Maria Hickman,christinacosta.8196@example.com,Denmark,2021-06-19,Standard,431.24
8197,Emily Cooper,justin69.8197@example.org,Colombia,2024-09-23,Premium,3138.98
8198,Mark Jones,yvettegeorge.8198@example.com,Saint Pierre and Miquelon,2020-09-01,Standard,1513.83
8199,Ashley Sosa,jeffreywright.8199@example.net,Yemen,2026-06-03,Basic,754.94
8200,Daniel Francis,xwoods.8200@example.net,Grenada,2025-04-01,Standard,495.44
8201,Ariel Chambers,harrissarah.8201@example.net,Sri Lanka,2024-07-19,Basic,219.0
8202,Amy Byrd,samantha98.8202@example.net,Botswana,2026-08-26,Basic,664.06
8203,Joseph Krueger,patrick87.8203@example.com,Togo,2025-08-30,Standard,1325.12
8204,Allison Christian,twinters.8204@example.com,Turkey,2025-10-09,Standard,2324.65
8205,Jessica White,donnakeith.8205@example.org,Luxembourg,2020-09-01,Basic,433.87
8206,Danny Hughes,sextontammy.8206@example.org,Yemen,2020-02-27,Standard,1891.01
8207,Mrs. Susan Parsons MD,tina67.8207@example.org,Liechtenstein,2026-06-05,Premium,4900.58
8208,Mary Gutierrez,tylersimpson.8208@example.org,Rwanda,2021-09-05,Standard,1186.39
8209,Jennifer Schwartz,qjenkins.8209@example.com,Samoa,2022-11-07,Basic,497.4
8210,Christopher Foster,afuller.8210@example.com,Yemen,2020-04-15,Standard,274.95
8211,Robin Morgan,lisascott.8211@example.net,Kiribati,2024-03-01,Standard,727.31
8212,Devin Robbins,josephbaker.8212@example.org,Colombia,2025-06-27,Premium,8956.9
8213,Allison Larson,zdavis.8213@example.net,Uruguay,2025-08-17,Premium,14142.7
8214,Dana Stone,samantha78.8214@example.org,Senegal,2023-11-20,Basic,407.67
8215,Brian Long,henryalexander.8215@example.net,Israel,2024-06-02,Standard,2212.45
8216,Sandy Williams,msmith.8216@example.org,Slovakia (Slovak Republic),2023-06-08,Basic,581.49
8217,Amy Carroll,christopher83.8217@example.net,Portugal,2022-12-25,Basic,24.84
8218,Patrick Miller,kylewilliamson.8218@example.net,Armenia,2023-09-15,Standard,2724.79
8219,Ian Cruz,alexanderdaniels.8219@example.net,Moldova,2026-04-04,Basic,659.37
8220,Anne Price,fitzpatrickbrian.8220@example.com,Indonesia,2021-09-08,Basic,216.85
8221,Aaron Harris,rfields.8221@example.org,Finland,2023-02-22,Basic,387.62
8222,Rachael Mahoney,james61.8222@example.net,French Guiana,2024-01-09,Basic,246.52
8223,Karen Baker,robertsonsamantha.8223@example.com,Trinidad and Tobago,2023-10-24,Standard,2738.6
8224,Sarah Jackson,tward.8224@example.com,Serbia,2020-03-15,Basic,306.26
8225,Linda Thomas,walterjones.8225@example.org,Montenegro,2021-12-02,Premium,9128.96
8226,Gabrielle Rangel,matthewcampbell.8226@example.com,United Kingdom,2024-04-26,Basic,729.53
8227,Tonya Vargas,petersonjessica.8227@example.org,Netherlands Antilles,2024-08-21,Standard,1881.94
8228,Michael Bowman,,Chile,2024-11-28,Standard,586.03
8229,Anthony Rodriguez,micheal66.8229@example.org,Maldives,2026-08-17,Basic,500.81
8230,Crystal Davis,jenkinsmariah.8230@example.net,Kuwait,2024-07-01,Standard,2424.45
8231,Jennifer Soto,jameshowe.8231@example.net,India,2023-11-16,Premium,8081.14
8232,Sarah Sanchez,seth01.8232@example.com,Costa Rica,2022-03-22,Basic,421.6
8233,Nicholas Sullivan,carneyross.8233@example.net,British Virgin Islands,2022-06-23,Basic,501.47
8234,Ann Hogan,joselee.8234@example.com,Andorra,2025-07-10,Standard,1629.17
8235,Joseph Smith,tony92.8235@example.org,Madagascar,2023-02-18,Basic,799.3
8236,Mary Cole,alyssahayes.8236@example.org,Cambodia,2024-10-13,Basic,405.43
8237,Megan Williams,mitchell45.8237@example.org,Indonesia,2020-10-30,Basic,514.7
8238,Amanda Andrews,woodsalexis.8238@example.net,Lao People's Democratic Republic,2020-11-09,Standard,2422.05
8239,Troy Randolph,joseph59.8239@example.org,Uruguay,2021-06-10,Standard,582.43
8240,Maria Simmons,russellemily.8240@example.com,Ecuador,2021-04-21,Basic,35.13
8241,Michael Miller,rsmith.8241@example.org,Ecuador,2024-01-22,Basic,778.39
8242,James Moore,jasonwhite.8242@example.org,Macao,2024-04-04,Premium,15180.66
8243,William Gonzalez,scott08.8243@example.org,Antarctica (the territory South of 60 deg S),2023-09-24,Premium,9079.08
8244,Charles Ball,jennynelson.8244@example.org,Guam,2021-12-07,Standard,249.47
8245,William Garcia,hillkelly.8245@example.net,Belarus,2023-11-09,Basic,133.12
8246,Christopher Li,jfox.8246@example.net,Turkey,2020-10-18,Basic,7.8
8247,Jesse Lee,kristine67.8247@example.net,Spain,2023-02-28,Standard,1310.08
8248,Carl Clark,paul76.8248@example.net,Anguilla,2021-01-13,Premium,11987.4
8249,Tina Norton,aclark.8249@example.org,French Guiana,2020-07-06,Standard,649.63
8250,Gloria Warren,rsweeney.8250@example.org,Timor-Leste,2021-02-08,Basic,511.89
8251,Nicholas Rogers,nathanhayes.8251@example.com,Guernsey,2020-09-28,Standard,2871.88
8252,Tiffany Fuller,frank35.8252@example.net,China,2023-03-12,Premium,19828.11
8253,Ricardo Parks,williamsjoseph.8253@example.net,Korea,2023-08-25,Standard,2532.87
8254,Bryan Hodges,julie98.8254@example.org,Jamaica,2024-01-23,Basic,355.11
8255,Richard Ayers,lozanoanthony.8255@example.net,Montserrat,2022-12-09,Standard,1732.75
8256,Pamela Hayes,donnaacosta.8256@example.net,Serbia,2021-03-06,Premium,11059.53
8257,John Lawrence,blogan.8257@example.net,Dominican Republic,2020-02-21,Standard,635.87
8258,Savannah Rich,vchristensen.8258@example.com,Myanmar,2024-10-05,Basic,683.53
8259,Suzanne Richardson DVM,crystal38.8259@example.net,Isle of Man,2026-07-27,Standard,2092.21
8260,Zachary Hughes,johnathantyler.8260@example.net,Macao,2021-11-17,Standard,1986.22
8261,Regina Spencer,scottlisa.8261@example.com,Guatemala,2021-05-14,Premium,5965.96
8262,Cody Baker,john29.8262@example.org,Botswana,2022-01-30,Standard,628.85
8263,Christopher Curtis,amy87.8263@example.com,Montserrat,2021-06-07,Basic,698.42
8264,Karen Miranda,connorjoseph.8264@example.com,Iran,2021-06-29,Basic,143.53
8265,Janet Quinn,leah18.8265@example.com,Bahrain,2023-04-22,Standard,406.41
8266,Erik Shepard,dale78.8266@example.net,Paraguay,2025-04-01,Basic,500.48
8267,Jennifer Thompson,johnsonrichard.8267@example.org,Falkland Islands (Malvinas),2024-10-05,Standard,2172.16
8268,Gina Molina,crobinson.8268@example.org,Pitcairn Islands,2026-06-01,Basic,95.7
8269,Frances Arnold,adaniels.8269@example.com,Italy,2022-05-22,Premium,5723.47
8270,Alyssa Mccall,nstevens.8270@example.com,Tonga,2023-04-17,Standard,2408.54
8271,Justin Miller,rodriguezerica.8271@example.org,Turkmenistan,2022-07-17,Basic,743.67
8272,Melissa Garcia,timothy98.8272@example.com,Philippines,2020-04-12,Basic,381.19
8273,Christopher Harmon,carl96.8273@example.net,Western Sahara,2022-08-06,Basic,633.6
8274,Amy Thomas,kristinehardin.8274@example.net,Cyprus,2021-09-28,Standard,1094.32
8275,William Gonzalez,xrodriguez.8275@example.net,Portugal,2023-03-15,Basic,562.59
8276,John Horne,hilljean.8276@example.org,Brunei Darussalam,2021-01-20,Basic,445.78
8277,Michelle Garcia,james75.8277@example.net,Burkina Faso,2024-12-16,Standard,2560.99
8278,Andrea Adams,ashley97.8278@example.org,United States of America,2025-08-20,Standard,2372.52
8279,Michael Gilbert,halexander.8279@example.com,Congo,2026-06-04,Standard,995.58
8280,Julie Potter,wheelerrichard.8280@example.net,Turkmenistan,2020-07-26,Standard,618.47
8281,Kristin Parks,davisjulie.8281@example.org,Fiji,2020-10-14,Basic,646.13
8282,Amber Hunt,benjamin26.8282@example.net,United Kingdom,2026-06-18,Standard,291.82
8283,Lacey Campbell,marvinpeters.8283@example.net,Northern Mariana Islands,2025-09-02,Premium,14222.7
8284,Patricia Dunn,nicholastorres.8284@example.net,Cayman Islands,2023-12-08,Standard,1532.56
8285,Luis Gordon,evanskathleen.8285@example.net,Iceland,2022-02-24,Basic,60.24
8286,Paul Ortiz,bsantiago.8286@example.com,Monaco,2023-06-18,Premium,14394.1
8287,Kevin Anderson,collinsmatthew.8287@example.net,Gambia,2023-08-01,Basic,386.3
8288,Christina Harris,mercerwendy.8288@example.org,Spain,2025-08-31,Premium,17481.82
8289,Lindsay Evans,tamarahopkins.8289@example.org,France,2023-07-16,Standard,784.17
8290,Robert Hall,tatedustin.8290@example.net,New Zealand,2020-03-08,Basic,1.84
8291,Michael Patterson,armstrongdavid.8291@example.com,Vanuatu,2024-09-04,Standard,565.36
8292,Angela Jackson,janet82.8292@example.net,Somalia,2025-03-12,Basic,215.69
8293,Kenneth Bennett,eddie87.8293@example.org,France,2021-12-28,Premium,13740.4
8294,Ana Beck,xcuevas.8294@example.org,Brunei Darussalam,2020-10-11,Standard,1215.4
8295,Jason Hernandez,michaelhernandez.8295@example.com,New Zealand,2020-12-13,Standard,531.09
8296,Gregory Richardson,jenniferhardin.8296@example.com,Israel,2025-08-15,Basic,785.26
8297,Anthony Williams,dpatton.8297@example.org,Sweden,2022-12-28,Premium,3948.09
8298,Sherry Webb,knightrobin.8298@example.com,Guinea,2023-07-16,Standard,1194.34
8299,Grant Haynes,rebekahbeard.8299@example.net,Moldova,2026-06-03,Standard,2654.49
8300,Randy Kirby,gwendolyn71.8300@example.org,Portugal,2020-05-29,Basic,522.09
8301,Michelle Kennedy,melissa69.8301@example.org,Swaziland,2021-05-17,Basic,255.84
8302,Kathy Davis,masontony.8302@example.com,Mexico,2025-07-27,Basic,776.28
8303,Daniel Holmes,ricerebecca.8303@example.org,Azerbaijan,2023-08-12,Standard,1603.08
8304,Scott Hatfield,xjones.8304@example.com,Turkey,2020-03-07,Standard,222.71
8305,Deanna Freeman,kathleensmith.8305@example.org,Slovenia,2024-09-12,Basic,4.93
8306,Gary Hamilton,mccormickkari.8306@example.org,Guadeloupe,2020-12-03,Basic,752.81
8307,Stacy Mahoney,patrickjames.8307@example.com,Wallis and Futuna,2025-03-24,Basic,224.94
8308,Amy Tyler,howekevin.8308@example.org,Kuwait,2025-05-02,Basic,649.65
8309,Matthew Taylor,glenn78.8309@example.org,Dominica,2025-07-06,Basic,34.85
8310,Brandon Thomas,cummingsphyllis.8310@example.com,Poland,2023-02-09,Premium,4644.51
8311,Vicki Bolton,adkinsnicole.8311@example.net,Brunei Darussalam,2021-10-16,Standard,2598.98
8312,Anthony Davis,khughes.8312@example.org,Djibouti,2025-11-22,Basic,795.27
8313,Kathryn Perez,donald14.8313@example.net,Cameroon,2023-09-26,Standard,345.38
8314,Albert Wilson,gkey.8314@example.org,India,2024-03-31,Premium,5017.47
8315,Tammy Lopez,james91.8315@example.org,Japan,2020-11-29,Standard,2224.15
8316,Thomas Hensley,tylertanner.8316@example.com,Marshall Islands,2024-03-02,Standard,1682.61
8317,Kathleen Rodriguez,kennethjennings.8317@example.org,Cuba,2023-11-17,Basic,324.77
8318,Carlos Stone,ashleyfrench.8318@example.org,Norway,2021-12-14,Basic,155.57
8319,Brandon Harris,christinepadilla.8319@example.com,Marshall Islands,2025-02-15,Premium,19017.84
8320,Alyssa House,uwilliams.8320@example.com,Portugal,2020-11-22,Standard,682.35
8321,Brian Harris,tom53.8321@example.org,Syrian Arab Republic,2024-10-22,Premium,6774.49
8322,Elizabeth Mendez,burnettaustin.8322@example.org,British Indian Ocean Territory (Chagos Archipelago),2026-06-05,Basic,259.44
8323,Juan Palmer,emily07.8323@example.org,Italy,2023-10-17,Premium,4494.5
8324,Suzanne Smith,vpotter.8324@example.org,Syrian Arab Republic,2020-09-12,Standard,1701.45
8325,Brenda Hensley,,Denmark,2023-09-13,Standard,1155.71
8326,Sarah Watts,nlewis.8326@example.org,Tunisia,2023-07-15,Standard,1901.97
8327,Travis Cummings,james24.8327@example.com,British Indian Ocean Territory (Chagos Archipelago),2023-09-10,Standard,1230.0
8328,Benjamin Banks,samanthagray.8328@example.net,Northern Mariana Islands,2021-10-27,Basic,93.14
8329,Brent Thomas,robertmartin.8329@example.org,Guatemala,2024-03-08,Standard,2643.27
8330,Susan Romero,joe40.8330@example.org,Morocco,2021-10-07,Premium,11173.74
8331,Mary Johnson,joel97.8331@example.org,Costa Rica,2023-09-24,Standard,1101.18
8332,Kristin Anderson,kadams.8332@example.com,Taiwan,2023-12-22,Standard,245.82
8333,Benjamin Rivera,rebeccajames.8333@example.org,United States Virgin Islands,2024-04-26,Standard,1873.97
8334,Paula Lynch,danielvelez.8334@example.com,Anguilla,2025-05-02,Basic,626.0
8335,Lisa Ortiz,benjamin51.8335@example.com,Bahamas,2025-11-25,Standard,2020.17
8336,Adam Cruz,sarahbarnes.8336@example.org,Andorra,2025-03-12,Basic,630.18
8337,Valerie Harvey,benjamin91.8337@example.com,Haiti,2025-04-27,Premium,4789.75
8338,Zachary Baker,scotthawkins.8338@example.org,Moldova,2025-10-22,Basic,777.36
8339,Richard Ball,thomas75.8339@example.net,Guyana,2021-08-15,Premium,5804.0
8340,David Davidson,marcus16.8340@example.com,Marshall Islands,2021-12-16,Standard,946.98
8341,Amanda Gibson,aprilyoung.8341@example.com,Thailand,2023-07-25,Standard,1634.52
8342,Brenda Arnold,hornandrea.8342@example.com,Tuvalu,2023-02-11,Standard,214.55
8343,Yvonne Payne,fcross.8343@example.org,Swaziland,2024-09-10,Standard,1438.86
8344,Glenda Middleton,cynthiajennings.8344@example.org,Switzerland,2020-01-23,Basic,156.58
8345,Eugene Spencer,apoole.8345@example.net,Bolivia,2020-12-05,Standard,2297.25
8346,Christopher Johnson,maryjohnson.8346@example.net,French Guiana,2024-12-28,Basic,606.2
8347,Christopher Kaufman,athompson.8347@example.net,Dominican Republic,2025-06-30,Basic,492.59
8348,Bradley Dalton,ldeleon.8348@example.net,Cocos (Keeling) Islands,2022-01-08,Standard,1380.72
8349,Cassandra Collins,candiceharris.8349@example.net,Nepal,2022-01-29,Basic,248.19
8350,Gregory Fuller,marthacannon.8350@example.org,Central African Republic,2023-10-03,Standard,2516.89
8351,Richard Ford,juliastewart.8351@example.net,Mozambique,2023-03-11,Standard,1619.86
8352,Jason Rodriguez,michaelschmidt.8352@example.com,Cyprus,2021-02-17,Standard,1590.11
8353,Anthony Jones,nguyenjeffrey.8353@example.com,Benin,2023-05-07,Basic,90.75
8354,Karen Warren,onealsamantha.8354@example.org,Wallis and Futuna,2025-06-23,Premium,5930.89
8355,Chad Garrett,michaelcharles.8355@example.org,San Marino,2024-11-16,Standard,1209.37
8356,Andres Lang,ibell.8356@example.org,Faroe Islands,2025-06-18,Standard,2156.79
8357,Kevin Ray,gregory05.8357@example.net,Bangladesh,2024-04-21,Standard,2566.76
8358,Jacqueline Martinez,gwilson.8358@example.org,Puerto Rico,2025-11-12,Standard,2980.01
8359,Michael Rodriguez,hoodmelissa.8359@example.com,Sweden,2021-09-02,Standard,1396.81
8360,Christopher Gordon,jessicacooper.8360@example.org,Slovakia (Slovak Republic),2020-04-22,Basic,362.56
8361,Andrew Knight,brian82.8361@example.com,Namibia,2020-10-05,Standard,2344.97
8362,Anna Jacobs,asanchez.8362@example.com,Dominican Republic,2026-08-20,Standard,1099.44
8363,Donald Rodriguez,gpruitt.8363@example.net,British Virgin Islands,2024-04-13,Basic,432.41
8364,Emily Ortiz,patrick88.8364@example.org,Armenia,2021-08-28,Basic,541.61
8365,Timothy Jones,angela48.8365@example.net,Cayman Islands,2025-09-16,Premium,6252.49
8366,Elizabeth Dillon,orogers.8366@example.com,Nicaragua,2022-01-25,Standard,982.85
8367,Nicholas Griffith,gomezkathy.8367@example.net,Lebanon,2023-12-29,Premium,8411.43
8368,Heather Fisher,alexander91.8368@example.com,Uruguay,2021-08-31,Basic,462.15
8369,Dr. Maureen Rose,rconrad.8369@example.org,Greenland,2020-08-19,Standard,957.16
8370,John Johnson,garcianathan.8370@example.com,Tajikistan,2021-10-15,Standard,782.87
8371,Victoria Murray,bward.8371@example.com,Azerbaijan,2021-07-11,Standard,618.62
8372,Philip Wright,cgarcia.8372@example.com,Lebanon,2023-09-11,Standard,2466.07
8373,Kendra Villarreal,samanthagross.8373@example.org,Bahrain,2020-02-20,Premium,17947.49
8374,John Roy,cindy78.8374@example.org,Timor-Leste,2021-08-08,Basic,723.78
8375,Roberto Stewart,bwu.8375@example.net,Eritrea,2023-10-18,Standard,2500.57
8376,Vincent Garcia,dmurphy.8376@example.net,French Southern Territories,2022-08-19,Standard,584.41
8377,Lance Ross,joel94.8377@example.com,China,2024-04-01,Basic,78.2
8378,Vincent Boyd,mwise.8378@example.com,Rwanda,2024-05-19,Premium,10984.96
8379,Michael Gilbert,amandamclean.8379@example.org,Gabon,2026-06-15,Premium,11385.69
8380,Sarah Williamson,floresmatthew.8380@example.org,Kyrgyz Republic,2025-08-03,Standard,2251.9
8381,Jacob Williamson,rruiz.8381@example.com,Sweden,2021-07-11,Basic,178.3
8382,Brad Garcia,zwilson.8382@example.com,Ecuador,2024-08-18,Premium,18757.09
8383,Larry Murray,emason.8383@example.net,Russian Federation,2024-03-11,Basic,247.94
8384,Richard Lynn,ashleyallen.8384@example.net,Cambodia,2023-12-22,Standard,1817.87
8385,Savannah Raymond,angela00.8385@example.net,North Macedonia,2025-05-05,Standard,2619.8
8386,James Cook,anthony46.8386@example.net,United States Virgin Islands,2020-12-26,Standard,1665.65
8387,Natalie Gross,butlerashley.8387@example.org,Tokelau,2022-07-05,Premium,15564.03
8388,Jeremy Smith,ogonzalez.8388@example.net,Turks and Caicos Islands,2025-06-15,Standard,2297.27
8389,Jennifer Shelton,perkinsglenn.8389@example.com,Yemen,2025-12-18,Basic,632.02
8390,Laura Alexander,simpsonyolanda.8390@example.org,Denmark,2020-04-01,Standard,2470.94
8391,Chloe Brown,carrollalexis.8391@example.org,Peru,2023-02-25,Standard,1298.9
8392,Mrs. Alicia Rice,markcharles.8392@example.net,Saint Vincent and the Grenadines,2021-10-07,Basic,290.84
8393,Tracy Webster,brandon31.8393@example.org,Saint Lucia,2021-02-14,Premium,16462.97
8394,Heather Robinson,jenna71.8394@example.com,Lebanon,2020-05-19,Standard,1823.19
8395,David Robertson,morrisjillian.8395@example.org,Uganda,2023-08-06,Standard,1901.6
8396,Andrew Love,ryanthomas.8396@example.org,Solomon Islands,2024-06-17,Premium,9414.51
8397,Carrie Webb,lozanolindsay.8397@example.com,Uzbekistan,2023-07-21,Basic,161.29
8398,Katherine Shelton,kjennings.8398@example.com,Bosnia and Herzegovina,2022-06-18,Basic,365.54
8399,Alan Johnson,ydyer.8399@example.com,Thailand,2025-02-26,Standard,2915.01
8400,Mitchell Erickson,vsanchez.8400@example.net,Eritrea,2024-05-11,Basic,232.69
8401,Ashley Smith,melissahopkins.8401@example.org,Uzbekistan,2026-01-27,Premium,6896.15
8402,Erin Ellis DVM,drakewilliam.8402@example.org,Bahamas,2022-04-27,Basic,104.63
8403,William Ward,heatherortiz.8403@example.net,Madagascar,2021-08-06,Basic,384.94
8404,Sandra Levine,foxwilliam.8404@example.org,Italy,2023-01-17,Standard,1007.89
8405,Gloria Brown,santosshannon.8405@example.org,Korea,2023-05-22,Standard,2123.95
8406,Michael Frye,amber93.8406@example.net,Cayman Islands,2023-01-23,Basic,108.1
8407,Debra Stanley,dadams.8407@example.net,Gambia,2025-07-25,Standard,892.47
8408,Melissa Rosales,joshuawhite.8408@example.net,Nauru,2020-04-21,Standard,373.18
8409,Ronald Gray DDS,brownstephen.8409@example.org,Germany,2023-07-12,Standard,316.12
8410,Kimberly Hodges,,Cook Islands,2022-11-16,Premium,16654.58
8411,Nicholas Long,brucemcdonald.8411@example.net,Tuvalu,2021-05-29,Premium,18305.81
8412,James Larson,jesus01.8412@example.org,Christmas Island,2024-04-14,Standard,2338.89
8413,Jill Davis,iwong.8413@example.com,New Zealand,2025-05-10,Basic,692.13
8414,Jane Davis,kylenichols.8414@example.com,Bosnia and Herzegovina,2023-08-26,Standard,442.47
8415,Jack Miller,reevesamanda.8415@example.com,British Virgin Islands,2020-07-26,Standard,2714.78
8416,Gabriela White,karen18.8416@example.org,Korea,2020-07-02,Premium,10388.72
8417,Ryan Wilkerson,holtrichard.8417@example.com,Guinea-Bissau,2022-10-26,Premium,15835.59
8418,Mark Guerra,qdiaz.8418@example.org,Mozambique,2024-06-19,Standard,1924.12
8419,Todd Lee,newmanjason.8419@example.com,French Southern Territories,2022-02-04,Premium,8297.66
8420,Elizabeth Tran,robert12.8420@example.org,Thailand,2022-01-24,Standard,941.44
8421,John Camacho,treynolds.8421@example.org,Samoa,2025-10-01,Standard,530.76
8422,Lisa Wright,davidwright.8422@example.org,Honduras,2020-02-05,Standard,1355.42
8423,Robert Moore,leahpitts.8423@example.org,Korea,2020-07-13,Standard,1583.49
8424,Kathleen Ashley,ltucker.8424@example.org,Sierra Leone,2021-01-14,Basic,786.49
8425,Chelsea Gutierrez,lewismichael.8425@example.net,Sao Tome and Principe,2026-07-29,Premium,2671.23
8426,Daniel Alvarez III,lori49.8426@example.org,Liechtenstein,2023-04-30,Basic,472.12
8427,Timothy Velez,garyroberts.8427@example.com,Zambia,2021-01-21,Standard,1669.99
8428,William Mcdaniel,joseph68.8428@example.com,Armenia,2022-01-28,Premium,2412.13
8429,Brian Davis,cesar28.8429@example.org,Myanmar,2026-06-25,Standard,1123.28
8430,Cindy Guerra,joseph28.8430@example.org,Faroe Islands,2024-08-22,Standard,1384.2
8431,Michael Lynn,awilliams.8431@example.com,Gibraltar,2021-06-30,Standard,1583.96
8432,Jeremy Krause,vickie71.8432@example.org,Benin,2021-08-10,Basic,186.76
8433,Justin Nelson,ipeters.8433@example.org,Ecuador,2020-07-02,Basic,27.28
8434,Mr. Cameron Hanson,zlittle.8434@example.net,Montenegro,2025-03-02,Standard,1022.76
8435,Lisa Williams,beckypierce.8435@example.net,Macao,2020-12-01,Basic,669.09
8436,Jason Phillips,shelly94.8436@example.net,United States Virgin Islands,2021-11-30,Standard,2462.0
8437,Molly Morales,jonesallison.8437@example.org,Aruba,2022-04-30,Premium,5253.51
8438,Ricky Henry,hendersonkaren.8438@example.net,Malawi,2024-02-25,Basic,517.04
8439,Mr. Michael Jackson MD,johnsonhannah.8439@example.org,Argentina,2024-01-20,Standard,2786.21
8440,Greg Price,derrickbrown.8440@example.org,New Zealand,2025-05-05,Premium,5097.94
8441,William Hoover,veronica90.8441@example.org,Bahamas,2021-12-26,Premium,4316.17
8442,Maurice Nguyen,jonesmichael.8442@example.org,Mexico,2022-07-30,Standard,262.01
8443,Allison Franco,robertsedward.8443@example.com,Saint Martin,2022-08-07,Standard,682.75
8444,Mary Allen,john87.8444@example.net,Namibia,2020-04-24,Standard,2479.07
8445,Becky Santana,brookeodonnell.8445@example.org,Palau,2024-12-06,Standard,2479.17
8446,Jon Walker,pramirez.8446@example.org,Cambodia,2023-07-31,Basic,432.36
8447,Christopher Walker,umartin.8447@example.net,Libyan Arab Jamahiriya,2023-03-07,Basic,266.85
8448,Emma Wells,uwilliams.8448@example.net,Burundi,2026-08-27,Premium,16522.05
8449,Charles Orr,joshua24.8449@example.com,France,2021-03-12,Premium,5510.27
8450,Eric Young,phernandez.8450@example.net,Norfolk Island,2026-06-24,Standard,591.59
8451,Chad Barrett,rwilliams.8451@example.net,Greenland,2024-07-19,Premium,3605.78
8452,Elizabeth Nelson,pgarcia.8452@example.com,United States of America,2021-06-23,Standard,2583.71
8453,Katie Golden,wilkinsjeffery.8453@example.net,Belize,2024-07-14,Standard,2201.56
8454,Thomas Keller,higginsautumn.8454@example.org,Fiji,2025-01-19,Basic,499.67
8455,Mrs. Lindsey Wood,burnettgeorge.8455@example.com,Burundi,2022-06-04,Standard,2236.91
8456,Patricia Williamson,edwardhodges.8456@example.org,Argentina,2022-04-22,Standard,601.74
8457,Jeremy Ferguson,nicholsoncatherine.8457@example.net,Switzerland,2025-08-01,Standard,1277.41
8458,Linda Mitchell,hillmichael.8458@example.com,Saint Martin,2021-01-26,Basic,651.29
8459,Jeffrey Lopez DDS,donald97.8459@example.org,Costa Rica,2020-02-02,Standard,2766.94
8460,William West,amanda37.8460@example.net,Norfolk Island,2024-06-14,Basic,410.48
8461,Christina Santana,travispeterson.8461@example.org,Botswana,2026-01-22,Basic,97.65
8462,Jennifer Reed,hrivera.8462@example.org,Hong Kong,2023-05-08,Standard,2939.85
8463,John Nicholson,wwallace.8463@example.com,Lesotho,2020-11-25,Standard,1306.08
8464,Susan Mccormick,warddebbie.8464@example.net,Czech Republic,2023-08-09,Standard,1093.19
8465,Jacqueline Smith,michaeljackson.8465@example.net,Costa Rica,2021-09-07,Standard,535.97
8466,Dana Green,kathryn41.8466@example.org,Belarus,2025-07-13,Standard,235.36
8467,Matthew Rios,scottunderwood.8467@example.org,Bulgaria,2024-02-03,Standard,1890.29
8468,Kimberly Thompson,millersherri.8468@example.org,Brunei Darussalam,2022-04-01,Basic,489.94
8469,Lori Pitts,champton.8469@example.com,Moldova,2024-03-05,Premium,6216.34
8470,Marcus Gutierrez,afisher.8470@example.com,Finland,2024-06-17,Standard,653.56
8471,Sarah Edwards,mlang.8471@example.net,Japan,2024-07-15,Premium,11504.16
8472,Tonya Miller,johnstoncolleen.8472@example.com,Andorra,2022-06-13,Standard,1419.14
8473,Kelly Lee,christinefox.8473@example.net,American Samoa,2023-10-25,Standard,1050.23
8474,Nathan Obrien,dustinramos.8474@example.org,Thailand,2020-04-14,Standard,811.05
8475,Michael Miller,rlee.8475@example.net,Ecuador,2022-09-12,Standard,2606.06
8476,David Vazquez,abbottmary.8476@example.org,India,2022-07-12,Standard,2954.72
8477,Stephen Duran,petersendoris.8477@example.com,Barbados,2023-07-29,Standard,1195.63
8478,Samantha Glass,christopher64.8478@example.net,South Georgia and the South Sandwich Islands,2026-05-08,Basic,558.5
8479,James Donovan,cassie23.8479@example.net,Latvia,2026-05-17,Premium,17579.85
8480,Douglas Smith,ryansmith.8480@example.net,Colombia,2023-03-26,Basic,21.55
8481,Shannon Torres,robertnewton.8481@example.net,Vietnam,2024-04-26,Standard,2742.58
8482,Miss Danielle Ibarra,robertamiller.8482@example.net,Sweden,2020-09-21,Basic,399.32
8483,Mary Walker,rasmussenjason.8483@example.net,Serbia,2023-03-23,Standard,1758.9
8484,Jonathan Whitaker,cindysmith.8484@example.net,Cameroon,2024-08-06,Standard,1711.65
8485,Alisha Montes,joanmartinez.8485@example.org,United States of America,2024-07-25,Premium,6372.69
8486,Christine Schmidt,jhernandez.8486@example.net,Bangladesh,2026-06-10,Basic,625.79
8487,Walter Sherman,meghanroth.8487@example.org,Albania,2023-02-12,Standard,2250.55
8488,Jose Elliott DDS,vkaufman.8488@example.net,Finland,2026-01-26,Standard,468.22
8489,Judith Chambers,hollyperkins.8489@example.net,Tanzania,2026-07-18,Basic,450.23
8490,Amber Friedman,plambert.8490@example.org,Grenada,2023-10-28,Standard,2879.67
8491,Brenda Melendez,chaseacosta.8491@example.net,Hungary,2020-08-11,Standard,2639.24
8492,Stephen Olson,julia32.8492@example.com,Puerto Rico,2022-07-07,Basic,500.72
8493,Roberta Gonzalez,dawnreed.8493@example.com,Svalbard & Jan Mayen Islands,2025-02-10,Premium,5576.48
8494,Matthew Solomon,theresaellis.8494@example.com,Svalbard & Jan Mayen Islands,2023-11-19,Basic,277.78
8495,Dr. Sherri Lewis,xavier17.8495@example.net,Israel,2026-04-05,Basic,120.29
8496,Jose Shah,lindseycharles.8496@example.org,Slovenia,2025-06-15,Basic,657.54
8497,Christopher Pittman,bwalker.8497@example.com,Palestinian Territory,2020-06-03,Basic,622.94
8498,Daniel Wilson,timothy84.8498@example.net,Sweden,2025-10-04,Standard,2749.0
8499,Kimberly Smith,garciajason.8499@example.net,Montenegro,2022-05-22,Standard,377.51
8500,Michael Randolph,madison88.8500@example.org,Djibouti,2025-06-22,Premium,19364.84
8501,Mrs. Bonnie Holloway,alyssa23.8501@example.com,United States of America,2023-05-25,Basic,773.14
8502,Mark Benton,douglasturner.8502@example.org,Cambodia,2023-01-17,Premium,14139.38
8503,Nicole Hayes,patriciacox.8503@example.com,American Samoa,2020-06-25,Basic,705.4
8504,Caleb Scott,orodriguez.8504@example.org,Gabon,2020-10-17,Standard,1427.63
8505,Kimberly Hunt DDS,davidweaver.8505@example.org,Cook Islands,2023-12-24,Premium,7641.28
8506,James Arroyo,wrightcraig.8506@example.net,Algeria,2023-10-21,Premium,4778.63
8507,Dorothy Hansen,margaretlong.8507@example.net,Bouvet Island (Bouvetoya),2023-09-17,Basic,25.26
8508,Michelle Simmons,griffinnicole.8508@example.net,Cameroon,2021-01-16,Premium,2755.95
8509,Laurie Gray,travis68.8509@example.com,Gabon,2023-05-30,Premium,14448.2
8510,Stephanie Montes,belliott.8510@example.com,Cocos (Keeling) Islands,2020-05-28,Premium,8058.34
8511,Lucas Goodwin,thomaseverett.8511@example.net,Saint Barthelemy,2020-12-17,Standard,351.37
8512,David Phillips,martincarter.8512@example.com,Korea,2023-05-02,Basic,89.76
8513,Kayla Cox,billyrodriguez.8513@example.com,United Arab Emirates,2024-02-15,Standard,2062.79
8514,John Leonard,tarafigueroa.8514@example.net,China,2024-05-19,Standard,2828.3
8515,Shawn Moore,fryrobert.8515@example.com,Palau,2026-07-25,Premium,9343.61
8516,Robert Gibson,vfields.8516@example.com,Mexico,2025-09-16,Premium,15997.84
8517,Paul Lee,paigeroman.8517@example.org,Ethiopia,2022-07-16,Standard,2926.03
8518,Ryan Bowen,jamesknapp.8518@example.com,Northern Mariana Islands,2025-03-26,Premium,14749.39
8519,Catherine Shaw,andersonchristopher.8519@example.com,Georgia,2020-08-21,Premium,15014.12
8520,Timothy Patterson,foleycheryl.8520@example.com,Central African Republic,2025-09-24,Premium,13086.21
8521,Benjamin Ferguson,hmartinez.8521@example.org,Finland,2022-08-02,Standard,2937.49
8522,Nicholas Nelson,julie06.8522@example.com,Jersey,2025-01-30,Basic,239.84
8523,Vanessa Marquez,danapope.8523@example.org,Gibraltar,2026-06-28,Premium,16093.79
8524,Sean Sloan,rosschristopher.8524@example.com,Tajikistan,2024-09-13,Standard,1362.22
8525,Eric Cox,timothynelson.8525@example.net,Dominica,2026-02-25,Standard,635.17
8526,Anthony Johnson MD,zgonzales.8526@example.net,Guam,2020-01-25,Basic,591.5
8527,Renee Garrett,rhonda06.8527@example.net,Iran,2021-02-20,Premium,16929.23
8528,Cory Nguyen,elizabethrobertson.8528@example.net,French Southern Territories,2024-03-08,Basic,690.88
8529,James Smith,taradelgado.8529@example.com,Lithuania,2023-08-13,Basic,737.5
8530,Amanda Wright,obrown.8530@example.org,Dominica,2020-10-21,Basic,595.93
8531,Jeffrey Lynch,ibarnes.8531@example.org,Kenya,2024-10-20,Basic,422.09
8532,Steven Schneider,tsmith.8532@example.net,Angola,2020-05-23,Premium,18896.52
8533,Lauren Ramirez,rogersbrittany.8533@example.org,Comoros,2026-08-16,Basic,167.65
8534,Angela Williamson,joseph91.8534@example.net,Colombia,2021-01-16,Basic,61.85
8535,Christopher Blackburn,jlynch.8535@example.org,Guadeloupe,2022-12-23,Standard,1408.55
8536,Michelle Osborn,sean41.8536@example.net,Thailand,2025-07-03,Premium,12479.93
8537,Alexander Perry,boydstephanie.8537@example.org,Ethiopia,2023-06-09,Basic,543.99
8538,Angela Perry,perkinschristopher.8538@example.com,Cuba,2024-12-21,Premium,16677.6
8539,Curtis Morris,sanchezrachael.8539@example.org,South Africa,2024-09-14,Basic,21.41
8540,Patrick Hughes,amandaadams.8540@example.org,Fiji,2026-05-05,Standard,2445.73
8541,William Perry,lisa81.8541@example.com,Bhutan,2023-02-06,Basic,480.1
8542,William Salazar,nancy86.8542@example.net,Guyana,2026-07-18,Premium,19153.06
8543,Melissa Matthews,powens.8543@example.org,Montserrat,2023-06-15,Basic,278.32
8544,Alyssa Smith,gonzalesheather.8544@example.net,Saint Martin,2025-12-21,Standard,1927.54
8545,Christopher Jensen,taylorscott.8545@example.org,Saint Helena,2024-11-24,Basic,613.24
8546,Melissa Jones,stephaniebaker.8546@example.net,Lebanon,2020-11-20,Premium,11295.12
8547,Gary Petty,esparzatracy.8547@example.net,Sri Lanka,2024-04-20,Premium,4806.34
8548,Meghan Mcgee,rowedonna.8548@example.org,Niger,2025-11-15,Premium,2896.4
8549,Robert Wallace,whull.8549@example.net,Pakistan,2020-11-09,Premium,4005.21
8550,James Thomas,hannah60.8550@example.org,Jordan,2025-08-09,Basic,395.92
8551,Charles Watson,ataylor.8551@example.net,Jamaica,2020-09-14,Premium,13512.96
8552,Brian Brock,warrensoto.8552@example.org,Tonga,2025-10-28,Standard,1797.46
8553,Dustin Willis,harold28.8553@example.net,Mali,2025-04-10,Basic,570.33
8554,Donald Rowe,olivia36.8554@example.net,Angola,2021-01-05,Standard,309.19
8555,Tonya Cardenas,joseph63.8555@example.com,Samoa,2024-11-09,Standard,581.75
8556,Jillian Adams,sarahcole.8556@example.org,Botswana,2020-10-12,Standard,2331.19
8557,Hannah Shaw,danielwhite.8557@example.org,Saint Lucia,2023-10-19,Standard,2387.31
8558,Tammy Brooks,carlos36.8558@example.net,Timor-Leste,2026-03-05,Basic,561.84
8559,David Johnson,christopherwalker.8559@example.net,Malaysia,2021-05-17,Standard,2287.2
8560,Tara Rodriguez,ballernest.8560@example.com,Namibia,2021-02-28,Standard,2897.63
8561,Luis Martinez,amycooper.8561@example.org,Bahrain,2022-10-29,Standard,2843.81
8562,William Webb,savannah31.8562@example.org,Uganda,2022-06-19,Basic,515.59
8563,Monique Mcdaniel,asoto.8563@example.com,Seychelles,2020-04-28,Standard,1094.14
8564,Matthew Edwards,christianatkins.8564@example.org,Denmark,2023-01-18,Basic,11.29
8565,Jose Reed,monica43.8565@example.net,Norway,2021-09-25,Standard,1968.5
8566,Christine Ellis,noblemary.8566@example.net,Mali,2020-10-30,Standard,1407.65
8567,Angela Mccarty,james07.8567@example.com,Marshall Islands,2021-11-05,Basic,117.62
8568,Aaron Smith,rperry.8568@example.org,Chad,2020-02-20,Premium,5874.64
8569,Amy Strickland,whitakercraig.8569@example.net,Northern Mariana Islands,2026-02-12,Standard,2822.28
8570,Brian Thompson,dylanduncan.8570@example.com,Malawi,2026-08-24,Premium,3192.01
8571,Julie Estes,millerrobert.8571@example.org,United States Virgin Islands,2022-06-16,Basic,629.98
8572,Margaret Johnson,briggssteven.8572@example.com,Liechtenstein,2025-11-10,Standard,2725.74
8573,Alicia Barnes,charlesmcconnell.8573@example.net,Ukraine,2023-01-31,Standard,2127.37
8574,Cynthia Hester,dawn56.8574@example.com,Vanuatu,2026-02-05,Premium,3104.15
8575,Angela Jones,williamsedward.8575@example.net,Burkina Faso,2021-02-26,Basic,676.68
8576,Kylie Rivera,owallace.8576@example.net,Turkey,2021-11-25,Standard,2029.21
8577,Anna Jones,erinhale.8577@example.net,Ireland,2024-12-11,Standard,975.69
8578,Ashley Wood,stephensonkimberly.8578@example.org,Cocos (Keeling) Islands,2021-06-21,Premium,13333.8
8579,Denise Thomas,brettjohnson.8579@example.com,United Kingdom,2025-07-04,Standard,582.32
8580,Brian Short,robert89.8580@example.com,Singapore,2022-11-05,Standard,2181.41
8581,Anna Smith,wilsonnathan.8581@example.org,Montserrat,2022-09-13,Basic,722.4
8582,Juan Hale,brianbridges.8582@example.com,Iran,2023-01-12,Standard,1660.71
8583,Troy Olson,michael71.8583@example.net,Montenegro,2025-05-02,Premium,19137.91
8584,Robin Jones,leechad.8584@example.org,Hungary,2020-01-14,Standard,1426.67
8585,Martha Hall,qdavila.8585@example.net,Lesotho,2025-01-07,Standard,2601.19
8586,Alyssa Dunlap,laurajackson.8586@example.net,Guatemala,2025-03-17,Premium,15925.67
8587,Matthew Williams,davidingram.8587@example.net,New Caledonia,2025-06-28,Standard,447.6
8588,Nicholas Nelson,thompsonmichelle.8588@example.net,Vanuatu,2026-08-30,Standard,2755.43
8589,Colton Nguyen,rdavis.8589@example.org,Mali,2025-03-25,Basic,728.34
8590,Kevin Martin,gibsonmindy.8590@example.org,Vietnam,2023-07-15,Standard,1183.96
8591,Ian Barr,jennifer93.8591@example.net,Honduras,2023-02-12,Standard,2421.63
8592,Donald Myers,aimeeturner.8592@example.org,Vanuatu,2022-08-06,Basic,179.71
8593,Miranda Williams,harveypatrick.8593@example.org,Comoros,2025-07-12,Standard,285.1
8594,Melanie Roberson,mhall.8594@example.com,Lesotho,2022-08-17,Premium,5742.87
8595,Vanessa Smith,holmesmark.8595@example.net,Saint Martin,2023-10-30,Standard,1555.17
8596,Jeffery Lopez,isimpson.8596@example.org,Bahrain,2020-08-22,Basic,46.21
8597,Sandy Estes,heather46.8597@example.com,Kiribati,2022-02-13,Standard,648.02
8598,Wendy Cline,patricia10.8598@example.org,Zimbabwe,2021-10-11,Standard,2861.23
8599,Timothy Hill,lcollins.8599@example.com,Nepal,2022-11-28,Standard,1582.75
8600,Meghan Reed,thompsonnathan.8600@example.org,Slovenia,2023-05-11,Standard,2504.68
8601,Austin Mora,rbradley.8601@example.com,Turkmenistan,2024-10-15,Premium,5719.21
8602,Diane Lane,andrea66.8602@example.net,Chile,2022-11-20,Standard,447.86
8603,Ricardo Wiggins,xpham.8603@example.com,Comoros,2021-01-02,Basic,624.44
8604,William Navarro,joshuali.8604@example.org,United Kingdom,2023-08-23,Basic,279.07
8605,Cheyenne Alexander,taylornicole.8605@example.net,San Marino,2020-05-13,Premium,10276.48
8606,Megan Duncan,tonya10.8606@example.org,Brazil,2025-09-04,Standard,2977.96
8607,Elizabeth Martinez,elizabeth90.8607@example.org,Sweden,2025-02-24,Premium,7697.55
8608,Anne Thompson,qpetersen.8608@example.net,Malawi,2021-07-04,Standard,1524.81
8609,Kevin Simmons,donaldknight.8609@example.org,Reunion,2021-10-04,Standard,1977.47
8610,Lisa Jones,zjohnson.8610@example.org,Israel,2020-03-08,Standard,449.39
8611,Jody Perry,lauragriffith.8611@example.net,New Caledonia,2022-06-08,Basic,573.15
8612,Suzanne Neal,ynelson.8612@example.com,Kyrgyz Republic,2020-04-03,Standard,1464.85
8613,Casey Wong,davidcannon.8613@example.com,Reunion,2026-04-05,Standard,690.04
8614,Jennifer Palmer,timothyfloyd.8614@example.net,El Salvador,2020-11-23,Basic,344.43
8615,Elizabeth Stanley,iroberts.8615@example.com,Venezuela,2024-05-29,Standard,1489.87
8616,Judy Davis,xlee.8616@example.net,Belize,2023-10-25,Basic,512.59
8617,James Hill,michaelchandler.8617@example.org,Ireland,2021-08-01,Basic,749.71
8618,Joshua Marks,larry31.8618@example.org,Holy See (Vatican City State),2025-05-27,Standard,2342.18
8619,Shawn Spence,amiller.8619@example.net,Saint Kitts and Nevis,2020-09-22,Standard,1270.86
8620,Mrs. Kelly Carter,cindyjohnson.8620@example.com,Pitcairn Islands,2025-12-05,Standard,2915.02
8621,Robert Rice,cproctor.8621@example.com,Tonga,2024-12-12,Basic,632.66
8622,Lisa Garcia,changdaniel.8622@example.com,Venezuela,2024-03-30,Premium,2503.13
8623,Kristin Flores,bmcfarland.8623@example.net,Qatar,2025-11-18,Basic,93.27
8624,Terry Snyder,tracyhorton.8624@example.org,Reunion,2022-09-11,Standard,810.43
8625,Jessica York,owensjessica.8625@example.org,Sweden,2021-11-18,Basic,66.8
8626,Patricia Franco,jacobtorres.8626@example.com,Congo,2021-01-12,Standard,1559.2
8627,Michelle Mays,gjackson.8627@example.org,Sri Lanka,2026-03-07,Basic,272.57
8628,Christy Wells,fhart.8628@example.org,Italy,2022-09-07,Premium,19512.66
8629,Judith Rodriguez,wdavis.8629@example.net,Kazakhstan,2025-07-18,Standard,1523.66
8630,Jamie Morales,mbuchanan.8630@example.com,Liechtenstein,2022-03-22,Basic,169.72
8631,Matthew Cox,toddcaleb.8631@example.net,Lithuania,2026-05-21,Standard,2918.05
8632,Susan Lutz MD,brownjason.8632@example.org,Barbados,2025-10-25,Standard,1638.87
8633,Stacy Rubio,christophergomez.8633@example.net,New Caledonia,2022-01-22,Basic,58.45
8634,Jeffrey Harris,dwebster.8634@example.org,El Salvador,2023-04-03,Basic,64.7
8635,Jason Davis MD,angelagreen.8635@example.com,Tanzania,2025-04-22,Premium,14155.27
8636,Marie Anderson,albert48.8636@example.com,Ireland,2021-07-06,Standard,1585.43
8637,Julie Rodriguez,martineznicholas.8637@example.com,Ethiopia,2020-02-27,Standard,1947.85
8638,Matthew Horne,swebb.8638@example.net,Samoa,2021-12-06,Standard,2579.05
8639,Annette Daniel,katherinekent.8639@example.com,Poland,2023-12-13,Standard,2107.87
8640,Miss Angela Henry,caitlin33.8640@example.net,Saint Kitts and Nevis,2020-11-29,Premium,17512.22
8641,Eugene Miller,robertfisher.8641@example.com,Saint Lucia,2022-03-25,Standard,2279.53
8642,Andrea Taylor,jasminemyers.8642@example.org,Rwanda,2026-02-21,Standard,2088.32
8643,Cheryl Knight,timothystewart.8643@example.net,Monaco,2020-07-02,Basic,107.76
8644,Crystal Solis,tiffanypatterson.8644@example.net,Italy,2020-05-02,Standard,1551.92
8645,Jerry Lewis,wanda26.8645@example.net,Benin,2022-11-01,Standard,1412.66
8646,Michael Craig,sandra35.8646@example.net,Dominican Republic,2020-02-01,Basic,432.56
8647,Nicole Thomas,benjamin71.8647@example.net,Saint Kitts and Nevis,2020-03-08,Basic,312.91
8648,Shannon Parker,qmorales.8648@example.com,Jordan,2021-03-22,Standard,1937.22
8649,Michael Morales,davidsonpatrick.8649@example.org,India,2020-09-06,Basic,313.96
8650,Eric Wilson,ramseychloe.8650@example.com,Saint Lucia,2025-06-03,Standard,1761.33
8651,Matthew Flynn,monica09.8651@example.net,American Samoa,2020-10-26,Standard,1305.65
8652,Sharon Wall,dspencer.8652@example.com,Haiti,2023-07-02,Standard,2724.95
8653,Bridget Jackson,woodwarddarlene.8653@example.org,Denmark,2024-09-18,Premium,8721.48
8654,Elizabeth Moore,vmorris.8654@example.net,Colombia,2024-03-08,Standard,2246.61
8655,Stephanie Raymond,ksmith.8655@example.com,Uruguay,2024-05-15,Standard,1918.46
8656,Tiffany Cervantes,justinbrown.8656@example.net,Nepal,2022-05-23,Basic,308.42
8657,Charles Walton,jennifer87.8657@example.net,Latvia,2025-12-10,Standard,2461.37
8658,Alex Cole,williamsmark.8658@example.com,Gambia,2020-06-16,Premium,18696.21
8659,Carlos Swanson,watsonpaul.8659@example.net,North Macedonia,2020-09-19,Standard,2329.36
8660,Mary Huff,gmiles.8660@example.com,Heard Island and McDonald Islands,2025-09-21,Premium,19074.58
8661,Kenneth Garrett,chaveztravis.8661@example.com,Tonga,2020-06-15,Basic,349.05
8662,Emily Charles,codypeters.8662@example.org,Saint Barthelemy,2021-04-13,Basic,730.99
8663,Patrick Miller,,Belarus,2021-02-26,Basic,700.98
8664,Brittany Maldonado,owilliams.8664@example.org,Greenland,2020-03-21,Basic,609.91
8665,James Turner,mvasquez.8665@example.net,Togo,2020-10-12,Standard,2538.56
8666,Ana Turner DDS,rachel17.8666@example.net,Armenia,2023-10-30,Premium,15142.41
8667,Janet Evans,uward.8667@example.net,New Zealand,2024-06-02,Standard,1634.46
8668,Sarah Walker,dianerasmussen.8668@example.org,Pitcairn Islands,2020-07-22,Basic,441.94
8669,William Jackson,wmedina.8669@example.com,China,2026-04-20,Standard,1369.52
8670,Eric Wells,apatterson.8670@example.net,Barbados,2020-08-21,Premium,13957.27
8671,Lance King,qcunningham.8671@example.org,Mauritius,2024-08-04,Standard,1109.41
8672,Olivia Klein,romeroricky.8672@example.net,Ghana,2025-05-08,Standard,2271.05
8673,Kevin Bradshaw,cynthia14.8673@example.org,Nepal,2023-06-25,Standard,1614.32
8674,Richard Aguilar,acostasarah.8674@example.org,Grenada,2023-04-15,Premium,8357.38
8675,Donna Martin,stephanielewis.8675@example.org,Jamaica,2020-09-23,Standard,612.24
8676,Justin Nguyen,lpowell.8676@example.net,Isle of Man,2021-08-12,Standard,915.47
8677,Kayla Rivera,kirbykaren.8677@example.org,Gabon,2025-09-08,Basic,512.16
8678,Alyssa Howard,joneschris.8678@example.org,Cape Verde,2022-05-01,Basic,295.88
8679,Dawn Hernandez,vrich.8679@example.com,Vanuatu,2020-03-25,Premium,2597.04
8680,Steven Collins,flambert.8680@example.net,Guinea-Bissau,2024-11-15,Basic,263.79
8681,Jeffrey Pugh,morganherrera.8681@example.com,Angola,2024-07-27,Basic,293.09
8682,Brooke Johnson,zimmermanjohnny.8682@example.net,Romania,2020-06-11,Standard,856.04
8683,Morgan Cruz,montesjoyce.8683@example.com,Bhutan,2020-05-04,Basic,229.05
8684,Cameron Clark,toddbriggs.8684@example.net,Gabon,2020-10-11,Basic,563.94
8685,Andrew Franklin,angelica63.8685@example.com,Heard Island and McDonald Islands,2020-05-04,Standard,2289.55
8686,Wanda Chen,samantha59.8686@example.net,Nepal,2024-02-13,Standard,2884.92
8687,Hannah Shaffer,zmurphy.8687@example.org,Liechtenstein,2020-11-19,Standard,530.65
8688,Donna Atkins,morrowmichael.8688@example.org,Congo,2024-01-22,Standard,1072.83
8689,Brandon Williams,christyjohnson.8689@example.net,Syrian Arab Republic,2021-03-06,Basic,61.64
8690,Erin Logan,rthompson.8690@example.org,San Marino,2026-07-02,Standard,1917.25
8691,Brian Orr,ydavis.8691@example.org,Albania,2024-11-07,Standard,245.89
8692,Becky Hernandez,tylerburton.8692@example.net,Algeria,2022-07-03,Basic,164.29
8693,Michael Crawford,gmcfarland.8693@example.com,Tanzania,2022-11-12,Basic,469.58
8694,Erin Taylor,seth15.8694@example.com,Portugal,2020-06-07,Standard,1204.47
8695,Jason Kidd,barbaracampbell.8695@example.com,Nicaragua,2020-05-14,Basic,435.5
8696,Jacqueline Gallegos,doylemary.8696@example.com,Trinidad and Tobago,2023-08-05,Standard,1992.67
8697,Sarah Willis,rileydavid.8697@example.net,Nepal,2020-02-25,Standard,2549.03
8698,Jean Glenn,howardandrew.8698@example.org,Iraq,2024-04-07,Standard,1300.05
8699,Brent Farrell,jessicapeterson.8699@example.org,Anguilla,2022-07-22,Basic,223.12
8700,Travis Hill,pburnett.8700@example.org,Liberia,2020-12-06,Standard,1708.65
8701,Matthew Mccall,nbarnes.8701@example.net,Kiribati,2023-08-01,Standard,395.11
8702,Victoria Dean,colemankelly.8702@example.org,Yemen,2023-09-12,Standard,317.36
8703,Jessica Jackson,smithdiana.8703@example.net,Finland,2024-12-27,Basic,361.79
8704,Deanna Mcneil,michael57.8704@example.org,South Africa,2021-04-27,Premium,5925.42
8705,David Sims,gonzalesnicole.8705@example.net,Guam,2023-08-29,Standard,220.21
8706,Crystal Robinson,coconnell.8706@example.com,Venezuela,2025-08-24,Basic,543.5
8707,John Brown II,mary43.8707@example.net,United Arab Emirates,2021-10-21,Basic,652.92
8708,Daniel Donovan,jason92.8708@example.net,Pakistan,2025-08-01,Standard,614.06
8709,Breanna Barnes,johnathancraig.8709@example.org,Somalia,2024-11-01,Standard,1778.93
8710,Ryan Lewis,santosmichael.8710@example.org,Denmark,2022-11-15,Standard,2955.16
8711,Jeffery Garcia,reedbruce.8711@example.net,Malawi,2025-11-26,Standard,952.52
8712,Gerald Farmer,paulsavage.8712@example.org,Tajikistan,2026-06-18,Standard,2246.28
8713,Madison Snow,sabrinawright.8713@example.org,Cape Verde,2021-08-01,Basic,129.68
8714,Jacob Padilla,michelle11.8714@example.com,Japan,2026-07-20,Premium,18777.67
8715,Theresa Floyd,tallen.8715@example.com,Bosnia and Herzegovina,2020-01-06,Basic,0.35
8716,Stacey Barnes,david92.8716@example.com,Morocco,2020-11-11,Premium,7305.14
8717,Helen Hall,mwilliams.8717@example.net,Anguilla,2020-04-15,Basic,781.15
8718,Kelly Carrillo,crystalcarroll.8718@example.com,Congo,2022-06-16,Premium,14072.42
8719,Robert Parrish,brooke12.8719@example.org,Honduras,2026-04-07,Premium,5813.22
8720,Katherine Lawson,pturner.8720@example.com,El Salvador,2024-01-05,Premium,16244.58
8721,Andrea Johnson,derrickgutierrez.8721@example.net,Congo,2024-02-14,Standard,2714.64
8722,Carlos Lee,moorekimberly.8722@example.org,Uzbekistan,2020-07-26,Standard,1564.36
8723,John Nelson,collinsmary.8723@example.org,Guam,2023-06-14,Standard,636.87
8724,Charles Taylor,ryan22.8724@example.com,Barbados,2022-07-23,Basic,206.87
8725,Michael Carter,theresasmith.8725@example.com,Maldives,2023-03-16,Standard,2840.72
8726,Dr. William Walsh,qmartin.8726@example.net,Turks and Caicos Islands,2021-09-29,Standard,651.09
8727,Nancy Bullock,marcus81.8727@example.org,Jordan,2021-05-07,Standard,1073.34
8728,Michael Miranda,raguirre.8728@example.net,Sao Tome and Principe,2026-05-13,Basic,116.43
8729,Kimberly Cole,rojasangela.8729@example.org,Bahrain,2023-09-25,Premium,3900.91
8730,Scott Lucas,xthomas.8730@example.net,Turks and Caicos Islands,2022-10-02,Standard,1661.67
8731,Amy Stewart,sestes.8731@example.com,Poland,2020-06-29,Premium,9140.77
8732,Christopher Mckenzie,dawnmccann.8732@example.net,French Southern Territories,2025-02-05,Standard,329.27
8733,Paula Schultz,jeffreyramos.8733@example.com,Guinea-Bissau,2023-02-28,Standard,606.55
8734,Elizabeth Coleman,suarezjeffrey.8734@example.net,Fiji,2022-08-02,Premium,2677.85
8735,John Brewer,isaac32.8735@example.com,Singapore,2024-06-16,Premium,2442.62
8736,Dwayne Scott,ericjenkins.8736@example.com,Senegal,2020-11-17,Basic,142.78
8737,Brandy Williams,david54.8737@example.net,Guam,2023-07-26,Premium,15385.69
8738,Jonathan Mercer,wesleycox.8738@example.com,Namibia,2025-10-08,Standard,241.36
8739,Susan Robinson,grossmegan.8739@example.net,Ethiopia,2023-02-07,Standard,1052.54
8740,Laura Floyd,qstevens.8740@example.com,Moldova,2020-01-02,Basic,451.83
8741,Rebecca Jones,jason91.8741@example.org,Turkey,2021-07-15,Basic,594.96
8742,Tamara Lam,trujillolori.8742@example.org,Bosnia and Herzegovina,2020-05-16,Premium,14202.05
8743,Jennifer Kelly,wgarcia.8743@example.net,Bermuda,2023-05-06,Basic,790.74
8744,Brittany Little,rclark.8744@example.org,Netherlands Antilles,2022-06-08,Standard,971.76
8745,Robert Delgado,jefferydavis.8745@example.com,Bhutan,2020-11-19,Standard,200.39
8746,Olivia Bishop,riddlerebecca.8746@example.com,Mexico,2024-08-04,Standard,307.01
8747,Eddie Hill,ajones.8747@example.com,Ecuador,2021-03-07,Basic,78.01
8748,Joseph Rios,brownsarah.8748@example.com,Germany,2022-04-14,Standard,2930.67
8749,Shawn Allen,christylynn.8749@example.com,Dominican Republic,2026-08-08,Standard,1796.14
8750,Keith Collins,paulayala.8750@example.net,Vanuatu,2020-06-10,Premium,16388.63
8751,Joseph Warren,heather92.8751@example.org,Austria,2021-08-27,Standard,2958.22
8752,Brandon Lopez,jwinters.8752@example.com,Norway,2022-02-15,Basic,675.41
8753,Carl Lopez,meltonrachel.8753@example.org,Uzbekistan,2023-05-27,Standard,1341.32
8754,Jesse Stafford,billaustin.8754@example.com,Burkina Faso,2021-08-21,Basic,700.71
8755,Andrew Castaneda,kristina70.8755@example.org,Finland,2026-06-26,Premium,9807.52
8756,Bianca Mendoza,alvarezsharon.8756@example.net,Philippines,2020-01-14,Basic,91.17
8757,Kathleen Rich,william99.8757@example.org,Madagascar,2026-05-04,Basic,438.51
8758,Anthony Bell,qwagner.8758@example.com,Mauritius,2023-07-29,Standard,2764.09
8759,Terry Lowe,slozano.8759@example.com,Tunisia,2020-04-03,Premium,16121.69
8760,Jennifer Alvarez,mpreston.8760@example.com,Cambodia,2020-10-11,Standard,1325.4
8761,Laura Ray,harrisscott.8761@example.org,El Salvador,2020-09-08,Premium,17387.59
8762,William Webb,cfigueroa.8762@example.org,Cameroon,2021-12-03,Standard,1499.71
8763,Taylor Middleton,jamesjensen.8763@example.net,Cyprus,2022-03-24,Basic,547.66
8764,Megan Sanders,brandon26.8764@example.org,Georgia,2024-04-14,Standard,1132.78
8765,Mark Morgan,nelsonmelissa.8765@example.com,Saint Martin,2022-01-29,Premium,5504.85
8766,Miranda Weaver,david83.8766@example.com,Swaziland,2024-11-05,Standard,1077.72
8767,James Carter,willisjames.8767@example.org,Malta,2021-12-18,Standard,2650.46
8768,Robin Conley,alvarezmichael.8768@example.com,Denmark,2021-10-05,Standard,2971.36
8769,Thomas Johnson,simskathryn.8769@example.com,Antarctica (the territory South of 60 deg S),2021-11-03,Standard,938.97
8770,Tracy Alvarez,brentjohnston.8770@example.com,Ireland,2022-03-14,Basic,132.29
8771,Troy Ali,batesthomas.8771@example.net,Egypt,2025-08-07,Premium,3279.49
8772,Thomas Mejia,nicolewilson.8772@example.net,Norfolk Island,2021-08-25,Standard,2310.69
8773,Beth Holloway,mclark.8773@example.net,Malta,2021-10-29,Standard,1678.4
8774,Janice Carter,rmarshall.8774@example.org,Poland,2026-05-25,Premium,12009.8
8775,Ashley Gay,johntaylor.8775@example.net,Saint Martin,2024-05-15,Standard,326.58
8776,Julie Tapia,adam09.8776@example.com,Martinique,2021-04-10,Standard,426.96
8777,Haley Mathis,craigpeter.8777@example.net,Djibouti,2025-10-21,Standard,2760.94
8778,Jason Bright,richardsnorma.8778@example.com,Slovakia (Slovak Republic),2021-03-23,Basic,461.38
8779,Natalie Ryan,griffinpeter.8779@example.net,Honduras,2021-01-30,Standard,813.78
8780,Michael Garcia,paul10.8780@example.net,Korea,2022-12-22,Standard,780.89
8781,Jeff York,qatkinson.8781@example.net,Ghana,2024-08-15,Basic,192.72
8782,Karen Carter,jeffreygreene.8782@example.com,Bolivia,2021-04-07,Basic,51.01
8783,Carl Young,stephanie18.8783@example.com,Costa Rica,2025-01-13,Premium,2895.74
8784,David Taylor,danieljimenez.8784@example.net,Svalbard & Jan Mayen Islands,2021-01-17,Basic,575.99
8785,Nicholas Mcgrath,darlene09.8785@example.net,Benin,2025-03-24,Basic,211.01
8786,Kyle Walters,brianevans.8786@example.com,Congo,2020-08-22,Premium,8920.37
8787,Maria Salas,christina20.8787@example.com,Timor-Leste,2023-02-08,Standard,1704.62
8788,David Barber,bonnieanderson.8788@example.net,Wallis and Futuna,2024-04-12,Premium,7761.15
8789,Andrea May,brianwagner.8789@example.org,Solomon Islands,2021-10-10,Standard,1540.6
8790,Charles Sloan,dylan94.8790@example.net,Oman,2024-02-03,Basic,692.01
8791,Sarah Martin,ibishop.8791@example.net,Comoros,2024-08-08,Standard,883.48
8792,Micheal Burke,cohentiffany.8792@example.org,Philippines,2024-05-06,Standard,2415.53
8793,Shannon Acosta,richard11.8793@example.com,Guernsey,2022-08-27,Standard,939.06
8794,Amy Stevens,victoriaholder.8794@example.org,Isle of Man,2025-03-03,Standard,723.45
8795,Michael Hunt,owenstracy.8795@example.org,Egypt,2024-11-21,Basic,58.13
8796,Matthew Chang,davidhill.8796@example.com,Costa Rica,2022-03-07,Standard,2115.76
8797,James Lloyd,adkinserin.8797@example.net,Saint Lucia,2024-11-26,Standard,1352.57
8798,Gina Guerra,stephanie76.8798@example.com,Lesotho,2026-02-20,Standard,2357.2
8799,Jennifer Hancock,shernandez.8799@example.com,Azerbaijan,2025-06-17,Basic,106.14
8800,Bryan Phelps,caleblopez.8800@example.org,Turkey,2024-11-25,Basic,482.68
8801,Erica Dodson,zavalajulie.8801@example.com,Colombia,2025-02-14,Standard,236.36
8802,Rachel King,johnsonashley.8802@example.org,British Virgin Islands,2025-05-19,Standard,854.72
8803,Faith Logan,mdavis.8803@example.com,Afghanistan,2021-12-07,Standard,1907.01
8804,Kelly Young,jeffhunt.8804@example.com,Yemen,2024-10-26,Standard,356.91
8805,Michelle Proctor,colleenjackson.8805@example.net,Kazakhstan,2021-05-01,Standard,1256.24
8806,Edward Thomas,harperashley.8806@example.com,Puerto Rico,2022-05-25,Standard,1772.66
8807,Joseph Davis,crawforddavid.8807@example.net,Cayman Islands,2026-04-01,Basic,582.07
8808,Deborah Johnston MD,brookssandra.8808@example.com,Afghanistan,2021-11-22,Standard,2175.84
8809,Shannon Mills,amartinez.8809@example.org,Anguilla,2025-08-22,Premium,4667.25
8810,Dr. Ana Anderson MD,kayla11.8810@example.net,Nauru,2022-10-28,Basic,60.14
8811,Molly Waters,colemandavid.8811@example.net,Iceland,2021-05-27,Premium,8774.45
8812,Jessica Johnson,aadams.8812@example.net,Finland,2020-08-24,Basic,192.64
8813,Cindy Combs,daniellindsey.8813@example.net,Mayotte,2023-08-31,Standard,1055.94
8814,Glenn Evans,michaelalexander.8814@example.net,Tuvalu,2023-01-07,Basic,273.99
8815,Jason Boyd,cmiller.8815@example.org,Portugal,2023-06-02,Standard,1312.1
8816,Peggy Matthews,jking.8816@example.org,Djibouti,2020-04-15,Basic,414.88
8817,Joseph Austin,patrickshelby.8817@example.org,Afghanistan,2021-10-16,Basic,7.44
8818,David Williams,jacquelinebrewer.8818@example.org,Canada,2020-01-10,Standard,1034.41
8819,Alejandro Shaffer,smoore.8819@example.net,Guatemala,2022-01-08,Standard,940.23
8820,Austin Boyd,chadwang.8820@example.net,Nicaragua,2026-03-24,Premium,6252.01
8821,Dominique Woods,nallen.8821@example.net,Guam,2021-01-06,Standard,2408.13
8822,Sydney Graves,matthewfry.8822@example.net,Iran,2024-08-10,Basic,201.04
8823,Brian Hughes,ohobbs.8823@example.net,Kiribati,2020-01-15,Standard,622.7
8824,Katrina Newman,marygarcia.8824@example.net,Martinique,2023-10-04,Basic,681.46
8825,Alex Velazquez,benjamin34.8825@example.org,Pitcairn Islands,2026-02-26,Standard,1272.24
8826,Tina Mayer,courtney34.8826@example.com,Maldives,2022-04-12,Standard,715.3
8827,Linda Brown,vzimmerman.8827@example.net,Greenland,2021-04-26,Basic,600.97
8828,Susan Chase,sandra27.8828@example.org,Holy See (Vatican City State),2023-10-25,Premium,13829.14
8829,Scott Williams,pgibson.8829@example.org,Gibraltar,2021-11-12,Standard,2846.84
8830,Linda Spencer,robertdunn.8830@example.net,Jersey,2025-12-17,Standard,2657.83
8831,Joshua Burns,jeffrey38.8831@example.org,Korea,2025-09-04,Premium,14497.68
8832,Veronica Blair,martinkristen.8832@example.com,Uganda,2024-05-12,Standard,650.78
8833,Michael Hardy,woodcrystal.8833@example.net,Sri Lanka,2024-04-09,Standard,1552.91
8834,William Ortiz,ylee.8834@example.com,Spain,2024-01-11,Premium,4138.2
8835,Adam Knight,tylergreen.8835@example.com,Zimbabwe,2024-11-30,Basic,439.52
8836,Jeffrey Hall,xruiz.8836@example.org,Cape Verde,2023-01-28,Standard,2766.99
8837,Jill Morgan,dean55.8837@example.com,Kenya,2026-06-26,Premium,2068.81
8838,Ryan Copeland,gzamora.8838@example.org,Argentina,2022-04-24,Standard,2652.84
8839,Amber Beck,robert55.8839@example.com,Angola,2020-01-22,Premium,11707.73
8840,Linda Schmidt,ryates.8840@example.org,Cayman Islands,2024-09-01,Basic,121.0
8841,Lisa Lewis,ehodge.8841@example.net,Guinea,2024-06-05,Standard,2596.42
8842,Steven Anderson,justinlee.8842@example.com,Portugal,2026-07-23,Premium,11664.13
8843,Andrew Harris,amysmith.8843@example.net,Malta,2022-08-23,Standard,1454.86
8844,Robert Pacheco,norrisstephanie.8844@example.net,Mayotte,2022-11-03,Standard,1599.21
8845,David Hill,breannapadilla.8845@example.net,Grenada,2023-10-04,Standard,612.64
8846,Dominique Lamb,eneal.8846@example.org,Senegal,2022-08-15,Premium,4029.29
8847,Aaron Melton,karen58.8847@example.net,Saint Pierre and Miquelon,2025-03-31,Premium,13908.02
8848,Colleen Hall,bradleylisa.8848@example.net,Congo,2022-11-11,Standard,2665.15
8849,Charles Skinner,curtis50.8849@example.net,Gambia,2025-03-28,Standard,2144.48
8850,Mary Acevedo,,Micronesia,2022-11-05,Standard,2554.2
8851,Katelyn Barnett,johngonzalez.8851@example.com,Denmark,2021-07-03,Standard,2565.36
8852,Mark Lamb,julie05.8852@example.net,Vietnam,2026-08-16,Standard,289.71
8853,Kimberly Morris,ashley81.8853@example.com,Nicaragua,2023-07-09,Standard,2358.67
8854,Eric Singleton,carl56.8854@example.com,Turkey,2024-09-21,Premium,15897.67
8855,Edward Johnson,stevenwilliams.8855@example.com,Sri Lanka,2023-12-14,Standard,1179.94
8856,Amanda Nelson,ibrown.8856@example.net,Paraguay,2022-05-27,Standard,1347.58
8857,Javier Gonzalez,munozchristine.8857@example.net,Palestinian Territory,2026-07-01,Standard,2287.37
8858,Katrina Spears,mburns.8858@example.net,Slovakia (Slovak Republic),2022-06-26,Standard,2962.35
8859,Christina Chavez,hmueller.8859@example.org,Tokelau,2026-08-22,Standard,2965.91
8860,Nancy Larson,hendricksbrittany.8860@example.net,Lao People's Democratic Republic,2022-11-18,Standard,1526.76
8861,Brett Gordon,hartmanspencer.8861@example.net,Saint Martin,2020-02-25,Premium,16211.91
8862,Carol Grimes,tonyjones.8862@example.org,United States of America,2020-03-30,Standard,1504.97
8863,Mrs. Brittany Anderson MD,michael84.8863@example.org,Sweden,2026-07-05,Standard,2624.69
8864,Jessica Johnson,vjensen.8864@example.org,Latvia,2023-07-12,Premium,13695.1
8865,Erica Andersen,gilbertkyle.8865@example.net,Cayman Islands,2022-08-04,Standard,2822.59
8866,Tina Walsh,christopher68.8866@example.com,Guernsey,2025-06-04,Basic,797.79
8867,Angela Williams,jessicaknight.8867@example.net,Wallis and Futuna,2024-02-16,Basic,264.15
8868,Jonathan Mitchell,james40.8868@example.com,Cocos (Keeling) Islands,2024-06-01,Standard,2942.11
8869,Marcus Winters,bobfernandez.8869@example.org,Tanzania,2024-07-31,Standard,2139.04
8870,Leah Johnson,josephsullivan.8870@example.org,Latvia,2021-04-29,Standard,866.64
8871,Sarah Dennis,paulgreer.8871@example.net,Nicaragua,2020-08-03,Basic,2.49
8872,Angela Pitts,uanderson.8872@example.net,Tajikistan,2024-11-12,Standard,2114.75
8873,Cody Taylor,valdezrachel.8873@example.com,Dominica,2020-02-23,Standard,822.66
8874,Susan Gonzalez,sfoley.8874@example.org,Serbia,2024-10-22,Basic,185.1
8875,Arthur Sherman,drodriguez.8875@example.org,Mexico,2020-11-13,Premium,11939.03
8876,Alyssa Howard,matthewgarcia.8876@example.com,French Southern Territories,2021-10-03,Standard,286.59
8877,Holly Thompson,alexander57.8877@example.net,Sao Tome and Principe,2024-09-24,Standard,1365.83
8878,Gina Montgomery,donovannancy.8878@example.net,Indonesia,2024-03-01,Standard,2438.25
8879,Jimmy Carroll,collinsjose.8879@example.org,Netherlands,2025-03-23,Basic,21.81
8880,Dr. Bradley Smith,jeffrey52.8880@example.org,Lao People's Democratic Republic,2024-01-31,Standard,1947.04
8881,Ronald Smith,ryan50.8881@example.com,Palau,2020-04-26,Standard,643.46
8882,Marissa Lopez,johnsonamanda.8882@example.com,Australia,2025-08-12,Standard,2615.95
8883,Donald Lester,derek04.8883@example.org,Algeria,2021-06-10,Premium,9032.36
8884,Bernard Powell,eric48.8884@example.com,Burundi,2020-11-28,Basic,649.7
8885,Anthony Johnson,matthew89.8885@example.org,Ghana,2025-11-15,Basic,579.06
8886,James Evans,emorris.8886@example.net,Panama,2021-04-20,Basic,702.27
8887,Brian Khan,gtorres.8887@example.org,Burkina Faso,2023-08-02,Basic,413.49
8888,Cindy Howard,elliottryan.8888@example.com,Brazil,2023-04-01,Standard,1561.12
8889,Joseph Wheeler,wwu.8889@example.com,Kuwait,2025-02-22,Standard,304.81
8890,Kelly Stone,qjensen.8890@example.net,Lithuania,2020-04-17,Standard,1694.68
8891,Harold Davis,donald89.8891@example.org,Lesotho,2020-09-17,Premium,11395.57
8892,Whitney Wilkerson,joshua50.8892@example.org,Sri Lanka,2022-10-11,Standard,1897.91
8893,Adrian Branch,howardjames.8893@example.com,Saint Pierre and Miquelon,2023-03-01,Standard,566.86
8894,Daniel Smith,hcastro.8894@example.org,Tonga,2025-04-08,Premium,11719.42
8895,Jessica Morgan,milessteven.8895@example.org,Nigeria,2024-01-19,Basic,363.23
8896,Kathryn Stephenson,kenneth40.8896@example.net,Congo,2020-12-29,Premium,12727.57
8897,Eric Davis,zmartin.8897@example.net,Solomon Islands,2026-07-18,Standard,2049.54
8898,Jennifer Marquez,meyerkenneth.8898@example.org,Finland,2023-01-28,Basic,289.14
8899,Dr. Eric Taylor Jr.,zmoore.8899@example.net,Serbia,2026-06-13,Standard,1611.35
8900,Dr. Katelyn Horn,shall.8900@example.org,Cambodia,2026-08-14,Premium,9111.76
8901,Douglas Parker,david38.8901@example.org,Cote d'Ivoire,2020-05-06,Standard,2343.37
8902,Rhonda Gomez,kristinelawson.8902@example.com,Dominica,2023-05-20,Basic,637.14
8903,Dawn Lopez,michaelgraham.8903@example.com,Morocco,2022-10-27,Basic,234.35
8904,Danielle Duncan,sheathomas.8904@example.com,Montenegro,2023-05-01,Standard,926.73
8905,Becky Thomas,hannahsmith.8905@example.org,Philippines,2022-01-26,Premium,14209.82
8906,Mark Santos,astafford.8906@example.net,Burundi,2023-09-26,Standard,2367.25
8907,Nancy Johnson DDS,rpope.8907@example.org,Burundi,2023-04-16,Standard,230.42
8908,Kelly Rodriguez,hendersonkathleen.8908@example.org,Anguilla,2021-03-30,Basic,341.95
8909,Michael Murray Jr.,qjuarez.8909@example.net,Burundi,2021-12-05,Standard,1061.65
8910,Mr. Jamie Phillips,andrealee.8910@example.net,Brazil,2020-12-25,Basic,613.22
8911,Scott Robertson,tpayne.8911@example.net,Papua New Guinea,2025-08-22,Basic,114.83
8912,Lance Gonzales,lijoseph.8912@example.net,Saint Vincent and the Grenadines,2024-07-12,Standard,2379.09
8913,Olivia Banks,stephanie23.8913@example.net,Jordan,2022-08-04,Basic,529.13
8914,Kimberly Blankenship,perkinschristopher.8914@example.org,French Southern Territories,2022-08-24,Standard,2560.2
8915,Kathleen Smith,mark27.8915@example.com,Anguilla,2020-07-12,Premium,19824.38
8916,Ryan Mejia,sarah02.8916@example.net,Monaco,2021-12-08,Basic,381.24
8917,Larry Henry,fmitchell.8917@example.org,Pakistan,2026-03-07,Standard,2158.35
8918,Andrea Walker,sanchezandrea.8918@example.org,Qatar,2020-03-17,Basic,567.97
8919,Jessica Murphy,lrios.8919@example.org,Belarus,2020-12-22,Standard,2564.81
8920,Matthew Jones,mrose.8920@example.com,Antarctica (the territory South of 60 deg S),2025-08-28,Standard,1650.75
8921,Denise Brooks,williamschristopher.8921@example.com,Libyan Arab Jamahiriya,2023-06-24,Basic,86.12
8922,Angelica Prince,justin70.8922@example.org,Bhutan,2020-03-19,Premium,19628.53
8923,Susan Flynn,ecabrera.8923@example.com,Sierra Leone,2023-04-11,Standard,359.14
8924,Christina Zamora,psalazar.8924@example.org,Egypt,2025-01-05,Standard,2894.65
8925,Jeremy Hernandez,bthomas.8925@example.net,Uzbekistan,2022-04-22,Premium,6596.45
8926,Sabrina Morrison,warnersteven.8926@example.com,British Virgin Islands,2022-07-21,Premium,10864.71
8927,Teresa Graham,lauren52.8927@example.net,Heard Island and McDonald Islands,2024-03-21,Basic,760.53
8928,Teresa Medina,carolynreilly.8928@example.org,Finland,2024-01-01,Premium,14179.89
8929,Leslie Herring,dennisharris.8929@example.com,Cook Islands,2026-01-13,Basic,468.45
8930,Thomas Scott,douglas92.8930@example.com,Monaco,2021-08-27,Basic,260.71
8931,Whitney Rogers,adamrodriguez.8931@example.org,Tonga,2021-11-05,Standard,1018.74
8932,Katherine Liu,msmith.8932@example.org,Micronesia,2021-01-14,Standard,291.78
8933,Jennifer Medina,uhinton.8933@example.net,Anguilla,2024-06-11,Premium,12553.98
8934,Susan Collier,vlee.8934@example.net,Angola,2023-07-26,Basic,344.08
8935,Guy Mathis,ggarcia.8935@example.org,China,2022-04-27,Premium,6037.42
8936,Dean Jenkins,iturner.8936@example.org,French Polynesia,2024-08-25,Standard,1275.8
8937,William Berry,brandonsmith.8937@example.com,Indonesia,2022-07-08,Basic,752.75
8938,Darren Phillips,fbailey.8938@example.net,Faroe Islands,2021-04-22,Standard,2575.52
8939,Christopher Sanders,churley.8939@example.net,Qatar,2023-08-11,Standard,1405.14
8940,Tracy Wilson,prussell.8940@example.com,Zimbabwe,2022-12-01,Basic,783.96
8941,Raymond Olson DDS,francosusan.8941@example.net,Solomon Islands,2022-09-16,Premium,10318.12
8942,Tony Day,brian95.8942@example.org,Chad,2022-12-21,Premium,8284.55
8943,Jake Cooper,maria91.8943@example.org,South Africa,2026-02-10,Standard,1286.18
8944,Lorraine Sullivan,christinataylor.8944@example.net,Eritrea,2021-06-11,Basic,699.69
8945,Lee Santana,ingramjoseph.8945@example.com,Moldova,2021-11-04,Basic,214.2
8946,Travis Castro,brandyfrench.8946@example.org,Panama,2023-10-11,Basic,177.68
8947,Deborah Davis,emmacruz.8947@example.net,Ghana,2020-04-24,Basic,768.44
8948,Sarah Miller,leemary.8948@example.com,Svalbard & Jan Mayen Islands,2020-12-22,Premium,15216.84
8949,Kevin Cruz,thompsonmegan.8949@example.org,Yemen,2023-10-14,Standard,2338.59
8950,Michael Gibson,ahall.8950@example.net,Seychelles,2023-05-29,Premium,15325.23
8951,Gordon Navarro,sara76.8951@example.org,Myanmar,2024-05-13,Basic,546.33
8952,Joseph Jones,gtate.8952@example.com,Bahamas,2020-10-03,Basic,73.0
8953,Steven Henderson,melanie12.8953@example.com,Isle of Man,2025-09-16,Standard,2310.3
8954,Jasmine Cuevas,smills.8954@example.org,French Guiana,2023-03-31,Basic,199.14
8955,Bryce Trujillo,james83.8955@example.com,Swaziland,2021-01-13,Standard,570.73
8956,Jeremy Lee,samuel03.8956@example.org,Heard Island and McDonald Islands,2022-01-30,Premium,19694.05
8957,Eric Martin,joeortiz.8957@example.org,Somalia,2021-07-09,Standard,278.02
8958,Jimmy Taylor,timothy98.8958@example.net,Nicaragua,2023-01-09,Basic,25.31
8959,Troy Moreno,markbarrera.8959@example.org,Switzerland,2023-02-20,Standard,1067.76
8960,Dustin Gomez,matthew67.8960@example.net,Mexico,2022-11-25,Premium,17195.64
8961,Kelly Joyce,gwilliams.8961@example.org,Kuwait,2023-01-30,Basic,782.36
8962,Joshua Jones,leecory.8962@example.org,Bermuda,2026-01-26,Standard,531.88
8963,Paul Craig,morenobrian.8963@example.com,Burundi,2026-05-31,Standard,1307.23
8964,Erin Orozco,bvillegas.8964@example.org,Malawi,2023-04-11,Basic,587.44
8965,Angela Haley,jlee.8965@example.net,Burundi,2026-06-09,Standard,2007.48
8966,James Johnson,lisa94.8966@example.com,Guyana,2025-06-21,Standard,853.45
8967,Amy Daniels,priley.8967@example.org,Montserrat,2025-06-25,Premium,7925.71
8968,Crystal Murphy,timothy85.8968@example.org,Brunei Darussalam,2021-07-05,Basic,475.5
8969,Kristen Young,daniel51.8969@example.com,Mayotte,2022-12-06,Standard,299.14
8970,Jennifer Harrison,stevenjames.8970@example.net,Togo,2022-05-09,Standard,2323.04
8971,Michael Chandler,dtanner.8971@example.net,New Zealand,2020-08-23,Basic,220.32
8972,Erica Watts,patrick80.8972@example.net,Palestinian Territory,2020-07-02,Premium,16910.23
8973,Sarah Robinson,,Portugal,2024-02-28,Basic,546.94
8974,Sean Baxter,alicia86.8974@example.net,Anguilla,2022-10-24,Basic,516.33
8975,Dustin Frost,williamssara.8975@example.net,Panama,2025-07-09,Basic,613.89
8976,Charles Wilkerson,hleblanc.8976@example.net,Haiti,2024-06-20,Standard,410.38
8977,Patricia Mills,marcroberson.8977@example.com,Qatar,2020-07-26,Standard,927.92
8978,Jillian Ashley,michaelbennett.8978@example.org,Papua New Guinea,2025-08-08,Standard,1660.86
8979,Michael Johnson,scottmaddox.8979@example.org,Cameroon,2023-04-26,Basic,621.73
8980,Matthew Jackson,whitney91.8980@example.net,Iraq,2023-10-13,Basic,679.24
8981,Amy Hogan,davisstephanie.8981@example.net,United States Minor Outlying Islands,2026-06-16,Standard,1269.89
8982,Lisa Hardy,ywarner.8982@example.com,Ecuador,2024-04-12,Standard,2422.21
8983,Jennifer Peterson,jillreynolds.8983@example.net,Equatorial Guinea,2020-02-24,Premium,5964.93
8984,Bryan Davis,milleranna.8984@example.net,Chile,2021-03-08,Standard,430.82
8985,Brian Allen,kirkdonald.8985@example.com,Bangladesh,2022-11-07,Basic,197.27
8986,Kristopher Walker,rphillips.8986@example.net,Mexico,2020-03-31,Basic,722.52
8987,Alexis Joseph,donnasanchez.8987@example.com,Mauritania,2021-02-12,Standard,1723.3
8988,Danielle Taylor,ssanchez.8988@example.com,Slovakia (Slovak Republic),2025-04-17,Basic,385.08
8989,Wanda Newton,jtaylor.8989@example.net,Uganda,2020-12-14,Premium,15380.02
8990,Joan Anderson,lweiss.8990@example.org,Hungary,2021-02-11,Standard,228.26
8991,Carrie Rose,gharris.8991@example.net,Anguilla,2023-05-17,Standard,531.25
8992,Reginald Mullins,lopezjeffrey.8992@example.com,Saint Lucia,2020-08-10,Standard,478.89
8993,Dustin Ellis,zsmith.8993@example.net,Ecuador,2021-09-16,Basic,97.33
8994,Joshua Kelley,perrymoore.8994@example.net,Equatorial Guinea,2026-04-08,Standard,1469.66
8995,Brad Casey,whitney49.8995@example.com,Turkey,2024-03-22,Premium,7052.29
8996,Brittany Smith,eric85.8996@example.net,Somalia,2026-06-10,Premium,16143.05
8997,Sean Wolf,ebryant.8997@example.org,Korea,2022-05-15,Standard,2549.31
8998,Timothy Collins,rileynicole.8998@example.org,United States Virgin Islands,2024-02-13,Standard,2789.83
8999,Cristina Lane,cassandrapark.8999@example.com,Grenada,2021-08-05,Standard,748.97
9000,Matthew Ward,marymcconnell.9000@example.net,Swaziland,2022-07-13,Standard,1607.98
9001,Marissa Ferguson,wilsonyvonne.9001@example.org,Cyprus,2021-03-02,Premium,2876.56
9002,Samuel Williams,mevans.9002@example.org,Azerbaijan,2025-07-27,Basic,191.93
9003,Marissa Suarez,yowens.9003@example.net,Finland,2021-03-25,Standard,1922.22
9004,Alyssa Reed,chansen.9004@example.com,Bahrain,2021-05-14,Standard,1382.7
9005,Zachary Washington,daniellozano.9005@example.com,Croatia,2023-02-06,Standard,2133.96
9006,Jessica Hernandez,melinda68.9006@example.net,Singapore,2022-11-14,Standard,2549.84
9007,Kurt Tucker,sandra38.9007@example.com,Azerbaijan,2022-02-05,Standard,366.7
9008,Beth Medina,uclark.9008@example.com,Andorra,2022-05-21,Premium,18895.03
9009,Stacey Wyatt,danielmorse.9009@example.net,Cook Islands,2021-12-21,Basic,33.92
9010,Dana Espinoza,xray.9010@example.net,Burkina Faso,2026-02-06,Standard,2948.67
9011,Courtney Howard,riverarichard.9011@example.org,Sweden,2023-11-18,Standard,1985.37
9012,Christopher Santana,randystewart.9012@example.com,Thailand,2026-02-24,Basic,34.64
9013,Jennifer Smith,brooksdebra.9013@example.org,Andorra,2026-08-06,Standard,1302.16
9014,Alexander Nolan,courtney05.9014@example.org,Saint Barthelemy,2024-05-08,Standard,922.98
9015,James Wiggins,aaron98.9015@example.net,Cambodia,2025-07-09,Standard,2436.0
9016,Sarah Ward,dgarcia.9016@example.com,Ecuador,2020-09-27,Standard,831.27
9017,Cynthia Simpson,mary15.9017@example.com,Colombia,2026-05-07,Premium,16871.83
9018,Kevin Weber,laura42.9018@example.net,Mozambique,2023-03-23,Basic,249.87
9019,Ann Patel MD,christina74.9019@example.com,Swaziland,2024-10-08,Standard,2969.6
9020,Cathy Castro,nicholas16.9020@example.org,Micronesia,2021-08-22,Basic,216.33
9021,Lisa Garcia,emily97.9021@example.net,Tunisia,2020-08-21,Basic,547.97
9022,Heather Stone,wmartinez.9022@example.org,Burundi,2025-11-30,Premium,16403.49
9023,Corey Bates,sheltonallison.9023@example.org,Saint Barthelemy,2023-01-02,Standard,806.09
9024,Matthew Rowe,alvaradoedwin.9024@example.org,Morocco,2020-12-03,Premium,3363.6
9025,Amber Mendoza,robertsellen.9025@example.net,China,2024-05-26,Standard,1743.49
9026,Kevin Wallace,joel67.9026@example.net,Panama,2020-05-12,Basic,541.66
9027,Bruce Hernandez,debra61.9027@example.com,British Virgin Islands,2023-01-05,Premium,16710.97
9028,Kimberly Meyer,ifrost.9028@example.net,Saint Barthelemy,2024-09-16,Basic,218.21
9029,Lisa Alvarez,hamiltonivan.9029@example.com,Saudi Arabia,2024-10-25,Standard,2642.4
9030,Kerri Patrick,ethanyoung.9030@example.org,France,2023-01-11,Standard,2764.15
9031,Nicholas Rubio,teresa61.9031@example.org,Gabon,2022-06-22,Premium,16025.37
9032,Angela Chan,sandra71.9032@example.net,French Polynesia,2025-08-09,Standard,221.27
9033,Jasmin Martinez,dawn41.9033@example.com,Grenada,2021-03-27,Standard,444.21
9034,Colleen Rocha,mcdanieldarlene.9034@example.net,Denmark,2020-07-01,Standard,2993.66
9035,Rebekah Morton,codycohen.9035@example.org,Gabon,2021-01-18,Standard,2255.06
9036,Anthony Tucker,melendezphillip.9036@example.org,Jersey,2025-05-10,Premium,13282.25
9037,Andrea Wiley,owensoscar.9037@example.net,French Guiana,2023-02-21,Basic,721.09
9038,Mrs. Kristen Mccall DVM,davidsonroger.9038@example.org,France,2020-04-01,Standard,311.0
9039,Rachael Taylor MD,michael28.9039@example.org,Cayman Islands,2021-02-16,Standard,2320.66
9040,Diane Brennan,rodriguezroberto.9040@example.com,Lebanon,2020-03-09,Basic,523.74
9041,Emily Burke,emilywarren.9041@example.org,Lithuania,2025-06-11,Basic,678.58
9042,Vanessa Harris,holly59.9042@example.org,Luxembourg,2023-01-31,Basic,622.32
9043,Juan Chan,bianca33.9043@example.com,Cote d'Ivoire,2020-06-15,Basic,387.94
9044,Patrick Miranda,shawdaniel.9044@example.net,Jersey,2021-06-24,Premium,3277.43
9045,Robert Russell,karenfuller.9045@example.org,Antigua and Barbuda,2024-02-14,Standard,2746.32
9046,Heather Chen,etaylor.9046@example.net,Comoros,2023-12-20,Standard,2337.81
9047,Matthew Moses,morrisjoshua.9047@example.org,Bosnia and Herzegovina,2025-06-23,Premium,8415.13
9048,Dustin Zimmerman,ginavelasquez.9048@example.com,Falkland Islands (Malvinas),2020-03-04,Basic,787.14
9049,Frank Tucker,steven27.9049@example.org,Netherlands Antilles,2020-06-18,Premium,7599.95
9050,Kevin Wright,gedwards.9050@example.net,Cook Islands,2020-03-27,Basic,296.45
9051,Ruth Reynolds,raymondbeasley.9051@example.org,Antarctica (the territory South of 60 deg S),2022-08-20,Basic,779.74
9052,Michael Lane,collinsjoseph.9052@example.org,Poland,2024-11-10,Standard,2070.71
9053,Mark Murphy,esimpson.9053@example.net,Haiti,2024-06-07,Standard,2661.75
9054,Jordan Meyers,cmiller.9054@example.net,Belize,2021-05-28,Basic,710.2
9055,Erika Stafford,dakota26.9055@example.com,Guyana,2024-05-23,Basic,429.16
9056,Joel Matthews,tiffanywalker.9056@example.org,Libyan Arab Jamahiriya,2024-05-21,Basic,213.57
9057,Jordan Ramirez,heatherbrown.9057@example.com,Suriname,2021-04-12,Basic,677.96
9058,Julie Shepherd,davidgraham.9058@example.com,Montserrat,2025-01-05,Premium,11033.98
9059,Carol Fletcher,daniellebishop.9059@example.com,Nauru,2022-10-28,Premium,12158.32
9060,Shannon Williams,holmesalex.9060@example.com,Russian Federation,2020-05-24,Premium,11744.62
9061,Tonya Lang,whouse.9061@example.net,Albania,2022-08-11,Standard,226.85
9062,Gregory Ortiz,lisabutler.9062@example.org,Egypt,2025-02-22,Standard,328.43
9063,Jodi Thomas,samanthavincent.9063@example.org,Mayotte,2024-08-27,Standard,1925.88
9064,Kristin Thompson,scotthowe.9064@example.org,Saudi Arabia,2021-10-17,Basic,635.55
9065,Nicole Bryant,bsanchez.9065@example.net,China,2025-01-22,Premium,10226.69
9066,Nicholas Ryan PhD,stephanie40.9066@example.com,Marshall Islands,2022-08-09,Basic,152.33
9067,Brittany Smith,woodwardpatricia.9067@example.com,Cuba,2023-01-28,Standard,1338.58
9068,Mr. Jesse Marshall,marydavis.9068@example.com,Philippines,2020-07-30,Standard,2351.31
9069,Chelsea Stephens,ericaherrera.9069@example.net,Moldova,2026-08-31,Premium,3955.18
9070,Richard Nelson,imoore.9070@example.com,Puerto Rico,2025-08-09,Basic,448.16
9071,Adam Le,dmurphy.9071@example.net,Montserrat,2021-04-21,Basic,561.77
9072,Levi Schultz,jason64.9072@example.com,Mexico,2023-10-01,Standard,1364.33
9073,Matthew Weber,smorgan.9073@example.com,Cuba,2025-03-20,Standard,1883.53
9074,Kayla Berry,amandaphillips.9074@example.com,Cambodia,2023-05-17,Standard,2673.74
9075,Anita Frey,meganwarren.9075@example.net,Argentina,2021-05-29,Standard,795.88
9076,Derek Lewis,douglasgallegos.9076@example.net,Equatorial Guinea,2026-06-23,Standard,578.23
9077,Shirley Clark,oellis.9077@example.net,Kenya,2021-10-18,Standard,370.38
9078,Kevin Chambers,michaelpierce.9078@example.com,Ireland,2022-03-27,Basic,580.97
9079,Michael Snow,hschultz.9079@example.org,Sao Tome and Principe,2022-06-26,Basic,720.42
9080,Lisa Lamb,hannahgarcia.9080@example.net,Luxembourg,2025-12-15,Premium,14427.09
9081,Natalie Holder,cpowers.9081@example.com,Tuvalu,2023-05-06,Basic,781.16
9082,Stephanie Hubbard,michaelgray.9082@example.net,United Kingdom,2024-10-23,Standard,2182.71
9083,Stacey Carpenter,henrysmith.9083@example.com,Latvia,2026-01-09,Basic,230.8
9084,Emily White,pbryant.9084@example.org,Solomon Islands,2026-03-17,Standard,915.65
9085,Christy Ryan,rebecca77.9085@example.org,Peru,2025-09-22,Premium,14000.05
9086,Jasmine Sanchez,cortezjonathon.9086@example.com,Samoa,2026-01-25,Basic,540.65
9087,Carlos Scott,millerselena.9087@example.com,Namibia,2026-05-04,Premium,11428.62
9088,Miss Megan Lopez DDS,grossdanielle.9088@example.net,Eritrea,2026-08-17,Basic,421.51
9089,Tina Newman,huffdiana.9089@example.com,Uruguay,2024-04-19,Basic,333.31
9090,Tina Brown,erin18.9090@example.com,Christmas Island,2020-11-17,Standard,1179.78
9091,Maria Garcia,whitejason.9091@example.com,Reunion,2020-10-03,Standard,1975.35
9092,Logan Brown,hudsonrobert.9092@example.org,Bouvet Island (Bouvetoya),2025-04-27,Standard,2293.05
9093,Alexandra Oliver,julia59.9093@example.com,Austria,2022-02-11,Standard,2477.54
9094,Kelly Garcia,jflores.9094@example.com,Qatar,2025-05-18,Premium,7541.06
9095,David Reed,angela56.9095@example.org,Samoa,2026-04-01,Basic,686.19
9096,Javier Garcia,rojasjeremy.9096@example.org,Gibraltar,2024-04-22,Standard,1047.68
9097,Anne Warner,connie98.9097@example.com,Cocos (Keeling) Islands,2025-02-09,Standard,1053.66
9098,Nathan Campbell,janderson.9098@example.net,Solomon Islands,2021-11-11,Premium,16508.04
9099,Benjamin Alexander,icastillo.9099@example.com,Burundi,2022-11-27,Basic,775.5
9100,Nicholas Mccoy,bevans.9100@example.net,Romania,2026-06-14,Basic,745.78
9101,Teresa Garcia,pgriffin.9101@example.com,Maldives,2025-06-17,Standard,511.02
9102,Nichole Lee,steven66.9102@example.net,Montserrat,2021-05-14,Standard,1007.73
9103,Timothy Singleton,fjohnson.9103@example.org,Mexico,2026-04-05,Basic,607.92
9104,Allen Lowe,emily65.9104@example.net,Hong Kong,2023-05-04,Standard,2457.48
9105,Anthony Maddox,jackevans.9105@example.com,Slovenia,2025-08-22,Basic,403.41
9106,Joy Brown,drakemary.9106@example.net,France,2023-06-27,Basic,12.88
9107,Natasha Hutchinson,dawn26.9107@example.org,Anguilla,2024-01-14,Basic,401.48
9108,Jordan Waters,dstewart.9108@example.net,Zambia,2021-01-30,Premium,2560.64
9109,Jason Wallace,eugenejones.9109@example.net,Gabon,2022-04-07,Basic,225.12
9110,Andrea Harris,hunttiffany.9110@example.org,Paraguay,2024-10-30,Basic,525.49
9111,Tamara Suarez,rshaw.9111@example.org,Dominican Republic,2025-08-19,Standard,576.89
9112,David Peterson,samuelpayne.9112@example.net,Nepal,2020-08-05,Basic,569.99
9113,Johnathan Arnold,kcox.9113@example.com,Palestinian Territory,2020-07-06,Standard,1939.88
9114,Richard Young,emily47.9114@example.com,Argentina,2024-08-19,Basic,343.76
9115,Linda Russell,phillipfarmer.9115@example.org,Moldova,2022-12-27,Standard,1242.03
9116,Jennifer Cannon,eford.9116@example.org,Barbados,2025-09-03,Premium,18464.0
9117,Megan Lane,bakerrobert.9117@example.com,Canada,2020-06-15,Standard,1748.88
9118,Allen Mclaughlin,rubengonzalez.9118@example.org,Chad,2022-05-03,Premium,18000.19
9119,Sandra Lewis,gburke.9119@example.org,French Southern Territories,2020-03-27,Standard,1354.84
9120,Terry Medina,chernandez.9120@example.net,Uzbekistan,2024-09-28,Basic,475.71
9121,Jacqueline Wallace,whughes.9121@example.org,Iceland,2025-09-25,Standard,2872.9
9122,Tammy Castillo,phaney.9122@example.net,Niger,2021-01-17,Basic,99.27
9123,Jessica Flores,phillipssheila.9123@example.org,Afghanistan,2022-03-02,Premium,6730.05
9124,Roger Gill,pamela08.9124@example.net,Tunisia,2025-08-27,Standard,2766.74
9125,Hayley Miller,steinkelly.9125@example.com,North Macedonia,2020-04-11,Basic,337.6
9126,Carolyn Bowen,nataliewilliams.9126@example.org,New Zealand,2026-05-13,Standard,961.7
9127,Gregory Cole,youngbenjamin.9127@example.org,Indonesia,2025-12-06,Basic,797.87
9128,Elizabeth Herrera,ufrank.9128@example.org,Montserrat,2021-01-07,Basic,81.77
9129,Sydney Burns,tylerarcher.9129@example.com,Heard Island and McDonald Islands,2020-12-05,Standard,1912.32
9130,Julie Henson,rebecca79.9130@example.org,Austria,2024-08-16,Basic,630.46
9131,Henry Edwards,brandtedward.9131@example.net,Syrian Arab Republic,2020-01-25,Premium,16161.3
9132,Theresa Jones,eharris.9132@example.org,Cook Islands,2023-05-20,Standard,1437.16
9133,Brian Edwards,david70.9133@example.net,Marshall Islands,2020-06-09,Standard,323.09
9134,Jennifer Robinson MD,mcdonaldjames.9134@example.net,Cape Verde,2023-07-21,Basic,672.82
9135,Michael Stephens,pattersonnicole.9135@example.com,Germany,2022-05-05,Standard,2447.66
9136,Sean Reed,kenneth72.9136@example.com,Cook Islands,2024-09-21,Standard,864.67
9137,Mary Davis,lmccoy.9137@example.net,Tuvalu,2025-11-20,Basic,272.42
9138,Lisa Greer,wendysalazar.9138@example.org,Cocos (Keeling) Islands,2023-04-08,Premium,11226.66
9139,Melvin Smith,erica96.9139@example.net,Israel,2024-04-16,Basic,91.31
9140,Joseph Everett,martinezsandra.9140@example.com,Guinea,2024-01-05,Premium,16770.16
9141,Jackson Tran,millertheresa.9141@example.org,Spain,2026-08-02,Standard,2781.88
9142,Matthew Kelly,nunezgina.9142@example.org,Thailand,2021-07-17,Standard,1062.94
9143,Chelsea Graham,zcastillo.9143@example.org,Armenia,2021-08-06,Standard,2787.28
9144,Sue Coleman,jessica38.9144@example.org,Ecuador,2022-07-13,Standard,2442.43
9145,Michael Wilson,troytaylor.9145@example.org,Netherlands,2024-12-04,Basic,582.26
9146,Amy Garcia,cbates.9146@example.org,Hungary,2025-10-13,Basic,775.32
9147,Jessica Davis,elizabethwatts.9147@example.net,Mayotte,2021-11-10,Premium,7843.7
9148,Curtis Ruiz,johnsonmarcia.9148@example.org,Papua New Guinea,2020-09-25,Premium,18481.57
9149,Bobby Escobar,smithjared.9149@example.net,United Arab Emirates,2024-01-26,Premium,3771.26
9150,Teresa Diaz,alejandrokeller.9150@example.com,Palau,2023-12-30,Standard,1538.44
9151,Susan Brown,bradyshannon.9151@example.net,Greece,2022-07-04,Premium,11936.2
9152,Henry Beck,bridgetcannon.9152@example.org,Turkmenistan,2021-03-26,Standard,543.87
9153,Christine Newman,debbiescott.9153@example.org,Belize,2025-09-06,Basic,589.88
9154,Jose Fields,ericagonzalez.9154@example.org,Cook Islands,2025-08-29,Basic,380.14
9155,Chad Holden,heatherrobinson.9155@example.net,Uganda,2024-12-30,Basic,364.43
9156,Megan Webb,agross.9156@example.com,Palau,2023-11-15,Premium,12465.91
9157,Kayla Martinez,kenneth30.9157@example.net,Antarctica (the territory South of 60 deg S),2021-09-30,Standard,577.19
9158,Nicholas Hansen,ublankenship.9158@example.net,Italy,2022-09-11,Premium,5600.45
9159,Timothy Roberts,tcastillo.9159@example.com,Pakistan,2020-06-16,Standard,705.92
9160,Colleen Williams,jessicabell.9160@example.com,Bangladesh,2021-09-02,Standard,2865.41
9161,Patrick Ross,romerostacy.9161@example.org,Belize,2023-01-04,Basic,618.55
9162,Alex Brown,petercastillo.9162@example.com,Ecuador,2022-12-02,Standard,1681.75
9163,Monica Barton,connor16.9163@example.org,Moldova,2020-07-15,Standard,2046.47
9164,Jennifer Berg,tina57.9164@example.net,Guernsey,2026-05-27,Standard,2019.94
9165,Jeffrey Delacruz,alexanderadams.9165@example.net,Chile,2021-10-17,Basic,209.88
9166,Luis Anderson,lhouston.9166@example.org,Turkey,2023-05-28,Premium,3558.94
9167,Cody Turner,htaylor.9167@example.com,American Samoa,2023-02-10,Basic,443.95
9168,Andrea Maxwell,matthewstracy.9168@example.org,Montenegro,2023-02-20,Standard,936.52
9169,Ms. Rachel Gutierrez,catherineallison.9169@example.com,Italy,2025-08-25,Premium,17722.49
9170,Lynn Hill,jnash.9170@example.net,Saint Vincent and the Grenadines,2024-12-27,Basic,188.84
9171,Shawn Johnson,catherine81.9171@example.com,Central African Republic,2025-10-19,Premium,12311.51
9172,Ashley Gardner,kristencarter.9172@example.org,Saint Pierre and Miquelon,2022-07-14,Basic,336.07
9173,Crystal Johnson,jeffdavis.9173@example.org,Bahamas,2021-10-09,Premium,15372.25
9174,Aaron Johnson,robertssamantha.9174@example.net,Bulgaria,2022-11-09,Standard,2862.09
9175,Clayton Jackson DDS,feliciaperkins.9175@example.net,Guinea-Bissau,2023-10-03,Standard,1352.4
9176,James Lewis,brentroberson.9176@example.org,Malawi,2022-04-02,Basic,35.48
9177,Mark Wilson,tsmith.9177@example.org,Dominican Republic,2023-01-28,Basic,529.15
9178,Adriana Perez,ocampbell.9178@example.com,Guinea,2021-01-03,Standard,561.72
9179,Andrew Willis,fanderson.9179@example.com,Liechtenstein,2023-11-26,Standard,492.6
9180,Chad Sandoval,xduran.9180@example.net,New Caledonia,2024-10-09,Premium,13908.05
9181,Ann Fry,fmckee.9181@example.com,Bhutan,2023-07-11,Standard,487.87
9182,James Dougherty,dustin03.9182@example.com,Bahrain,2025-11-01,Standard,560.58
9183,Joseph Ruiz,john40.9183@example.org,Monaco,2026-08-28,Premium,9903.45
9184,Christina Mora,evan95.9184@example.org,Bosnia and Herzegovina,2026-01-20,Basic,361.86
9185,Joshua Burton,pam28.9185@example.com,Serbia,2020-08-15,Standard,2758.4
9186,Joshua Rogers,robert38.9186@example.org,Bangladesh,2025-11-20,Premium,6970.42
9187,Jennifer Mahoney,katherinewilliams.9187@example.com,Tuvalu,2022-03-25,Basic,320.75
9188,Deborah Hull,jenna55.9188@example.net,Sweden,2023-01-08,Standard,2181.06
9189,Alexis Austin,lopezmary.9189@example.org,Saint Lucia,2022-10-03,Basic,661.62
9190,Diana Clarke,barberamy.9190@example.net,Papua New Guinea,2021-11-24,Premium,8284.17
9191,Jennifer Fernandez,christine02.9191@example.net,Aruba,2025-11-12,Standard,1967.02
9192,Christina Joseph,oarnold.9192@example.com,Hungary,2024-04-06,Standard,1947.72
9193,Tina Cook,douglascohen.9193@example.com,Isle of Man,2026-06-19,Standard,1048.98
9194,Robert Perez,diaztravis.9194@example.com,Palestinian Territory,2026-05-20,Basic,94.9
9195,Michael Phillips,melissa72.9195@example.com,Vanuatu,2022-10-22,Standard,2111.05
9196,Tammy Gillespie,tanneroneal.9196@example.net,Honduras,2024-11-10,Standard,950.59
9197,Michael Mitchell,coleleslie.9197@example.com,French Guiana,2023-05-11,Premium,7729.08
9198,Katherine Smith,agross.9198@example.com,Saint Vincent and the Grenadines,2023-04-23,Standard,1802.59
9199,Jordan Little,suttonpaul.9199@example.org,Angola,2024-12-11,Standard,650.27
9200,Edward Brown,gsherman.9200@example.org,Serbia,2024-08-09,Basic,193.2
9201,Katie Hart,kimberlythomas.9201@example.com,Sri Lanka,2026-02-04,Standard,1449.02
9202,Eric Reid,brownamy.9202@example.org,Georgia,2025-03-01,Premium,17812.7
9203,Barry Ramirez,vparks.9203@example.com,Saint Barthelemy,2024-02-28,Standard,2362.32
9204,Manuel Wright,tamarageorge.9204@example.org,Moldova,2026-02-22,Standard,1089.27
9205,Raymond Edwards,kristenwilson.9205@example.net,Cambodia,2020-09-07,Standard,1045.79
9206,Christy Orozco,hansenryan.9206@example.net,Mozambique,2025-02-06,Basic,789.88
9207,Michael Richards,bwebb.9207@example.net,Poland,2022-08-15,Basic,522.71
9208,Mary Bailey,jwalker.9208@example.com,Namibia,2022-11-23,Standard,2119.5
9209,Karen Anderson,ffrost.9209@example.net,Saint Barthelemy,2025-03-23,Standard,354.35
9210,John Medina,morenoscott.9210@example.com,Korea,2021-10-30,Premium,3889.51
9211,Carly Cruz,stephanie26.9211@example.com,Maldives,2025-11-27,Basic,235.56
9212,Courtney Parker,youngcameron.9212@example.net,Liberia,2023-05-05,Standard,2557.63
9213,Theresa Ryan,sanderson.9213@example.net,Zambia,2022-05-02,Standard,2749.87
9214,Erica Williamson MD,olsoncrystal.9214@example.net,Tanzania,2022-03-12,Basic,152.82
9215,Thomas Rodriguez,christopher32.9215@example.com,Bulgaria,2022-10-24,Standard,2199.75
9216,Debra Miller,ericajones.9216@example.net,Guernsey,2026-04-21,Basic,699.31
9217,Melinda Wilson,matthewbond.9217@example.com,Cyprus,2020-09-07,Standard,2660.92
9218,Timothy Reyes,jeff25.9218@example.org,Peru,2023-05-25,Standard,1484.66
9219,Michael Jones,tiffanybailey.9219@example.org,Nauru,2025-08-01,Premium,6658.01
9220,Chelsea Riley MD,karen92.9220@example.net,Egypt,2023-02-26,Standard,2877.6
9221,Jeremy Holland,marie27.9221@example.org,Pakistan,2023-10-14,Standard,974.43
9222,David Cuevas,hillmarisa.9222@example.com,Botswana,2022-04-30,Standard,907.55
9223,Seth Edwards,phenson.9223@example.org,Cocos (Keeling) Islands,2020-11-28,Basic,164.55
9224,Vincent Hooper,justinmayo.9224@example.net,Canada,2024-04-10,Standard,1691.1
9225,Christopher Edwards,mullendaniel.9225@example.org,Nigeria,2026-02-24,Standard,500.12
9226,John Martinez,bsmith.9226@example.org,Chile,2023-06-23,Standard,1797.93
9227,Reginald Day,hartamanda.9227@example.org,Morocco,2022-11-21,Standard,2842.33
9228,Peter Franklin,james15.9228@example.org,Saudi Arabia,2020-11-11,Basic,403.98
9229,Haley Delgado,hmartinez.9229@example.com,Iran,2026-04-26,Premium,19376.26
9230,Jennifer Huerta,richardsonjohn.9230@example.net,Hungary,2025-10-23,Basic,724.56
9231,Abigail Adkins,deborah45.9231@example.com,Venezuela,2026-01-11,Premium,16261.43
9232,Katherine Parker,aprilperez.9232@example.net,Chile,2022-05-26,Standard,1902.56
9233,Rita Jones,ricesusan.9233@example.com,Puerto Rico,2024-03-06,Basic,704.54
9234,Cheryl Wilson,rosejenkins.9234@example.com,Ecuador,2022-11-22,Premium,11989.71
9235,Jessica Tyler,davisdonald.9235@example.com,Ghana,2021-07-27,Standard,780.16
9236,Lacey Smith,timothy83.9236@example.net,Thailand,2021-05-17,Premium,18653.23
9237,Nicholas Perez,flawson.9237@example.org,Lebanon,2022-07-26,Basic,401.75
9238,Candace Ford,sullivanteresa.9238@example.com,Kazakhstan,2023-09-13,Standard,2741.69
9239,Olivia Miles,deleonjonathan.9239@example.org,Ghana,2020-10-24,Premium,9076.63
9240,Victor Reyes,talexander.9240@example.net,Saint Vincent and the Grenadines,2024-09-10,Standard,1140.03
9241,Jason Bailey,philipwilliams.9241@example.com,Liechtenstein,2023-01-22,Standard,2344.78
9242,Jeremy Baker,benjamin88.9242@example.net,French Guiana,2025-11-21,Basic,507.56
9243,Emily Banks,sanchezkathleen.9243@example.net,Saint Helena,2021-11-11,Premium,9915.05
9244,Joe Sanchez,kimberlybell.9244@example.org,Seychelles,2020-05-06,Standard,2660.05
9245,Luke Hunt Jr.,mooneypatrick.9245@example.org,Thailand,2022-02-01,Standard,1646.41
9246,Daniel Smith,amandamiller.9246@example.org,Western Sahara,2026-07-04,Standard,235.82
9247,Dennis Patterson,anthony61.9247@example.com,Lao People's Democratic Republic,2022-02-25,Basic,554.56
9248,Dr. Zachary Perez,hensleyryan.9248@example.org,Cameroon,2024-09-14,Standard,376.84
9249,Audrey Morrison,,Malta,2025-08-21,Basic,384.88
9250,Laura Berger,darylreyes.9250@example.com,Malawi,2021-11-25,Standard,737.82
9251,Colleen Cruz,steven39.9251@example.net,Equatorial Guinea,2024-04-18,Standard,877.55
9252,Alexis Simmons,oguzman.9252@example.com,Cyprus,2021-05-14,Standard,2943.48
9253,Christine Mccoy,aprilmoore.9253@example.org,Chad,2022-06-03,Standard,517.74
9254,Jonathan Taylor,johnlewis.9254@example.com,Puerto Rico,2021-12-24,Premium,15638.73
9255,Matthew Avery,cookdavid.9255@example.net,Timor-Leste,2024-06-29,Premium,13474.01
9256,Sean Carey,ahernandez.9256@example.net,Kazakhstan,2025-11-08,Basic,156.03
9257,Rachael Ruiz,usullivan.9257@example.com,Comoros,2021-09-08,Basic,748.27
9258,Jon Smith,huntjonathan.9258@example.net,Armenia,2021-12-12,Standard,763.97
9259,Jessica Elliott,nwarner.9259@example.org,Honduras,2025-06-27,Standard,1643.64
9260,Scott Fowler,scott89.9260@example.org,Jersey,2023-02-04,Basic,632.42
9261,Alejandra Robinson,bradleymelinda.9261@example.com,Belarus,2023-06-06,Standard,2338.0
9262,Anita Jefferson,deborah43.9262@example.net,Bangladesh,2024-09-19,Standard,1095.18
9263,Christine Santiago,tamara00.9263@example.com,Gabon,2020-12-01,Basic,671.42
9264,James Hill,denise84.9264@example.org,United States Virgin Islands,2025-10-30,Standard,2893.87
9265,Stephen Boyer,cuevasscott.9265@example.net,Korea,2022-06-10,Standard,1527.26
9266,Christina Maxwell,xjohnson.9266@example.net,Lesotho,2024-05-27,Standard,2026.48
9267,Nicole Newman,sheppardpatrick.9267@example.com,Haiti,2022-11-21,Premium,8561.25
9268,Michael Williams,josebarber.9268@example.net,Senegal,2025-01-13,Standard,1191.43
9269,Robert Leonard,markfitzpatrick.9269@example.org,Albania,2024-02-02,Basic,375.77
9270,Monica Castro,mendezjohn.9270@example.net,Malawi,2021-02-27,Basic,157.71
9271,Cody Ochoa,mannwilliam.9271@example.com,Gambia,2021-04-03,Premium,14409.23
9272,Emily Kelly,tyler43.9272@example.com,Belarus,2025-11-12,Basic,132.46
9273,Kevin Dawson,shelleyhawkins.9273@example.net,Tunisia,2023-06-22,Basic,4.14
9274,Kristen Reed,dakotawilliams.9274@example.org,Bolivia,2021-11-04,Standard,1430.53
9275,Angela White,williamsstephen.9275@example.com,Svalbard & Jan Mayen Islands,2020-12-15,Basic,61.14
9276,Donna Wyatt,melinda70.9276@example.net,South Africa,2020-11-09,Basic,449.95
9277,Alicia Gilmore,william24.9277@example.org,Nicaragua,2026-02-24,Basic,416.3
9278,Christine Mathis,william85.9278@example.com,New Caledonia,2026-07-11,Basic,109.81
9279,Ian Williams,oadams.9279@example.com,Panama,2022-08-18,Standard,888.79
9280,Deborah Rhodes,xmoore.9280@example.net,Serbia,2021-05-07,Standard,268.47
9281,Theresa Lang,meganstewart.9281@example.net,Ireland,2022-10-19,Basic,475.16
9282,David Park,marshallevan.9282@example.org,Niger,2020-11-29,Basic,234.29
9283,Steven White,thomasprice.9283@example.org,United States Virgin Islands,2023-09-04,Premium,14833.72
9284,Rebecca Davis,ddavila.9284@example.com,Martinique,2024-03-08,Standard,1963.51
9285,Heather Andrews,joshua78.9285@example.net,Mauritius,2026-08-03,Standard,1246.05
9286,Carol Ballard,keith90.9286@example.org,Vanuatu,2022-02-17,Basic,17.38
9287,Brian Lewis,udixon.9287@example.com,Christmas Island,2021-04-28,Standard,1096.46
9288,Ronald Galvan,michellejohnson.9288@example.org,Guatemala,2020-11-21,Standard,1109.62
9289,Dawn Mcguire,bobby53.9289@example.org,Spain,2022-07-10,Standard,1131.57
9290,Nicholas Beck,butlerteresa.9290@example.net,Svalbard & Jan Mayen Islands,2024-01-07,Premium,19161.98
9291,Jonathan Oliver,ndonovan.9291@example.net,Hong Kong,2020-06-11,Basic,131.65
9292,Stephen Shea,william51.9292@example.org,Samoa,2025-01-27,Standard,956.17
9293,Steven Elliott,likeith.9293@example.com,Seychelles,2023-01-28,Premium,16983.18
9294,Jenna Best,glennpacheco.9294@example.org,Guinea,2025-04-20,Standard,2790.44
9295,Angela Olson,gabrielleheath.9295@example.org,Uzbekistan,2023-02-06,Basic,374.63
9296,Michael Smith,belliott.9296@example.com,Iran,2021-01-14,Standard,1712.14
9297,Jesse Snyder,donaldolsen.9297@example.org,New Zealand,2020-02-22,Standard,348.0
9298,Amanda Greene,marshalljulian.9298@example.net,Christmas Island,2023-09-21,Standard,2462.51
9299,Alan Parker,melaniefloyd.9299@example.org,Fiji,2023-08-10,Basic,475.65
9300,Jeffrey Acosta,usmith.9300@example.net,Lithuania,2025-06-10,Basic,383.21
9301,Ryan Bauer,ihuang.9301@example.com,Tonga,2025-11-12,Basic,242.06
9302,Erika Gordon,tammysimon.9302@example.org,Cayman Islands,2021-01-28,Standard,1442.56
9303,Joann Smith,ruthmiller.9303@example.net,Jersey,2022-02-07,Basic,588.25
9304,James Dunlap,francescohen.9304@example.com,Belize,2021-05-22,Basic,64.62
9305,Maureen Obrien,tracysanchez.9305@example.org,Mali,2020-09-17,Standard,1619.08
9306,Lori Fields,jeffrey50.9306@example.org,Dominican Republic,2020-01-06,Basic,27.71
9307,Ashley Yang,sharonklein.9307@example.org,Guinea,2020-07-20,Basic,617.8
9308,Anthony Powers,leslie48.9308@example.org,South Georgia and the South Sandwich Islands,2023-07-05,Basic,168.81
9309,Madison Foster,joansimpson.9309@example.com,Kiribati,2021-01-05,Basic,722.71
9310,Mark Wade,michaelrandall.9310@example.net,Cyprus,2021-04-20,Standard,1533.06
9311,Charles Morris,hernandezlisa.9311@example.net,Solomon Islands,2020-10-14,Standard,1480.34
9312,Kenneth Robertson,matthew28.9312@example.org,Swaziland,2024-11-03,Premium,8486.34
9313,James Bray,jnoble.9313@example.org,Cote d'Ivoire,2024-04-01,Standard,1645.81
9314,Francisco Sherman,danielwarren.9314@example.org,Peru,2026-06-07,Standard,1146.48
9315,Shawn Campos,nathanchase.9315@example.org,Namibia,2020-09-29,Standard,1207.79
9316,Richard Mcknight,mnicholson.9316@example.com,French Guiana,2021-05-24,Basic,156.49
9317,Eddie Gray,bgallagher.9317@example.com,Barbados,2023-01-17,Premium,8213.86
9318,Samuel Ross,michael27.9318@example.com,Uzbekistan,2024-05-04,Basic,649.37
9319,Keith Baxter,silvamichael.9319@example.com,Brazil,2020-11-13,Standard,887.93
9320,Frank Higgins,kingjoseph.9320@example.net,Luxembourg,2021-06-01,Premium,16782.83
9321,Kelly Lloyd,chelseaturner.9321@example.net,Iraq,2022-10-26,Premium,17503.63
9322,Jill Brown,reillydonna.9322@example.net,American Samoa,2020-02-13,Standard,2065.74
9323,Alexandria Perry,xadams.9323@example.net,Mexico,2022-08-23,Standard,285.91
9324,Jacob Mccullough,hernandezantonio.9324@example.org,Kyrgyz Republic,2025-01-26,Standard,1770.89
9325,Tammy Garrett,jacob63.9325@example.com,Saint Martin,2023-07-10,Standard,2532.82
9326,Frank Bryant,kevin50.9326@example.com,Ukraine,2022-11-25,Standard,1224.19
9327,Joseph Owens,salinaslaura.9327@example.net,Western Sahara,2023-04-06,Premium,7090.8
9328,Mitchell Smith,sherri14.9328@example.org,Samoa,2026-05-01,Standard,1099.86
9329,Virginia Deleon,dustin12.9329@example.org,Samoa,2023-06-24,Premium,9615.38
9330,Cody Allen,laurensmith.9330@example.org,Ecuador,2023-07-28,Premium,3263.05
9331,Taylor Baker,kathleenrodriguez.9331@example.com,Bolivia,2026-03-23,Standard,865.52
9332,Jorge Lee,tchapman.9332@example.net,Turkey,2021-01-19,Basic,517.55
9333,Adam Johnson,gjones.9333@example.com,Saint Barthelemy,2020-08-22,Standard,1522.96
9334,Colleen Hall,daniel49.9334@example.org,Bhutan,2023-01-03,Basic,197.87
9335,Robert Wolfe,ashleymercado.9335@example.net,Cameroon,2022-02-16,Basic,744.7
9336,Michael Robbins,frazierjames.9336@example.org,Liechtenstein,2021-05-10,Standard,1027.52
9337,Heather Anderson,psutton.9337@example.net,Djibouti,2020-10-18,Standard,562.09
9338,Chelsea Levine,frenchjasmine.9338@example.org,Paraguay,2025-11-14,Premium,5588.27
9339,Daniel Schaefer,alexandrashepherd.9339@example.com,Albania,2024-02-09,Standard,1030.44
9340,Ryan Bates,kenneth75.9340@example.com,Nigeria,2024-08-14,Standard,1663.17
9341,Andrea Lamb,yeseniamoore.9341@example.net,Uganda,2020-10-15,Standard,385.7
9342,Andrea Mora,martinnancy.9342@example.org,Belize,2022-04-13,Basic,683.95
9343,Melissa Lopez,bharrison.9343@example.org,Libyan Arab Jamahiriya,2024-02-25,Premium,17794.58
9344,George Crawford,ylucas.9344@example.org,Greenland,2023-07-12,Premium,7730.31
9345,Michael Burns,bmontoya.9345@example.org,Saint Pierre and Miquelon,2024-08-23,Basic,620.25
9346,James Cole,victoria44.9346@example.org,Croatia,2024-06-22,Standard,1879.14
9347,Eileen Patel,vstafford.9347@example.net,Cuba,2022-10-06,Standard,2567.24
9348,Alexis Davis,sarakramer.9348@example.org,Cocos (Keeling) Islands,2025-03-26,Premium,6985.39
9349,Collin Martin,michael44.9349@example.com,Estonia,2021-09-26,Standard,1908.66
9350,Sarah Hebert,phamdaniel.9350@example.net,Belize,2020-07-14,Basic,58.16
9351,Jonathan Brown,danielbaker.9351@example.net,Saint Lucia,2026-02-08,Standard,226.47
9352,Andrea Thompson,michael45.9352@example.com,Azerbaijan,2020-02-24,Standard,2649.15
9353,Peter Scott,allisonthompson.9353@example.com,Colombia,2021-11-23,Standard,1024.73
9354,Matthew Spears,richardwalker.9354@example.com,Netherlands Antilles,2020-10-06,Standard,1447.15
9355,Cathy Thomas,david39.9355@example.org,Kazakhstan,2021-07-20,Standard,848.98
9356,Hannah Miller,jgarcia.9356@example.com,United States of America,2022-08-22,Standard,2655.06
9357,Justin Hunter,lsteele.9357@example.org,Benin,2020-11-12,Premium,8921.62
9358,Eddie Beasley,georgeolson.9358@example.com,Nigeria,2023-02-13,Standard,701.53
9359,Ronald Wood,udickerson.9359@example.net,Denmark,2026-03-14,Basic,486.39
9360,Debra Richard,xthomas.9360@example.com,Saint Lucia,2020-11-29,Basic,164.37
9361,Shelly Edwards,hoffmanjake.9361@example.com,Nauru,2026-03-12,Basic,208.55
9362,Scott Myers,kreynolds.9362@example.net,Ghana,2022-10-01,Standard,2083.83
9363,Mary Bell,garzarichard.9363@example.com,Mauritius,2023-12-17,Basic,767.38
9364,Diane Sandoval,jcollier.9364@example.com,Australia,2022-12-14,Basic,603.85
9365,Chad Miller,walkermelissa.9365@example.com,United Arab Emirates,2022-02-12,Premium,4234.56
9366,Michael Crawford,doughertytracy.9366@example.com,Palau,2020-09-23,Standard,1075.16
9367,Chad Swanson,thall.9367@example.net,Kyrgyz Republic,2023-12-19,Standard,2429.82
9368,Karen Avery,andersonvictor.9368@example.org,Niue,2026-02-16,Basic,220.12
9369,Kent Robertson,butlerjeremy.9369@example.org,Bahrain,2023-06-25,Basic,592.06
9370,Mary Simpson,rivasshannon.9370@example.org,Liechtenstein,2024-01-03,Basic,377.43
9371,Joshua Russo,carl66.9371@example.org,Pitcairn Islands,2024-04-21,Standard,2676.34
9372,Glenn Valenzuela,kristie44.9372@example.net,Saint Martin,2022-08-06,Basic,287.32
9373,Kristin Mayo,wcarter.9373@example.org,French Guiana,2020-10-21,Premium,18822.29
9374,Jason Gould MD,daniel65.9374@example.org,Dominica,2023-05-22,Premium,9333.82
9375,John Ryan,coopergeorge.9375@example.com,Croatia,2025-10-22,Standard,2233.46
9376,Kristen Holmes,christopherhernandez.9376@example.net,Anguilla,2022-02-06,Basic,156.16
9377,Jennifer Watts,ulewis.9377@example.net,Liechtenstein,2025-10-29,Basic,424.63
9378,Jamie Duke,sbrown.9378@example.com,San Marino,2025-09-17,Standard,1068.38
9379,Eric Harris,ryanhale.9379@example.com,Nicaragua,2021-08-20,Standard,235.63
9380,Alan Taylor,alyssameyer.9380@example.com,Belize,2023-11-05,Standard,1424.37
9381,Tony Powell,phillipalvarez.9381@example.org,Madagascar,2024-12-30,Premium,5104.94
9382,Denise Acevedo,coreysims.9382@example.org,Macao,2023-04-23,Basic,766.87
9383,Richard Mcdonald,agreen.9383@example.org,Spain,2024-09-03,Standard,2464.05
9384,Jesse Lee,caseydaniel.9384@example.org,United Arab Emirates,2026-02-02,Premium,15311.45
9385,Matthew Salazar,tiffanyjohnson.9385@example.org,Czech Republic,2024-03-11,Standard,1469.33
9386,Mary Harrison,wspencer.9386@example.org,Finland,2025-08-08,Basic,207.28
9387,Heather Allen,jacksonjennifer.9387@example.org,Tonga,2025-05-09,Basic,259.49
9388,Cindy Wade,erin96.9388@example.org,Maldives,2025-06-07,Standard,772.22
9389,Jenna Montes,peter74.9389@example.net,Mali,2025-09-12,Premium,11934.0
9390,Lee Mullins,stewartmarcus.9390@example.org,Austria,2021-07-04,Basic,649.02
9391,Cody Sparks,thomas51.9391@example.net,Gibraltar,2020-02-14,Standard,724.75
9392,David Lloyd,phillip89.9392@example.net,Lesotho,2021-01-08,Standard,212.73
9393,Jordan Rich,westryan.9393@example.net,Faroe Islands,2021-09-01,Premium,4260.92
9394,Julie Mcmillan,andrew47.9394@example.com,Cape Verde,2024-08-12,Basic,368.75
9395,Angel Smith,oliverdominic.9395@example.com,Anguilla,2023-05-30,Basic,14.88
9396,Joshua Blevins II,laura40.9396@example.net,Bouvet Island (Bouvetoya),2023-02-18,Standard,1329.15
9397,Candace Wilson,shannon52.9397@example.com,French Guiana,2020-01-23,Premium,4000.85
9398,Joseph Fox,deborahschwartz.9398@example.org,Singapore,2024-07-27,Premium,3939.8
9399,Todd Miller,johnathan85.9399@example.org,Burundi,2022-06-08,Standard,2195.31
9400,Rachel Sanchez,riversheather.9400@example.net,Egypt,2025-01-31,Premium,19990.95
9401,Dawn Kim,christensenjulie.9401@example.net,Italy,2020-10-02,Standard,744.55
9402,Amber Lindsey,,Vietnam,2021-12-22,Premium,6132.6
9403,Mark Gray,rebeccamcdonald.9403@example.net,Netherlands,2020-05-13,Standard,1029.97
9404,Stephanie Robinson,enavarro.9404@example.com,El Salvador,2021-11-26,Standard,2398.31
9405,Amy Collins,ywhite.9405@example.net,Guam,2026-03-04,Standard,1616.5
9406,John Lopez,charleswilliams.9406@example.net,Ghana,2023-04-13,Basic,456.54
9407,Mary Cochran,alex76.9407@example.org,Anguilla,2022-12-09,Standard,1730.22
9408,Patrick Perkins,rwright.9408@example.com,Romania,2021-10-30,Basic,749.9
9409,James Green,brian76.9409@example.net,Saudi Arabia,2021-10-08,Basic,27.88
9410,David Preston,lawrencemorgan.9410@example.net,Hong Kong,2024-06-17,Basic,126.33
9411,Trevor Ortega,kyle80.9411@example.org,Kenya,2026-08-02,Premium,8878.03
9412,Nicholas Roach,xhill.9412@example.org,Holy See (Vatican City State),2024-12-28,Standard,1566.49
9413,Daniel Turner,ariana27.9413@example.com,Palestinian Territory,2024-12-04,Standard,519.02
9414,Roberto Allen,shannoneric.9414@example.net,Trinidad and Tobago,2023-02-26,Premium,18077.05
9415,Sean Pacheco,djohnson.9415@example.com,Malaysia,2020-08-28,Premium,14201.46
9416,Lee Lopez,tim39.9416@example.org,Estonia,2024-11-02,Premium,18780.38
9417,John Sanders,mpierce.9417@example.org,Svalbard & Jan Mayen Islands,2025-05-28,Standard,2834.24
9418,Brian Martinez,bennettjeff.9418@example.net,Canada,2023-05-31,Basic,410.03
9419,Mr. Scott Logan,matthewthompson.9419@example.com,Christmas Island,2020-08-11,Standard,2588.42
9420,Ashley Warren,ryan06.9420@example.org,Malta,2024-10-06,Basic,589.4
9421,Mark Klein,michael20.9421@example.com,New Zealand,2026-02-27,Basic,288.41
9422,Natasha Ray,tbrown.9422@example.com,Senegal,2021-07-03,Premium,13832.29
9423,John White,matthewmontes.9423@example.com,Costa Rica,2021-01-24,Standard,2867.69
9424,Justin Jordan,anthonybell.9424@example.org,Korea,2024-12-09,Premium,15752.16
9425,Cody Taylor,jmccarthy.9425@example.org,Eritrea,2022-03-21,Basic,567.53
9426,Emma Watts,garciajeffrey.9426@example.org,Niue,2024-10-12,Basic,177.5
9427,Mark Freeman,katherine43.9427@example.org,Algeria,2024-09-13,Standard,2527.16
9428,Joshua Parrish,hensleykeith.9428@example.com,Bangladesh,2021-10-13,Standard,1291.06
9429,Courtney Jacobson,silvaallison.9429@example.net,Turkey,2020-04-13,Standard,1947.42
9430,William Santana,owolfe.9430@example.com,Belgium,2023-09-19,Basic,542.18
9431,James Lopez,benjaminbailey.9431@example.org,Mongolia,2022-09-22,Basic,412.19
9432,Bryan Archer,romerojeremy.9432@example.org,Netherlands Antilles,2025-09-19,Basic,132.47
9433,Mary Schroeder,vcantrell.9433@example.net,Gambia,2022-05-24,Standard,2152.88
9434,Colleen Cervantes,mitchelllisa.9434@example.net,United States of America,2021-09-01,Premium,6450.36
9435,Michael Esparza,elizabethedwards.9435@example.org,Gabon,2025-10-01,Premium,6776.56
9436,Karen Bradley,zparker.9436@example.net,Zambia,2024-12-02,Premium,4282.25
9437,Crystal Brown,wmiller.9437@example.com,Reunion,2024-02-19,Standard,1935.84
9438,Ruben Lucero,jennifer97.9438@example.net,United States of America,2026-05-18,Basic,93.92
9439,Jose Butler,hansenwilliam.9439@example.com,Uganda,2025-03-27,Basic,276.17
9440,Stephanie Graham,ywilliamson.9440@example.org,Cyprus,2025-10-16,Premium,18011.4
9441,John Johnson,joanna99.9441@example.net,Austria,2025-05-05,Standard,1468.58
9442,Tyrone Davis,patriciamartin.9442@example.org,Switzerland,2022-09-07,Premium,18101.08
9443,Sarah Flynn,sarah81.9443@example.org,Namibia,2020-06-01,Basic,394.17
9444,Trevor Huerta,johnlewis.9444@example.com,Morocco,2024-01-22,Basic,143.07
9445,Brandy Ramirez,jasonmorris.9445@example.net,Congo,2025-02-10,Standard,2324.96
9446,Ariana Sanders,hadkins.9446@example.org,Sri Lanka,2026-08-18,Standard,1189.65
9447,Teresa Koch,mary10.9447@example.org,Barbados,2024-07-22,Standard,2905.95
9448,Darren Austin,chill.9448@example.net,Lao People's Democratic Republic,2023-10-20,Standard,933.96
9449,Alicia Austin,handerson.9449@example.net,Falkland Islands (Malvinas),2023-11-06,Premium,16798.65
9450,Matthew Thomas,megangordon.9450@example.org,New Caledonia,2020-10-07,Standard,1582.81
9451,Amy Stewart,jacksonnicholas.9451@example.com,Angola,2020-01-19,Standard,2557.97
9452,Vanessa Miller,barnettrobert.9452@example.com,Swaziland,2020-04-20,Standard,712.5
9453,Susan Cruz,jacobsmicheal.9453@example.com,Sweden,2026-01-18,Standard,1974.27
9454,Daniel White,jonesjeremy.9454@example.org,Cyprus,2025-04-13,Basic,90.55
9455,Kelly Moore,greenjesse.9455@example.org,Cayman Islands,2021-09-27,Standard,2455.44
9456,Steven Mendoza,michaellynch.9456@example.com,Chad,2022-10-31,Standard,859.83
9457,Kristopher Mcgee,rjackson.9457@example.com,Montserrat,2023-03-26,Basic,342.06
9458,Steven Davila,fisherpatricia.9458@example.org,Togo,2021-08-25,Standard,2036.73
9459,Sherry Hall,adamalvarez.9459@example.org,France,2022-10-29,Standard,1539.0
9460,Samantha Stanley,smithhaley.9460@example.net,Algeria,2022-04-29,Premium,16020.14
9461,Jane Middleton,vfletcher.9461@example.net,Jamaica,2024-08-23,Basic,550.54
9462,Suzanne Edwards,sophia72.9462@example.com,Cyprus,2025-01-23,Standard,565.14
9463,Erika Rivera,belindaandersen.9463@example.org,French Guiana,2020-08-28,Standard,2365.7
9464,Noah Richardson,daniel93.9464@example.org,Afghanistan,2023-02-10,Premium,9622.68
9465,Kevin Taylor,sarahwhite.9465@example.org,Peru,2026-08-17,Basic,478.21
9466,Jaclyn Coleman,kimberlyharris.9466@example.com,Angola,2025-10-21,Standard,806.4
9467,Paul Ayala,grayashley.9467@example.net,Faroe Islands,2025-04-22,Standard,1384.66
9468,Samuel Jones,mcleansydney.9468@example.com,Kyrgyz Republic,2024-11-29,Standard,2488.05
9469,Anthony Mercer,washingtonbecky.9469@example.net,Malta,2020-01-11,Standard,2793.53
9470,Joshua Shaffer,shelbyramirez.9470@example.net,Greenland,2026-07-06,Standard,2828.35
9471,Robin Meyers,kari07.9471@example.com,Philippines,2024-11-30,Standard,2160.25
9472,Kevin Hill Jr.,monicasmith.9472@example.net,Austria,2025-12-09,Standard,420.95
9473,William Ray,brownnicole.9473@example.com,Liberia,2026-01-28,Standard,1439.37
9474,David Lozano,oharper.9474@example.net,Honduras,2021-09-13,Basic,154.46
9475,Sandra Mills,kevin21.9475@example.com,South Africa,2020-02-03,Standard,2153.32
9476,Jordan Li,heatherreynolds.9476@example.com,Djibouti,2024-05-28,Standard,651.84
9477,Chelsea Ward,vincent59.9477@example.com,Brunei Darussalam,2023-01-25,Basic,782.06
9478,Cameron Stuart,lindawade.9478@example.net,Iraq,2020-02-20,Basic,155.63
9479,Benjamin Bryant,wardvictoria.9479@example.net,Marshall Islands,2021-10-23,Standard,347.6
9480,Eric Ward,carneyaustin.9480@example.net,Christmas Island,2026-08-17,Basic,674.84
9481,Melissa Adams,traci73.9481@example.com,Svalbard & Jan Mayen Islands,2022-06-06,Premium,5640.88
9482,Courtney Bond,padilladwayne.9482@example.org,Maldives,2021-09-29,Basic,19.21
9483,Joseph Lane,wyork.9483@example.org,Hungary,2024-05-17,Premium,11865.4
9484,Mary Short,mendozajennifer.9484@example.org,Holy See (Vatican City State),2024-06-11,Standard,2913.85
9485,Heather Perez,georgedamon.9485@example.com,Christmas Island,2022-03-22,Basic,214.0
9486,Ann Winters,jackpark.9486@example.com,France,2025-09-04,Premium,9357.01
9487,Peggy Harris,philliphaley.9487@example.net,Bahamas,2023-11-18,Basic,189.73
9488,Martha Wong,tayloredward.9488@example.com,Switzerland,2021-01-26,Standard,1762.36
9489,Gary Dominguez,ballchristian.9489@example.net,Liberia,2022-03-04,Premium,7810.21
9490,Michael Baldwin,samuelbell.9490@example.org,Panama,2025-09-01,Basic,473.09
9491,John Harris,angela77.9491@example.org,Namibia,2020-08-06,Standard,1538.46
9492,Brian Lewis,deandavid.9492@example.net,Cayman Islands,2020-01-30,Basic,743.13
9493,Jessica Roberts,zbaker.9493@example.org,Tonga,2024-05-22,Basic,536.01
9494,Joseph Chung,pyates.9494@example.com,Sao Tome and Principe,2022-12-15,Premium,14286.69
9495,Tina Watson,miranda76.9495@example.net,Belize,2021-09-09,Standard,1562.11
9496,Dean Peterson,rebecca21.9496@example.net,Monaco,2023-02-26,Standard,1048.81
9497,Jason Rasmussen,christopherturner.9497@example.com,Malawi,2021-03-24,Standard,1079.1
9498,Gregory Gillespie,pdavis.9498@example.net,Norfolk Island,2022-07-02,Premium,11071.85
9499,Frank Lawrence,olivialee.9499@example.com,Saint Kitts and Nevis,2021-07-25,Standard,737.35
9500,Vickie Christensen,james72.9500@example.org,Greece,2023-12-02,Basic,105.94
9501,Toni Horn,osmith.9501@example.com,Afghanistan,2024-07-03,Premium,8702.57
9502,David Ochoa MD,melissaabbott.9502@example.net,Australia,2026-02-12,Basic,104.38
9503,Robert Zuniga,fpratt.9503@example.org,Samoa,2020-06-14,Standard,846.13
9504,Christopher Mooney,warnercrystal.9504@example.org,Cayman Islands,2022-03-09,Premium,11630.43
9505,Michelle Green,michaeltorres.9505@example.org,Cote d'Ivoire,2021-10-07,Premium,16221.71
9506,Chad Alvarez,vmiles.9506@example.com,Georgia,2023-11-15,Premium,6045.89
9507,Jordan King,nashchristopher.9507@example.com,Myanmar,2023-07-25,Standard,2416.66
9508,Makayla Thomas,kgillespie.9508@example.org,Portugal,2025-11-12,Premium,2279.75
9509,Jamie Brown,jeff60.9509@example.net,Kuwait,2026-02-22,Basic,797.62
9510,Heather Johnson,beverlymiller.9510@example.com,Kuwait,2025-03-02,Basic,413.55
9511,Jennifer Wilcox,burtonbrian.9511@example.net,Heard Island and McDonald Islands,2021-04-30,Premium,10565.97
9512,Heidi Guerrero,hayleypeterson.9512@example.net,Singapore,2020-04-09,Basic,520.44
9513,Carolyn Perez,dawn32.9513@example.org,Holy See (Vatican City State),2026-01-04,Basic,380.14
9514,Alexa Miller,josephsantos.9514@example.net,Zimbabwe,2026-04-21,Premium,9344.4
9515,Robert Baker,jenniferfleming.9515@example.org,Malta,2021-09-03,Basic,296.79
9516,Jesus Chapman,omartinez.9516@example.com,Croatia,2020-04-23,Standard,2937.93
9517,Derek Huffman,josephfletcher.9517@example.net,Zambia,2024-07-20,Standard,2612.19
9518,Laura Hicks,hharris.9518@example.net,Bosnia and Herzegovina,2023-12-08,Premium,11043.39
9519,Sandra Johnson,jenniferbennett.9519@example.net,Georgia,2025-12-10,Basic,669.16
9520,Lisa Parker,ypowell.9520@example.org,Saint Vincent and the Grenadines,2023-11-06,Basic,119.27
9521,Brittney Cox,marydavis.9521@example.net,Swaziland,2025-01-30,Basic,423.56
9522,Ana Wong,nicholasgibbs.9522@example.net,Cocos (Keeling) Islands,2025-04-04,Basic,360.14
9523,Jeffrey Vazquez,dmoore.9523@example.org,Moldova,2020-01-24,Premium,7847.88
9524,Crystal Jenkins,kpatterson.9524@example.org,Tanzania,2020-12-28,Standard,2771.63
9525,Matthew Brady,wilsonhenry.9525@example.org,Cote d'Ivoire,2025-03-19,Standard,2530.98
9526,Michael Freeman,tina17.9526@example.com,Cook Islands,2021-03-14,Premium,18327.55
9527,Elizabeth Green,nwoods.9527@example.org,Swaziland,2021-05-18,Premium,13433.9
9528,Theresa Coleman,nelsonsara.9528@example.org,Iraq,2025-01-10,Basic,300.98
9529,Kevin Adams,tristan86.9529@example.org,American Samoa,2021-05-14,Standard,2319.08
9530,Frederick Barrett,flynndavid.9530@example.net,El Salvador,2020-12-31,Premium,3954.21
9531,Maria Goodwin,davidruiz.9531@example.org,Niger,2020-02-02,Basic,682.46
9532,Miranda Stout,rebeccabrown.9532@example.com,Tonga,2023-02-20,Basic,23.02
9533,Stacey Wilkerson,glennwhite.9533@example.org,Taiwan,2024-04-04,Standard,2490.99
9534,David Beasley,cynthia74.9534@example.net,Ireland,2024-11-21,Standard,2171.03
9535,Paul Hicks,nicoleabbott.9535@example.org,Falkland Islands (Malvinas),2026-01-20,Basic,70.77
9536,Craig Taylor,sheila02.9536@example.net,Lesotho,2024-05-09,Standard,611.59
9537,Rebecca Hart,nvincent.9537@example.net,Vanuatu,2025-01-21,Standard,1466.7
9538,Todd Bullock,gmarsh.9538@example.org,Malaysia,2021-05-29,Standard,1039.65
9539,Jessica Park,kristy12.9539@example.net,Timor-Leste,2022-04-11,Premium,17611.27
9540,Rebecca Smith,blackanthony.9540@example.net,Korea,2022-01-12,Standard,739.93
9541,James Copeland,yrichards.9541@example.net,Angola,2020-06-07,Standard,1367.82
9542,Kimberly Beasley,vwells.9542@example.org,Dominica,2026-06-24,Standard,929.32
9543,Michael Scott,pstevens.9543@example.org,Aruba,2021-08-12,Standard,556.11
9544,Meghan Stevenson,wendy33.9544@example.org,Congo,2022-12-31,Standard,927.28
9545,Sharon Sanchez,monique69.9545@example.net,Saint Martin,2022-05-21,Standard,2607.96
9546,Mary Thompson,martinrachel.9546@example.com,Mayotte,2020-04-18,Standard,2203.4
9547,Kristen Fritz,wilcoxphillip.9547@example.com,Ireland,2026-01-14,Premium,18456.32
9548,Carolyn Curry,sconner.9548@example.com,Macao,2021-06-20,Basic,324.22
9549,Amy Davis,jennifer12.9549@example.com,Marshall Islands,2020-09-02,Standard,873.16
9550,Sheila Hardy,robertfoster.9550@example.org,American Samoa,2022-04-16,Standard,273.69
9551,Geoffrey Weber,matthew56.9551@example.net,Taiwan,2020-12-17,Premium,10912.84
9552,Eric Smith,gregory38.9552@example.com,Gambia,2026-09-06,Basic,31.78
9553,Henry Robertson,walkerdenise.9553@example.org,Ethiopia,2021-04-06,Standard,211.97
9554,Laura Cooper,milleralbert.9554@example.org,Panama,2022-01-09,Standard,1893.18
9555,Troy Gordon,jessica28.9555@example.org,Saint Helena,2021-10-24,Basic,131.86
9556,Jennifer Perez,banksallison.9556@example.org,Greenland,2020-03-05,Basic,447.82
9557,Michael Howard,craig72.9557@example.com,Israel,2020-02-01,Standard,1805.86
9558,Chad Ball,mary24.9558@example.com,Germany,2023-06-06,Standard,2226.75
9559,Andrew Mcdaniel,michael72.9559@example.org,Hungary,2021-07-22,Basic,306.5
9560,Kevin Alvarez,johnsondonald.9560@example.net,Turkey,2020-07-23,Basic,564.12
9561,Casey Velasquez,hhamilton.9561@example.net,Iran,2021-12-12,Basic,292.77
9562,Jessica Foley,scottpeterson.9562@example.com,Saint Kitts and Nevis,2021-10-31,Basic,78.23
9563,Veronica Wallace,dalecohen.9563@example.org,Bermuda,2022-11-01,Basic,247.99
9564,Chad Lawson,rosslindsey.9564@example.org,Denmark,2026-08-20,Basic,6.05
9565,John Richards,kjackson.9565@example.net,Turks and Caicos Islands,2022-01-19,Premium,10324.3
9566,Mrs. Bonnie Gomez,xmorgan.9566@example.org,Bolivia,2024-09-16,Basic,592.25
9567,Jamie Roy,christiancamacho.9567@example.com,Latvia,2025-02-19,Basic,627.8
9568,Karen Owens,hestermelissa.9568@example.net,Paraguay,2020-05-03,Standard,849.87
9569,Gregory Gilbert,kevin07.9569@example.net,Falkland Islands (Malvinas),2023-05-09,Standard,495.8
9570,Jason White,garciastephanie.9570@example.com,Svalbard & Jan Mayen Islands,2022-12-31,Standard,719.2
9571,Michelle Smith,brandon96.9571@example.com,Zimbabwe,2023-05-24,Basic,786.97
9572,Courtney Stewart,steven05.9572@example.com,British Virgin Islands,2021-02-23,Standard,1073.89
9573,Diamond Castillo,xsmith.9573@example.com,Togo,2023-02-09,Standard,1402.0
9574,Patrick Peters,ibarnett.9574@example.org,Russian Federation,2020-10-27,Standard,411.75
9575,David Hanson,michaelmorales.9575@example.net,Guatemala,2026-04-28,Premium,16207.95
9576,Amy Edwards,katherinemontgomery.9576@example.net,Latvia,2023-12-04,Standard,1455.77
9577,Anne Fox,crawfordsamuel.9577@example.com,Libyan Arab Jamahiriya,2020-03-25,Standard,444.71
9578,Michael Randolph,haley89.9578@example.net,Tanzania,2023-05-19,Standard,1524.24
9579,Dawn Vaughan,sandovalryan.9579@example.org,Haiti,2026-03-12,Premium,14838.94
9580,Jason Franco,michellecortez.9580@example.org,Antigua and Barbuda,2024-12-19,Premium,10514.68
9581,Melissa Blake,bburton.9581@example.org,Haiti,2021-10-28,Standard,2912.17
9582,Collin Miller,andrewpena.9582@example.net,Cape Verde,2025-12-19,Standard,2640.66
9583,Virginia Medina,qhill.9583@example.org,Ecuador,2021-03-29,Basic,411.85
9584,Todd Brown,susanlynch.9584@example.com,Saudi Arabia,2021-08-25,Basic,752.41
9585,Colin Dudley,fernandeztravis.9585@example.net,Botswana,2021-01-13,Basic,649.11
9586,Jessica Russo,jessicasmith.9586@example.org,Kazakhstan,2026-03-03,Standard,1231.16
9587,Laura Keller,matthew86.9587@example.org,Equatorial Guinea,2024-10-16,Premium,15885.38
9588,Joyce Anderson,katherinereyes.9588@example.com,Papua New Guinea,2023-06-18,Basic,404.68
9589,Cory Potter,francokaren.9589@example.org,Guernsey,2024-06-19,Standard,1709.51
9590,Donna Mills,edward05.9590@example.org,Djibouti,2021-09-24,Premium,11371.18
9591,Brian Clayton,thompsonmichael.9591@example.com,Somalia,2020-06-21,Standard,2450.3
9592,Colton Smith,guzmanjennifer.9592@example.com,Palestinian Territory,2025-08-27,Standard,2772.01
9593,Jill Poole,susan18.9593@example.com,Belarus,2026-06-12,Standard,1094.65
9594,Andrea Graham,wesleygonzalez.9594@example.net,Guyana,2020-03-27,Premium,13554.58
9595,Michael Fitzgerald,whitney65.9595@example.net,Slovenia,2020-05-06,Standard,1959.54
9596,Wayne Petersen,olivia76.9596@example.org,Romania,2023-09-28,Premium,17974.95
9597,Thomas Lopez,kimberly67.9597@example.org,Romania,2020-04-15,Standard,1452.19
9598,Christina Mcguire,hmyers.9598@example.com,Gabon,2024-10-28,Basic,152.13
9599,Bryan Bailey,castillolauren.9599@example.org,Sudan,2026-04-27,Basic,162.47
9600,Wendy Carr,andrew82.9600@example.net,Algeria,2021-11-14,Standard,343.57
9601,Alexis Livingston,brownnicholas.9601@example.net,Bosnia and Herzegovina,2021-12-19,Premium,3813.11
9602,Kristin Torres,westjesse.9602@example.com,Tokelau,2025-10-09,Standard,1043.41
9603,John Pitts,carolynhenderson.9603@example.org,Bahrain,2022-05-19,Standard,487.18
9604,David Brown,mthompson.9604@example.com,Holy See (Vatican City State),2021-08-09,Basic,696.87
9605,Meagan Lawrence,elizabethjackson.9605@example.com,Niue,2020-07-24,Basic,289.61
9606,Charles Henry,christinawolf.9606@example.com,Nauru,2025-08-12,Standard,1231.71
9607,Frank Romero,albertgates.9607@example.org,Vanuatu,2026-03-11,Basic,606.01
9608,Andrea Wheeler,johndavis.9608@example.net,Mexico,2020-07-10,Standard,1043.75
9609,Breanna Owens,osnow.9609@example.net,China,2025-05-14,Standard,2202.51
9610,Cheryl Garcia,matthewgarcia.9610@example.net,Liechtenstein,2021-01-25,Basic,657.94
9611,Danielle Morgan,paul97.9611@example.net,Cote d'Ivoire,2020-12-05,Standard,1208.5
9612,Dawn Russo,frostsarah.9612@example.net,Romania,2022-07-19,Standard,1537.87
9613,Gabriella Gonzalez,tgreene.9613@example.net,Finland,2022-12-02,Basic,257.78
9614,Amy Garrison,bgarcia.9614@example.net,Latvia,2025-09-16,Standard,1384.86
9615,Kristopher Richardson,imiller.9615@example.net,Armenia,2024-09-04,Standard,1826.09
9616,Jacob Ramsey,bcox.9616@example.org,Slovakia (Slovak Republic),2020-12-19,Premium,8293.51
9617,David Thomas,evansarthur.9617@example.com,Russian Federation,2023-11-27,Standard,1499.57
9618,Angelica Ramos,stewartjohn.9618@example.net,Madagascar,2025-11-07,Standard,1589.43
9619,Melody Berry,jennavance.9619@example.net,Solomon Islands,2024-06-04,Standard,268.61
9620,Jessica Weaver,cherylbrown.9620@example.net,Holy See (Vatican City State),2021-07-15,Standard,658.22
9621,Kayla Leonard,chelsea91.9621@example.net,Canada,2020-11-10,Standard,1715.85
9622,Rebecca Pineda,normansteven.9622@example.net,Denmark,2023-01-10,Standard,207.42
9623,Jason Henderson,joseburch.9623@example.net,Belize,2023-02-27,Basic,563.35
9624,Joseph Smith,pwilson.9624@example.net,American Samoa,2022-05-11,Standard,2735.3
9625,Alexis Rios,markjohnson.9625@example.net,Martinique,2020-09-23,Standard,2312.79
9626,Dawn Jennings,gjones.9626@example.net,Jersey,2020-10-15,Basic,251.32
9627,Andrew Anderson,tsmith.9627@example.net,Comoros,2023-07-15,Premium,10097.14
9628,Jaime Taylor,rharding.9628@example.com,Guatemala,2026-04-25,Standard,2022.01
9629,Justin Monroe,mayjorge.9629@example.com,Saint Pierre and Miquelon,2023-12-31,Premium,14247.86
9630,Emma Perez,sherridaniels.9630@example.org,Belarus,2022-12-06,Standard,2936.99
9631,Jeremy Lawrence,qhunter.9631@example.net,Brunei Darussalam,2026-03-24,Basic,394.38
9632,Edward Holt,timothy11.9632@example.com,Tunisia,2024-08-12,Standard,898.7
9633,Mark Ramos,justinherrera.9633@example.com,United Kingdom,2024-10-19,Basic,289.75
9634,James Bradshaw,crosskatie.9634@example.org,Cocos (Keeling) Islands,2023-11-05,Premium,18603.97
9635,Angela Hill DVM,rsalazar.9635@example.org,Malaysia,2025-02-05,Standard,1971.59
9636,Christina Hansen,richard10.9636@example.org,Azerbaijan,2023-05-10,Standard,2619.9
9637,Kenneth Rodriguez,sanchezlarry.9637@example.com,Lebanon,2024-02-28,Standard,2227.44
9638,Kevin Davis,jennifer21.9638@example.com,Guyana,2024-02-14,Standard,2903.2
9639,Teresa Hughes,wparsons.9639@example.net,Peru,2025-01-11,Standard,1603.44
9640,Danielle Abbott,hwade.9640@example.net,Kenya,2026-01-02,Standard,2859.73
9641,Janet Gardner,traceybrown.9641@example.org,Eritrea,2021-12-19,Basic,708.71
9642,Ashley Jones,vasquezkari.9642@example.org,Pitcairn Islands,2024-09-03,Basic,674.48
9643,Rebecca Ramirez,julia25.9643@example.org,Colombia,2020-03-18,Standard,2829.46
9644,Joshua Waller,hensleydavid.9644@example.org,Cocos (Keeling) Islands,2023-07-24,Basic,420.43
9645,Julie Newman,brendagreen.9645@example.com,Ghana,2026-01-03,Premium,15370.92
9646,Kevin Howard,robin32.9646@example.org,Sudan,2024-04-24,Standard,1754.94
9647,Leonard Thompson,james44.9647@example.net,Lao People's Democratic Republic,2021-10-15,Standard,2373.53
9648,Lauren Schwartz,montoyamark.9648@example.org,Nepal,2024-01-20,Standard,2338.51
9649,Jennifer Key,jessica08.9649@example.net,Central African Republic,2022-05-23,Standard,2323.53
9650,Jacqueline Rojas,sarahwerner.9650@example.com,Aruba,2022-11-23,Standard,1399.66
9651,William Roberts,xrobinson.9651@example.org,Croatia,2021-07-11,Basic,637.03
9652,Steven Smith,roger94.9652@example.org,Nicaragua,2024-03-05,Standard,2654.17
9653,Craig Burns,robert74.9653@example.com,Serbia,2021-04-29,Basic,509.0
9654,Ann Shepherd,martineztodd.9654@example.org,Algeria,2022-12-19,Standard,1473.03
9655,Zachary Thompson,fosterkenneth.9655@example.net,Oman,2026-04-12,Standard,2589.1
9656,Jasmine Daniels,nicholashernandez.9656@example.org,Bouvet Island (Bouvetoya),2025-01-24,Standard,2379.66
9657,Tammy Harris,scott77.9657@example.com,Marshall Islands,2022-10-08,Standard,1514.88
9658,Elizabeth Brooks,benjamin90.9658@example.net,Cayman Islands,2026-06-24,Standard,1823.63
9659,Melissa Edwards,katelynsmith.9659@example.org,Turkmenistan,2020-02-04,Basic,548.66
9660,Anthony Garcia,garciajeremy.9660@example.net,Brazil,2026-06-01,Standard,2127.3
9661,Tyler Jennings,lindsaymendez.9661@example.com,United States of America,2022-05-09,Premium,7598.67
9662,Jacqueline Garcia,donglenn.9662@example.org,Micronesia,2025-06-27,Basic,234.15
9663,Jasmine Pham,haynesamy.9663@example.com,Netherlands Antilles,2026-05-02,Standard,2684.57
9664,Anthony Kelley,matthewwall.9664@example.net,Bolivia,2024-01-09,Basic,749.61
9665,Joseph Moore,emma28.9665@example.com,Benin,2024-01-30,Standard,1325.78
9666,Tammy King,qrodgers.9666@example.com,Paraguay,2025-01-03,Standard,2757.46
9667,Larry Gardner,gilbert49.9667@example.net,Kenya,2021-08-08,Standard,1517.94
9668,Anthony Foster,kzamora.9668@example.org,France,2021-03-10,Standard,668.17
9669,Paul Jones,steelemark.9669@example.net,Brunei Darussalam,2022-04-19,Standard,2252.07
9670,Mark Mcknight,brian63.9670@example.com,Sweden,2023-03-15,Premium,2825.93
9671,Donald Edwards,owallace.9671@example.com,Lao People's Democratic Republic,2024-12-19,Basic,91.13
9672,Samantha Sanchez,deanna81.9672@example.net,Burkina Faso,2021-09-20,Basic,752.8
9673,Joshua Rios,katherine33.9673@example.com,Guinea,2023-10-11,Standard,1649.34
9674,Jose Santos,kanedavid.9674@example.com,Bolivia,2020-01-09,Standard,945.85
9675,Carrie Huynh,vthomas.9675@example.net,Guadeloupe,2020-03-16,Basic,384.33
9676,Kristy Dennis,awade.9676@example.com,Congo,2026-06-18,Premium,12407.2
9677,Dominic Brooks,natalieschneider.9677@example.net,India,2025-09-07,Standard,1988.96
9678,Angel Ayala,teresaschmidt.9678@example.com,Kenya,2025-10-10,Premium,8268.0
9679,Miguel Mcguire,sdavis.9679@example.net,Bermuda,2022-03-13,Premium,8973.25
9680,Matthew Gardner,williamcooke.9680@example.org,Saint Barthelemy,2023-06-08,Premium,11895.74
9681,Jason Newman,antonio89.9681@example.net,Andorra,2024-07-05,Basic,501.33
9682,Alex Stewart,doylesarah.9682@example.org,Moldova,2021-09-12,Standard,2779.8
9683,Jose Davidson,logannelson.9683@example.org,Guinea-Bissau,2024-12-22,Basic,313.82
9684,Valerie Williams,lindagibson.9684@example.com,Guinea,2024-08-19,Basic,699.75
9685,Ann Vaughn,eenglish.9685@example.net,Norfolk Island,2022-09-21,Premium,19877.93
9686,Brittany Alexander,dosborn.9686@example.net,China,2022-11-27,Basic,271.2
9687,Debra Velazquez,nathan77.9687@example.net,San Marino,2022-01-20,Standard,276.4
9688,Angelica Guzman,boydfrederick.9688@example.org,Brunei Darussalam,2025-05-15,Basic,483.5
9689,John Hicks,ythomas.9689@example.org,Seychelles,2026-08-07,Standard,2730.21
9690,Elizabeth Meyers,hruiz.9690@example.org,Yemen,2026-09-06,Standard,349.49
9691,Deborah Rose,zmason.9691@example.net,Liechtenstein,2025-02-26,Standard,752.02
9692,Melissa Steele,markhudson.9692@example.com,British Virgin Islands,2022-05-02,Basic,540.92
9693,Jeffrey Powell,keith15.9693@example.com,Hong Kong,2025-03-22,Standard,2467.03
9694,Breanna Tucker PhD,zmassey.9694@example.net,Guernsey,2021-08-19,Basic,69.31
9695,Lisa Wagner,melissa14.9695@example.com,Bahrain,2025-12-29,Premium,8547.28
9696,Crystal Garcia,james09.9696@example.net,Morocco,2021-10-14,Standard,868.47
9697,Mrs. Erin Dixon DVM,daniellucas.9697@example.com,Seychelles,2022-09-10,Standard,2901.65
9698,Amanda Porter,jose33.9698@example.net,Netherlands,2020-08-15,Premium,14284.44
9699,Mary Hanson,vasquezglenn.9699@example.org,Samoa,2020-07-17,Premium,10561.49
9700,Paula Rios,elizabeth67.9700@example.org,Tonga,2022-08-20,Standard,2614.59
9701,Melissa Black,kevincabrera.9701@example.org,Botswana,2023-09-05,Basic,430.13
9702,Timothy Green,diamondnorman.9702@example.net,Papua New Guinea,2020-02-12,Basic,729.07
9703,Austin Bruce,lori00.9703@example.com,Norfolk Island,2025-08-28,Standard,868.66
9704,Vincent Harding,smithkatherine.9704@example.org,Palau,2020-10-06,Standard,276.55
9705,Angela Cortez,john63.9705@example.com,Ghana,2026-09-04,Premium,9717.29
9706,Andre Fuller,zguzman.9706@example.org,Micronesia,2021-10-25,Basic,163.42
9707,Deborah Gonzalez,vjacobs.9707@example.org,Lebanon,2022-07-14,Basic,668.58
9708,Cheryl Williams,ramosthomas.9708@example.org,Suriname,2021-01-25,Basic,426.34
9709,Lynn Reynolds,ramirezdaniel.9709@example.org,Aruba,2025-07-06,Basic,230.93
9710,Manuel Hurst,trose.9710@example.net,Faroe Islands,2024-11-22,Standard,2366.01
9711,Rebecca Mccullough,xporter.9711@example.com,Afghanistan,2020-07-10,Standard,1675.28
9712,Tina Brown,antonio08.9712@example.org,Palau,2020-09-14,Basic,402.24
9713,Troy Martinez,robertsmith.9713@example.com,Netherlands,2024-01-27,Premium,5254.22
9714,Aaron Simon,moodymarissa.9714@example.net,Armenia,2025-10-15,Premium,19913.87
9715,Nancy Bruce,roblesfrank.9715@example.org,Czech Republic,2020-09-25,Standard,2045.25
9716,Deborah Johnson,michael45.9716@example.org,Lesotho,2021-06-23,Basic,683.86
9717,Christopher Benjamin,linda59.9717@example.org,Nigeria,2023-08-24,Standard,2327.25
9718,Tiffany Brennan,krista07.9718@example.com,Guam,2020-09-22,Basic,402.35
9719,Katrina Trevino,edwinfisher.9719@example.org,Cook Islands,2022-01-13,Standard,227.25
9720,Robert Torres,ywilliams.9720@example.com,Belize,2020-01-25,Standard,2066.68
9721,Michael Acosta,bherman.9721@example.org,Malaysia,2023-05-03,Standard,482.08
9722,Jessica Mullins,erin84.9722@example.com,Montserrat,2024-10-12,Basic,769.17
9723,Jaime Downs,robertchandler.9723@example.com,Peru,2022-10-03,Standard,897.94
9724,Deanna Wilson,xnichols.9724@example.org,Haiti,2021-09-18,Basic,293.87
9725,Alexis Campbell,donna14.9725@example.com,Andorra,2022-11-02,Standard,1744.37
9726,Kevin Davis,washingtonjake.9726@example.org,Northern Mariana Islands,2023-05-29,Basic,402.09
9727,Philip Boyd,alisonfisher.9727@example.org,Cote d'Ivoire,2021-02-08,Basic,524.12
9728,Jeffery Guerrero,mark01.9728@example.com,Niger,2020-09-29,Standard,2393.65
9729,Erika Taylor,lynn42.9729@example.com,Guyana,2021-03-19,Basic,606.12
9730,Michael Howard,shannonaustin.9730@example.org,Switzerland,2026-08-03,Standard,2742.64
9731,Alexandria Richards,denise44.9731@example.org,Ghana,2024-10-31,Basic,375.93
9732,Rebecca Mathews,diamondstone.9732@example.org,Mozambique,2020-11-02,Basic,427.34
9733,Michael Mendoza,alopez.9733@example.net,Lesotho,2022-01-05,Standard,2647.42
9734,Crystal Castro,dianemorgan.9734@example.net,Norfolk Island,2022-10-02,Standard,990.53
9735,James Harper,john91.9735@example.org,Saint Pierre and Miquelon,2021-03-18,Basic,196.74
9736,Kevin Lucas,oroberts.9736@example.com,American Samoa,2025-09-10,Basic,7.3
9737,Joseph Atkins,umorgan.9737@example.com,Cape Verde,2026-04-15,Standard,2267.75
9738,Andrew Shaw,deborahnelson.9738@example.net,Puerto Rico,2021-08-21,Basic,550.07
9739,Brianna Crawford MD,rebecca74.9739@example.org,Cayman Islands,2020-02-10,Standard,974.82
9740,Shawn Owens,hgomez.9740@example.com,Micronesia,2021-10-13,Standard,563.76
9741,Eric Aguilar,williamsmichael.9741@example.net,Cayman Islands,2023-11-23,Standard,319.09
9742,Claire Howard,jamessims.9742@example.com,Libyan Arab Jamahiriya,2025-05-28,Premium,10781.53
9743,Joseph Curry,jeffreybuchanan.9743@example.net,Macao,2022-04-09,Standard,741.75
9744,Mark Bridges,patricia98.9744@example.org,Libyan Arab Jamahiriya,2021-10-29,Standard,2421.51
9745,Teresa Fox,allison73.9745@example.net,Haiti,2021-08-30,Premium,19100.61
9746,Christopher Ford,schwartzkevin.9746@example.org,Belarus,2020-01-08,Standard,2375.21
9747,Allison Gonzalez,zadkins.9747@example.org,United Arab Emirates,2020-02-04,Basic,681.28
9748,Wesley Ford,sanchezdonna.9748@example.net,China,2022-11-10,Basic,792.63
9749,Ryan Vasquez,rwalker.9749@example.net,Slovakia (Slovak Republic),2024-02-17,Basic,592.65
9750,Amanda Hernandez,rogertodd.9750@example.org,Madagascar,2020-01-31,Standard,1788.51
9751,Renee Jones,jennifer55.9751@example.net,Sao Tome and Principe,2021-05-04,Basic,648.01
9752,Scott Johnson,dsoto.9752@example.net,Moldova,2026-01-30,Premium,12149.33
9753,Michael Jennings,clarkangela.9753@example.org,Ecuador,2026-08-14,Premium,9785.27
9754,Joshua Wagner,msmith.9754@example.com,Seychelles,2024-04-16,Basic,26.0
9755,David Hayes,kimberly87.9755@example.net,Congo,2023-06-27,Standard,2000.35
9756,Michael Johnson,davidrussell.9756@example.org,Central African Republic,2023-11-24,Basic,718.01
9757,Janice Lewis,vmitchell.9757@example.net,South Africa,2022-06-23,Standard,2140.82
9758,Danielle Levine,wayneburns.9758@example.com,French Guiana,2021-05-07,Standard,1331.61
9759,Dustin Ochoa,monicawilliams.9759@example.com,Switzerland,2022-07-07,Standard,1927.32
9760,Tiffany Mitchell,gomezanita.9760@example.org,Azerbaijan,2024-09-05,Premium,16633.21
9761,Lawrence Henson,melissahayes.9761@example.org,Pakistan,2024-06-06,Standard,2339.87
9762,Thomas Sharp,kbartlett.9762@example.org,Oman,2024-07-11,Premium,10841.21
9763,David Mills,ronaldruiz.9763@example.org,Mayotte,2024-01-26,Standard,1212.7
9764,Amanda Thomas,nicolethompson.9764@example.net,Tokelau,2020-05-27,Basic,317.49
9765,Laura Jackson,rubencurtis.9765@example.org,Cape Verde,2024-03-09,Premium,18342.36
9766,Diana Booker,brendawagner.9766@example.com,Norway,2025-11-21,Standard,675.59
9767,Michael Smith,mark22.9767@example.com,Tokelau,2024-05-03,Standard,2616.34
9768,Jeremy Wolfe,ahess.9768@example.com,French Guiana,2023-11-15,Standard,746.79
9769,John Hall,deborah20.9769@example.com,Oman,2021-06-30,Standard,2946.49
9770,David Thompson,emily92.9770@example.net,Niger,2025-04-19,Standard,1455.36
9771,Shelia Reed,daryl86.9771@example.net,Brunei Darussalam,2023-01-07,Basic,586.74
9772,Thomas Gomez,wendyrich.9772@example.net,Korea,2021-10-04,Premium,15128.74
9773,Johnny Hughes,tammy94.9773@example.com,Greece,2023-04-11,Basic,618.02
9774,Derek Scott,andrew75.9774@example.net,Guadeloupe,2020-10-25,Premium,16209.13
9775,Paul Brown,walter50.9775@example.net,Guyana,2026-03-12,Standard,309.41
9776,Jacqueline Francis,laura47.9776@example.net,Algeria,2024-09-11,Standard,965.34
9777,Glenda Pena,rodney53.9777@example.com,Canada,2022-03-08,Premium,6134.77
9778,Keith Holland,penajanice.9778@example.com,Reunion,2025-04-22,Premium,14574.68
9779,Melissa Savage,kim05.9779@example.com,Micronesia,2020-05-12,Premium,14299.71
9780,Carla Garcia,mcaldwell.9780@example.org,Mexico,2022-07-31,Premium,7346.6
9781,Stephen Griffin,ffoster.9781@example.org,Jersey,2024-05-09,Standard,2421.92
9782,Jenny Pitts,victoriamartin.9782@example.net,Saint Helena,2020-02-27,Premium,7609.17
9783,Lauren Dunn,john81.9783@example.net,Svalbard & Jan Mayen Islands,2024-09-26,Basic,274.35
9784,Bobby Meyer,gharvey.9784@example.net,Moldova,2025-06-21,Basic,319.08
9785,Michael Garcia,cynthiahawkins.9785@example.com,Singapore,2023-12-21,Standard,2284.85
9786,Jonathan Fernandez,patriciapowell.9786@example.com,Albania,2021-05-18,Premium,2212.0
9787,John Rivers,amy08.9787@example.org,Thailand,2025-01-03,Standard,2738.1
9788,Paul Davis,bhorton.9788@example.org,Jordan,2022-04-07,Basic,553.64
9789,Rebecca Johnson,oyoung.9789@example.org,United States of America,2024-12-02,Standard,1842.48
9790,Sierra Callahan,amy57.9790@example.net,Poland,2024-03-14,Premium,6271.97
9791,Brian Mitchell,marthaholmes.9791@example.org,Iraq,2020-08-16,Basic,628.41
9792,Jessica Clayton,zaguilar.9792@example.com,Nicaragua,2020-09-01,Standard,2643.81
9793,Tanya Douglas,johnsonkevin.9793@example.org,Bosnia and Herzegovina,2020-02-07,Standard,1604.33
9794,Michael Garcia,valvarado.9794@example.org,Seychelles,2020-06-24,Basic,233.97
9795,Justin Jones,leemelissa.9795@example.com,Afghanistan,2022-01-01,Basic,304.44
9796,Michael Ortega,gklein.9796@example.com,Niger,2020-03-03,Standard,1365.5
9797,Scott Patterson,emartinez.9797@example.com,France,2026-04-10,Standard,1056.56
9798,Erica Peterson,orozcochristian.9798@example.com,Equatorial Guinea,2026-02-16,Standard,2194.13
9799,Nicole Johnson,joseph97.9799@example.org,Taiwan,2021-02-25,Standard,1158.09
9800,Jessica Myers,,Martinique,2022-01-30,Standard,2499.41
9801,Juan Martinez,melissasantiago.9801@example.org,Peru,2024-12-17,Standard,1498.33
9802,Cynthia Russo,mcintyregary.9802@example.org,Saint Barthelemy,2024-06-01,Standard,1961.09
9803,Patrick Patton,sgomez.9803@example.com,Guyana,2023-11-21,Basic,758.36
9804,Robyn Collins,lisathompson.9804@example.net,Congo,2026-08-12,Basic,356.84
9805,Francisco Jordan,kevin78.9805@example.net,Palestinian Territory,2024-03-17,Basic,136.28
9806,Cindy Palmer,henryamanda.9806@example.net,Mali,2024-06-22,Premium,11898.6
9807,Brian Pugh,ashleyball.9807@example.com,Poland,2023-05-11,Standard,1590.69
9808,Diane Green,uyoder.9808@example.net,Andorra,2023-07-06,Standard,2391.23
9809,Jordan Day,haroldgonzalez.9809@example.org,Saint Lucia,2021-12-11,Standard,2608.56
9810,Steven Murphy,farmermadeline.9810@example.com,Mongolia,2023-06-26,Premium,14827.16
9811,Steven Weaver,wardcarolyn.9811@example.com,Spain,2026-02-20,Basic,777.16
9812,David Graham,dacevedo.9812@example.net,Sri Lanka,2022-07-09,Standard,953.75
9813,Shane Fitzpatrick,chelseaadams.9813@example.com,French Guiana,2020-11-21,Premium,6305.52
9814,Joseph Snyder,smithandrew.9814@example.com,Iran,2024-01-04,Standard,1015.6
9815,Terri Lewis,josephromero.9815@example.org,Vanuatu,2025-04-01,Basic,536.73
9816,Joseph Hernandez,johnsonbecky.9816@example.com,Uganda,2026-05-30,Standard,851.11
9817,Jennifer Crawford,meghansnyder.9817@example.org,Bangladesh,2023-08-16,Premium,3591.51
9818,Jodi Hall,michaelstrong.9818@example.org,British Virgin Islands,2025-04-08,Standard,2937.62
9819,Jeremy Townsend,ymurphy.9819@example.com,Palau,2021-09-03,Basic,251.69
9820,Cynthia Cummings,walkerdarren.9820@example.net,Mauritania,2022-11-01,Premium,6003.1
9821,Daniel Aguilar,ernestrichards.9821@example.net,Namibia,2022-10-20,Standard,1204.5
9822,Michael Johnson,scott78.9822@example.org,Heard Island and McDonald Islands,2022-03-22,Basic,126.74
9823,Jennifer Riley,fparker.9823@example.com,Poland,2024-10-14,Basic,28.61
9824,Kimberly Stewart,hsingleton.9824@example.org,Norway,2025-11-27,Premium,7496.9
9825,Dr. Mary Lambert MD,rosevega.9825@example.org,San Marino,2022-03-08,Basic,270.29
9826,Robert Glass DVM,rebeccamiller.9826@example.net,Albania,2020-11-27,Standard,2470.85
9827,Cody Gordon,jacquelinelowery.9827@example.net,Namibia,2025-07-08,Premium,9841.46
9828,Samantha Brown,thomas11.9828@example.org,French Polynesia,2025-09-05,Premium,15261.54
9829,Christopher Dunn,russellbryce.9829@example.org,Suriname,2026-04-02,Standard,2260.0
9830,Sonia Branch,timothy01.9830@example.com,Ireland,2021-09-14,Premium,16201.86
9831,Jeffrey Allen,arodriguez.9831@example.com,Romania,2024-10-21,Basic,734.81
9832,Amber Harris,martinmary.9832@example.com,Norway,2024-10-13,Basic,398.91
9833,Tammy Blake,ncortez.9833@example.net,Jordan,2025-04-13,Premium,3871.16
9834,Jesus Campbell,bthompson.9834@example.net,Taiwan,2025-05-22,Basic,30.93
9835,Andrea Ramos,amyclark.9835@example.net,Papua New Guinea,2026-05-15,Basic,149.53
9836,Joseph Anderson,wwashington.9836@example.com,Tonga,2023-03-10,Premium,16925.81
9837,Patricia Johnson,kirbyjoshua.9837@example.net,Nauru,2020-07-04,Basic,459.48
9838,Jordan Schmidt,josechambers.9838@example.com,Fiji,2021-04-14,Basic,112.09
9839,Heather Mcdonald,meltontiffany.9839@example.net,Antarctica (the territory South of 60 deg S),2025-12-05,Basic,106.11
9840,Leah Rodriguez,rshelton.9840@example.org,Russian Federation,2025-08-24,Standard,2696.21
9841,Julie Michael,rwalker.9841@example.net,China,2020-01-28,Basic,416.02
9842,Lisa Douglas,blacklisa.9842@example.net,Guyana,2022-06-16,Basic,137.52
9843,Leslie Ortiz,fordjustin.9843@example.net,Brunei Darussalam,2021-08-21,Standard,2710.89
9844,Mr. Donald Sims,cooleyamanda.9844@example.com,Nepal,2022-02-22,Standard,2218.04
9845,Joseph Sosa,caleb52.9845@example.org,Oman,2024-04-08,Standard,1537.75
9846,Andrea Long,russovanessa.9846@example.net,Serbia,2023-05-30,Standard,1502.18
9847,Dennis Alexander,grichardson.9847@example.com,Saudi Arabia,2023-03-20,Standard,2083.43
9848,Mario Campbell,johncampbell.9848@example.net,Nigeria,2022-11-28,Premium,8089.57
9849,Alec Reyes,cynthia50.9849@example.org,Slovakia (Slovak Republic),2024-04-15,Basic,799.93
9850,Joan Nixon,warnermary.9850@example.com,Guernsey,2024-07-26,Basic,627.64
9851,Roger Ward,weberphillip.9851@example.org,Puerto Rico,2020-04-16,Standard,1994.69
9852,David Lucero,ricky39.9852@example.net,Svalbard & Jan Mayen Islands,2020-12-01,Standard,2124.87
9853,Nathan Rogers,briannamccarty.9853@example.net,Libyan Arab Jamahiriya,2022-04-13,Premium,19929.51
9854,Linda Ayala,qyoung.9854@example.org,Bangladesh,2022-11-29,Premium,2194.07
9855,Lawrence Villa,johnrobinson.9855@example.org,Kenya,2026-08-29,Standard,263.91
9856,Jonathan Alvarez,dbrewer.9856@example.com,Martinique,2025-12-17,Premium,16130.5
9857,Michael Jenkins,zunigadanielle.9857@example.net,Hungary,2024-05-03,Basic,167.51
9858,Gina Freeman,josephmiller.9858@example.com,Philippines,2020-03-29,Standard,2118.47
9859,Timothy Santos,josephmaddox.9859@example.com,Turkey,2020-09-02,Premium,11060.13
9860,Amy Gonzales,gregory71.9860@example.com,Guam,2023-01-21,Basic,254.94
9861,Nicole Rodriguez,jcain.9861@example.com,Sweden,2023-12-04,Standard,847.75
9862,Sarah Miller,robertrandolph.9862@example.net,Kyrgyz Republic,2024-06-01,Standard,2374.89
9863,Valerie Norris,peggy90.9863@example.net,American Samoa,2020-12-12,Premium,5077.67
9864,Carolyn Rodriguez,grimesmiguel.9864@example.net,United Arab Emirates,2025-12-07,Standard,644.42
9865,Cynthia Carter,wwilliams.9865@example.com,Thailand,2023-04-19,Standard,1437.41
9866,Justin Jones,haleygeorge.9866@example.org,Anguilla,2023-12-21,Basic,95.42
9867,Judy Figueroa,eduardorose.9867@example.net,Nepal,2020-04-05,Standard,1996.23
9868,Karl Melendez,amcintosh.9868@example.org,Cyprus,2025-07-06,Basic,793.58
9869,Michael Martin,wintersalexander.9869@example.org,Cambodia,2023-08-19,Standard,2294.16
9870,John Turner,alan62.9870@example.org,Marshall Islands,2021-06-27,Basic,482.59
9871,Leslie Hunt,zwilliams.9871@example.com,Saint Vincent and the Grenadines,2022-02-17,Standard,1304.99
9872,Scott Jackson,johnvazquez.9872@example.net,American Samoa,2022-05-11,Standard,2966.37
9873,Samantha Hoover,stevenwillis.9873@example.net,Ukraine,2020-03-07,Standard,2663.84
9874,Susan Ayala,brandon82.9874@example.org,Seychelles,2026-04-19,Standard,2497.65
9875,Christopher Frazier,ngriffith.9875@example.org,Liechtenstein,2025-05-14,Premium,6140.12
9876,Chelsea Santana,michellekemp.9876@example.org,French Guiana,2025-12-03,Standard,546.03
9877,Janice Adams,jeremiah40.9877@example.org,New Zealand,2022-05-13,Standard,698.24
9878,Eduardo Thomas,sloanmercedes.9878@example.net,Algeria,2023-09-24,Standard,924.33
9879,Cristina Thomas,vclarke.9879@example.net,Estonia,2023-01-24,Premium,3470.58
9880,Lisa Myers,kathleenschmidt.9880@example.org,Wallis and Futuna,2023-03-07,Premium,17991.6
9881,Michael Harmon,teresa45.9881@example.com,Faroe Islands,2023-12-09,Premium,5333.62
9882,Timothy Jones,robinsonnicole.9882@example.org,Cocos (Keeling) Islands,2023-01-06,Premium,6078.97
9883,Julia Cohen,ian08.9883@example.org,Congo,2025-03-03,Premium,17986.85
9884,Richard Ramirez,christina52.9884@example.org,Palau,2020-05-23,Premium,19246.58
9885,Matthew Dixon,gomezrobert.9885@example.com,Yemen,2021-04-15,Standard,820.99
9886,Bryan Steele,newmankatrina.9886@example.net,Sierra Leone,2025-12-19,Standard,1023.72
9887,Robin Morgan,omiles.9887@example.net,Saint Barthelemy,2025-11-24,Basic,640.08
9888,Alexa Moore,johnsontonya.9888@example.org,Russian Federation,2025-06-20,Basic,776.21
9889,Lauren Garcia,jcarrillo.9889@example.net,Lesotho,2022-06-19,Premium,13694.17
9890,Connor Smith,anthonytracy.9890@example.net,Pitcairn Islands,2023-01-19,Standard,1439.24
9891,Michael Robinson,aprilwhite.9891@example.org,American Samoa,2020-03-02,Standard,2088.82
9892,Carrie Hansen,rodriguezangie.9892@example.org,Chile,2021-11-13,Standard,2384.79
9893,Kimberly Dorsey,mejiasamantha.9893@example.org,Liberia,2024-11-08,Standard,515.44
9894,Kevin Martin,cookpatricia.9894@example.org,Haiti,2022-04-17,Standard,1418.84
9895,Sharon Wheeler,theresa16.9895@example.org,Uzbekistan,2023-03-18,Standard,2600.45
9896,John Perkins,micheal38.9896@example.com,Ghana,2020-10-27,Standard,2175.19
9897,Christina Taylor,erik20.9897@example.com,Mali,2023-04-27,Basic,123.02
9898,Erin Scott,terrancehorton.9898@example.net,New Zealand,2024-10-28,Standard,2314.6
9899,Dr. Jenna Brown DDS,qlewis.9899@example.org,Netherlands Antilles,2023-10-29,Basic,533.95
9900,Allison Rodriguez,william22.9900@example.org,French Guiana,2023-09-21,Basic,211.72
9901,Jessica Brown,kimberlygarcia.9901@example.org,Kenya,2026-02-11,Standard,1163.21
9902,David Martin,mclaughlinstephen.9902@example.org,Botswana,2021-07-25,Basic,251.53
9903,Jacqueline Pittman,sarajohnson.9903@example.net,Costa Rica,2022-01-01,Basic,794.6
9904,Tyler Blake,kimporter.9904@example.org,Tuvalu,2024-03-01,Standard,714.42
9905,Melinda Fowler,christensensharon.9905@example.com,Bouvet Island (Bouvetoya),2023-03-18,Premium,16929.48
9906,Latoya Humphrey,christopher47.9906@example.net,Algeria,2026-07-19,Basic,424.51
9907,Gregory Woodard,jeffrey99.9907@example.net,Swaziland,2020-05-25,Standard,2665.46
9908,Eric Conley,thernandez.9908@example.com,Mali,2020-10-25,Standard,2949.21
9909,Robert Gonzalez,colemanjennifer.9909@example.org,India,2022-04-15,Standard,2891.03
9910,Bradley Key,jorgechen.9910@example.net,Paraguay,2023-01-24,Standard,2591.91
9911,Kevin Wiley,jacquelineberry.9911@example.net,Ethiopia,2025-12-14,Premium,9444.3
9912,Michael Miller,rogersluis.9912@example.net,Cocos (Keeling) Islands,2023-04-21,Basic,217.02
9913,Vanessa Paul,wsmith.9913@example.com,United States Minor Outlying Islands,2022-12-03,Standard,1094.59
9914,Kristin Osborne,rubenroberson.9914@example.org,French Southern Territories,2021-02-11,Standard,2028.79
9915,Johnny Hicks MD,michelle60.9915@example.net,Malta,2022-11-26,Standard,1157.21
9916,Todd Robinson,kcohen.9916@example.net,Congo,2023-07-22,Premium,9828.0
9917,Elizabeth Rios,lori25.9917@example.net,Puerto Rico,2023-11-26,Basic,63.79
9918,Justin Marks,michaelgomez.9918@example.net,Romania,2024-01-19,Standard,2358.83
9919,Daniel Irwin,muellerjeffrey.9919@example.net,Congo,2022-11-15,Standard,512.11
9920,Jonathan Stanley,lewismelanie.9920@example.org,Guadeloupe,2021-01-19,Standard,1143.67
9921,Cathy Dorsey,colejimmy.9921@example.org,Isle of Man,2021-01-07,Basic,472.35
9922,Stephanie Garcia,christianmatthews.9922@example.com,Haiti,2021-01-12,Basic,424.94
9923,Franklin Palmer,pwhite.9923@example.com,Jamaica,2024-02-19,Premium,18076.35
9924,Victoria Cross,hsmith.9924@example.net,Iran,2025-09-22,Standard,2044.33
9925,Kari Estrada,martinezaaron.9925@example.org,United States of America,2025-11-26,Standard,2409.33
9926,Jennifer Newman,michaelfowler.9926@example.net,Thailand,2022-01-30,Basic,242.76
9927,Anthony Schultz,bob85.9927@example.com,Slovakia (Slovak Republic),2020-07-13,Basic,105.81
9928,Hannah Mendoza,huffmanjames.9928@example.com,Bahamas,2024-03-19,Standard,2281.32
9929,Ashley Mullins,steven70.9929@example.org,Benin,2020-04-03,Basic,122.86
9930,Jason Cruz,danielle71.9930@example.org,Jersey,2024-03-10,Standard,2535.67
9931,Lisa Grant,hamiltonedwin.9931@example.net,Senegal,2022-07-24,Standard,2840.45
9932,Kenneth Glenn,brandy56.9932@example.net,Zambia,2025-08-11,Standard,992.2
9933,Paul Adams,debra99.9933@example.org,Lebanon,2024-03-07,Standard,2330.81
9934,Mark Rogers,elizabeth90.9934@example.org,Uganda,2024-12-11,Standard,1424.55
9935,Jane Walker,xscott.9935@example.org,Anguilla,2022-09-17,Standard,1037.19
9936,Carolyn Mccann,adamparker.9936@example.com,Malta,2025-08-14,Basic,344.91
9937,Joseph Goodman,jamessmith.9937@example.net,Poland,2023-07-06,Basic,517.41
9938,Jordan Simpson,carlroberts.9938@example.com,Mauritius,2024-03-06,Standard,2966.59
9939,Tammy Rodriguez,rhonda44.9939@example.org,Nepal,2022-05-30,Standard,1040.12
9940,Lori Porter,webbbrett.9940@example.org,Myanmar,2023-01-02,Basic,564.75
9941,Adam Le,david60.9941@example.org,Croatia,2025-08-13,Premium,8027.66
9942,Guy Collins,mooremonique.9942@example.com,Cape Verde,2022-08-19,Basic,201.12
9943,Brian Rogers,kimberlywolfe.9943@example.org,Lithuania,2020-02-22,Standard,1969.16
9944,Douglas Hernandez,mcculloughchristopher.9944@example.net,Uganda,2022-07-14,Premium,15703.18
9945,David Kemp,randylyons.9945@example.com,Qatar,2022-08-15,Basic,573.91
9946,Cody Suarez,candacehayes.9946@example.org,Netherlands Antilles,2022-10-18,Standard,2839.24
9947,Dave Bennett,maria40.9947@example.net,Malawi,2020-06-21,Premium,3932.65
9948,Alexander Bauer,rberry.9948@example.net,Holy See (Vatican City State),2020-11-11,Premium,11731.95
9949,Misty Franklin,mmcdaniel.9949@example.org,Egypt,2022-03-02,Basic,232.68
9950,Yolanda Cruz,vflores.9950@example.com,Belgium,2022-11-01,Basic,653.57
9951,Donald Nixon,josephhawkins.9951@example.org,Dominica,2020-03-11,Standard,373.67
9952,Casey Ballard,bensonthomas.9952@example.com,Guatemala,2022-08-09,Premium,5164.46
9953,Brent Hudson,fitzgeraldjames.9953@example.com,Bouvet Island (Bouvetoya),2022-02-20,Premium,15896.51
9954,Chase Scott,pbarajas.9954@example.net,Ghana,2020-03-25,Standard,1193.0
9955,Stephanie Miranda,mmay.9955@example.com,North Macedonia,2021-09-03,Standard,2109.04
9956,Ryan Mcdonald,agarner.9956@example.org,Cambodia,2021-11-02,Standard,2995.82
9957,Isaiah Burke,qfoster.9957@example.net,Trinidad and Tobago,2020-12-16,Standard,1487.58
9958,Derek Ortiz,donna31.9958@example.org,Ethiopia,2025-01-10,Standard,1692.36
9959,Kathryn Delgado,brianhayes.9959@example.net,China,2020-06-25,Standard,2930.92
9960,Benjamin Thomas,obrienstephanie.9960@example.net,Malaysia,2023-11-12,Standard,2289.9
9961,Stanley Cunningham,orozcocarlos.9961@example.org,Benin,2024-06-12,Premium,5541.63
9962,Elizabeth Johnson,kirkrobert.9962@example.net,China,2025-05-22,Standard,2452.04
9963,John Sweeney,weissbenjamin.9963@example.net,Somalia,2023-08-25,Standard,1644.4
9964,Matthew Roberts,anitagomez.9964@example.org,Angola,2023-08-18,Standard,2404.63
9965,Elizabeth Elliott,jonesvictoria.9965@example.org,Lithuania,2025-01-31,Premium,12773.95
9966,Dennis Schwartz,jennifer21.9966@example.com,Saint Pierre and Miquelon,2025-09-16,Premium,6091.97
9967,Elizabeth Ellis,shawncastro.9967@example.net,India,2021-05-30,Standard,2480.43
9968,Melissa Phillips,gavinsimmons.9968@example.com,Lebanon,2025-04-27,Standard,205.67
9969,Robin Villa,castilloeric.9969@example.com,Peru,2023-02-03,Standard,2686.48
9970,Robert Hammond,claudia53.9970@example.org,Benin,2020-08-28,Standard,2492.11
9971,Shawn Newman,devans.9971@example.com,Niger,2024-02-04,Standard,2916.39
9972,Lori Cantu,christine07.9972@example.org,Bahamas,2026-07-13,Standard,299.51
9973,Claudia Murillo,psuarez.9973@example.net,Singapore,2020-12-09,Standard,1425.38
9974,Daniel Davis,chanadrian.9974@example.net,Israel,2020-02-06,Premium,5044.37
9975,Sharon Vazquez,elizabethmills.9975@example.com,Niger,2026-02-16,Basic,299.19
9976,Crystal Jones,michellebennett.9976@example.net,Mexico,2023-12-28,Standard,1207.42
9977,John Burton,williamsdavid.9977@example.net,Seychelles,2021-06-19,Basic,478.05
9978,Dillon Gaines,stonetammy.9978@example.net,Nicaragua,2025-04-19,Premium,9873.74
9979,Jesse Keith,rholt.9979@example.net,Korea,2022-08-19,Basic,772.46
9980,Dr. Jack Page,xedwards.9980@example.org,Macao,2022-03-21,Basic,222.22
9981,Michael Pruitt Jr.,sdunn.9981@example.com,Rwanda,2021-12-08,Premium,9537.51
9982,Melissa Cox,millertammy.9982@example.org,Kenya,2024-01-01,Standard,2161.83
9983,Cody Wilson,lrandolph.9983@example.org,Libyan Arab Jamahiriya,2020-11-24,Standard,974.32
9984,Kevin Rodriguez,figueroabeverly.9984@example.com,Suriname,2022-06-03,Standard,2226.67
9985,Christina Hicks,stephanie79.9985@example.com,Burundi,2022-01-15,Standard,2184.39
9986,David Brooks,hcarlson.9986@example.org,Brunei Darussalam,2020-05-28,Basic,569.79
9987,Hannah Roberts,joan40.9987@example.net,Djibouti,2025-02-06,Basic,540.06
9988,Miranda Wilkins,parkernicole.9988@example.com,Portugal,2020-01-21,Basic,653.97
9989,Linda Willis,wadkins.9989@example.org,Uruguay,2026-06-01,Basic,795.95
9990,Joshua Davis,andrew64.9990@example.org,Madagascar,2020-08-19,Basic,44.27
9991,Cody Moore,jbrowning.9991@example.net,Andorra,2022-05-24,Basic,397.72
9992,Deborah Anderson,perezmichele.9992@example.com,British Indian Ocean Territory (Chagos Archipelago),2020-08-28,Standard,2476.63
9993,Olivia Russell,nathan52.9993@example.org,Cambodia,2022-06-14,Basic,0.04
9994,Julia Page,robinjohnson.9994@example.org,Andorra,2024-01-31,Standard,1726.43
9995,Anthony Scott,ijordan.9995@example.com,Grenada,2020-08-01,Premium,13876.37
9996,Amy Ruiz,idaniels.9996@example.net,Liberia,2023-07-08,Standard,736.88
9997,Thomas Martinez,ashley94.9997@example.net,Maldives,2025-02-27,Premium,9214.77
9998,Perry Cherry,paulwhite.9998@example.net,Hong Kong,2023-01-17,Basic,631.56
9999,Jason Quinn,gking.9999@example.net,Antarctica (the territory South of 60 deg S),2020-10-01,Standard,386.71
10000,Susan Henry,mindywhite.10000@example.com,Czech Republic,2024-08-16,Standard,577.63
4462,Christopher Smith,danny57.4462@example.net,Vietnam,2020-08-01,Basic,170.02
7844,Jasmine Moore,matthew17.7844@example.org,Seychelles,2025-10-22,Basic,720.7
1273,Chris Shaw,david81.1273@example.com,Malawi,2021-03-08,Basic,159.48
5130,Jeremy Stokes,skinnerkatherine.5130@example.com,Northern Mariana Islands,2020-01-08,Standard,2227.36
4032,Jennifer Flores,john45.4032@example.org,Croatia,2025-04-13,Standard,1809.52
8825,Alex Velazquez,benjamin34.8825@example.org,Pitcairn Islands,2026-02-26,Standard,1272.24
9093,Alexandra Oliver,julia59.9093@example.com,Austria,2022-02-11,Standard,2477.54
4283,Aaron Banks,johnsoncatherine.4283@example.org,Namibia,2025-08-20,Basic,53.44
3425,Matthew James,chenvictor.3425@example.net,Niger,2022-05-01,Standard,1718.62
5854,Brandy Cox,smithmichael.5854@example.net,North Macedonia,2020-09-28,Premium,13296.59
